id,name,filePath,startLine,endLine,isExported,content,description,parameterCount,returnType
"Method:agents/Base_Agent.py:Base_Agent.__init__#0","__init__","agents/Base_Agent.py",9,27,false,"
class Base_Agent():
    def __init__(self):
        self.action_size = None  # 动作维度
        self.state_size = None  # 状态维度
        self.episode_number = 0  # 周期数
        self.device = torch.device(""cuda:0"" if torch.cuda.is_available() else ""cpu"")  # 设备选择
        print(""选择的设备："", self.device)
        self.turn_off_exploration = False  # 探索控制
        # 通用环境相关参数和周期参数定义
        self.state = None
        self.next_state = None
        self.action = None
        self.reward = None
        self.done = False

        self.episode_states = []
        self.episode_rewards = []
        self.episode_actions = []
        self.episode_next_states = []
        self.episode_dones = []

    def step(self):
","",0,""
"Method:agents/Base_Agent.py:Base_Agent.step#0","step","agents/Base_Agent.py",29,33,true,"        self.episode_dones = []

    def step(self):
        """"""
        在对应智能体中重写step方法
        """"""
        raise ValueError(""step方法需要在对应智能体中重写"")

    def get_state_size(self):
","在对应智能体中重写step方法",0,""
"Method:agents/Base_Agent.py:Base_Agent.get_state_size#0","get_state_size","agents/Base_Agent.py",35,39,true,"        raise ValueError(""step方法需要在对应智能体中重写"")

    def get_state_size(self):
        """"""
        环境状态维度-用于构建神经网络
        """"""
        return ValueError(""该方法需要在对应智能体中重写"")

    def reset_game(self):
","环境状态维度-用于构建神经网络",0,""
"Method:agents/Base_Agent.py:Base_Agent.reset_game#0","reset_game","agents/Base_Agent.py",41,52,true,"        return ValueError(""该方法需要在对应智能体中重写"")

    def reset_game(self):
        """"""重置环境""""""
        self.state = None
        self.next_state = None
        self.action = None
        self.reward = None
        self.done = False
        self.episode_states = []
        self.episode_rewards = []
        self.episode_actions = []
        self.episode_next_states = []
        self.episode_dones = []

    def track_episodes_data(self):
","重置环境",0,""
"Method:agents/Base_Agent.py:Base_Agent.track_episodes_data#0","track_episodes_data","agents/Base_Agent.py",54,60,true,"        self.episode_dones = []

    def track_episodes_data(self):
        """"""保存最近几集的数据""""""
        self.episode_states.append(self.state)
        self.episode_actions.append(self.action)
        self.episode_rewards.append(self.reward)
        self.episode_next_states.append(self.next_state)
        self.episode_dones.append(self.done)

    def enough_experiences_to_learn_from(self, memory, batch_size):
","保存最近几集的数据",0,""
"Method:agents/Base_Agent.py:Base_Agent.enough_experiences_to_learn_from#2","enough_experiences_to_learn_from","agents/Base_Agent.py",62,64,true,"        self.episode_dones.append(self.done)

    def enough_experiences_to_learn_from(self, memory, batch_size):
        """"""布尔值表示内存缓冲区中是否有足够的经验可供学习""""""
        return len(memory) > batch_size

    def save_experience(self, memory=None, experience=None):
","布尔值表示内存缓冲区中是否有足够的经验可供学习",2,""
"Method:agents/Base_Agent.py:Base_Agent.save_experience#2","save_experience","agents/Base_Agent.py",66,70,true,"        return len(memory) > batch_size

    def save_experience(self, memory=None, experience=None):
        """"""将最近的经验保存到内存缓冲区""""""
        if experience is None:
            experience = self.state, self.action, self.reward, self.next_state, self.done
        memory.add_experience(*experience)

    def take_optimisation_step(self, optimizer, network, loss, clipping_norm=None, retain_graph=False):
","将最近的经验保存到内存缓冲区",2,""
"Method:agents/Base_Agent.py:Base_Agent.take_optimisation_step#5","take_optimisation_step","agents/Base_Agent.py",72,81,true,"        memory.add_experience(*experience)

    def take_optimisation_step(self, optimizer, network, loss, clipping_norm=None, retain_graph=False):
        """"""通过计算给定损失的梯度然后更新参数来进行优化步骤""""""
        if not isinstance(network, list):
            network = [network]
        optimizer.zero_grad()  # 重置梯度为 0
        loss.backward(retain_graph=retain_graph)  # 计算梯度
        if clipping_norm is not None:
            for net in network:
                torch.nn.utils.clip_grad_norm_(net.parameters(), clipping_norm)  # 裁剪梯度以帮助稳定训练
        optimizer.step()  # 更新梯度

    def soft_update_of_target_network(self, local_model, target_model, tau=0.005):
","通过计算给定损失的梯度然后更新参数来进行优化步骤",5,""
"Method:agents/Base_Agent.py:Base_Agent.soft_update_of_target_network#3","soft_update_of_target_network","agents/Base_Agent.py",83,86,true,"        optimizer.step()  # 更新梯度

    def soft_update_of_target_network(self, local_model, target_model, tau=0.005):
        """"""软更新目标网络""""""
        for target_param, local_param in zip(target_model.parameters(), local_model.parameters()):
            target_param.data.copy_(tau * local_param.data + (1.0 - tau) * target_param.data)

    def turn_on_any_epsilon_greedy_exploration(self):
","软更新目标网络",3,""
"Method:agents/Base_Agent.py:Base_Agent.turn_on_any_epsilon_greedy_exploration#0","turn_on_any_epsilon_greedy_exploration","agents/Base_Agent.py",88,91,true,"            target_param.data.copy_(tau * local_param.data + (1.0 - tau) * target_param.data)

    def turn_on_any_epsilon_greedy_exploration(self):
        """"""开启所有贪心勘探策略的勘探""""""
        print(""Turning on epsilon greedy exploration"")
        self.turn_off_exploration = False

    def turn_off_any_epsilon_greedy_exploration(self):
","开启所有贪心勘探策略的勘探",0,""
"Method:agents/Base_Agent.py:Base_Agent.turn_off_any_epsilon_greedy_exploration#0","turn_off_any_epsilon_greedy_exploration","agents/Base_Agent.py",93,96,true,"        self.turn_off_exploration = False

    def turn_off_any_epsilon_greedy_exploration(self):
        """"""关闭所有贪心勘探策略下的勘探""""""
        print(""Turning off epsilon greedy exploration"")
        self.turn_off_exploration = True

    def freeze_all_but_output_layers(self, network):
","关闭所有贪心勘探策略下的勘探",0,""
"Method:agents/Base_Agent.py:Base_Agent.freeze_all_but_output_layers#1","freeze_all_but_output_layers","agents/Base_Agent.py",98,106,true,"        self.turn_off_exploration = True

    def freeze_all_but_output_layers(self, network):
        """"""冻结网络除输出层外的所有层""""""
        print(""Freezing hidden layers"")
        for param in network.named_parameters():
            param_name = param[0]
            assert ""hidden"" in param_name or ""output"" in param_name or ""embedding"" in param_name, \
                ""Name {} of network layers not understood"".format(param_name)
            if ""output"" not in param_name:
                param[1].requires_grad = False

    def unfreeze_all_layers(self, network):
","冻结网络除输出层外的所有层",1,""
"Method:agents/Base_Agent.py:Base_Agent.unfreeze_all_layers#1","unfreeze_all_layers","agents/Base_Agent.py",108,112,true,"                param[1].requires_grad = False

    def unfreeze_all_layers(self, network):
        """"""解冻网络的所有层""""""
        print(""Unfreezing all layers"")
        for param in network.parameters():
            param.requires_grad = True

    @staticmethod
","解冻网络的所有层",1,""
"Method:agents/Base_Agent.py:Base_Agent.move_gradients_one_model_to_another#3","move_gradients_one_model_to_another","agents/Base_Agent.py",115,120,true,"
    @staticmethod
    def move_gradients_one_model_to_another(from_model, to_model, set_from_gradients_to_zero=False):
        """"""从from_model复制梯度到to_model""""""
        for from_model, to_model in zip(from_model.parameters(), to_model.parameters()):
            to_model._grad = from_model.grad.clone()
            if set_from_gradients_to_zero:
                from_model._grad = None

    @staticmethod
","从from_model复制梯度到to_model",3,""
"Method:agents/Base_Agent.py:Base_Agent.copy_model_over#2","copy_model_over","agents/Base_Agent.py",123,125,true,"
    @staticmethod
    def copy_model_over(from_model, to_model):
        """"""将模型参数从from_model复制到to_model""""""
        to_model.load_state_dict(from_model.state_dict())

    @staticmethod
","将模型参数从from_model复制到to_model",2,""
"Method:agents/Base_Agent.py:Base_Agent.copy_model_over_dict#2","copy_model_over_dict","agents/Base_Agent.py",128,136,true,"
    @staticmethod
    def copy_model_over_dict(from_model, to_model):
        """"""将模型参数从from_model复制到to_model""""""
        # 复制模型参数
        to_model_state_dict = to_model.state_dict()
        from_model_state_dict = from_model.state_dict()
        # 更新to_model的参数为from_model的参数
        to_model_state_dict.update(from_model_state_dict)
        # 加载更新后的参数到to_model
        to_model.load_state_dict(to_model_state_dict)

","将模型参数从from_model复制到to_model",2,""
"Method:agents/HMPSAC/A2C_v5.1.py:TaskPolicyNet.__init__#4","__init__","agents/HMPSAC/A2C_v5.1.py",35,45,false,"# 构建工序策略网络类
class TaskPolicyNet(nn.Module):
    def __init__(self, input_size_1, hidden_size, hidden_layer_1, output_size_1):
        super(TaskPolicyNet, self).__init__()
        self.name = ""task_policy""
        # 定义工序策略网络输入层
        self.layers_1 = nn.ModuleList([nn.Linear(input_size_1, hidden_size), nn.ReLU()])
        # 定义工序策略网络隐藏层
        for i in range(hidden_layer_1 - 1):
            self.layers_1.append(nn.Linear(hidden_size, hidden_size))
            self.layers_1.append(nn.ReLU())
        # 定义工序策略网络输出层
        self.layers_1.append(nn.Linear(hidden_size, output_size_1))

    def forward(self, x):
","",4,""
"Method:agents/HMPSAC/A2C_v5.1.py:TaskPolicyNet.forward#1","forward","agents/HMPSAC/A2C_v5.1.py",47,51,true,"        self.layers_1.append(nn.Linear(hidden_size, output_size_1))

    def forward(self, x):
        for layer in self.layers_1:
            x = layer(x)
        x = F.softmax(x, dim=-1)
        return x


","",1,""
"Method:agents/HMPSAC/A2C_v5.1.py:MachinePolicyNet.__init__#4","__init__","agents/HMPSAC/A2C_v5.1.py",56,66,false,"# 构建机器策略网络类
class MachinePolicyNet(nn.Module):
    def __init__(self, input_size_2, hidden_size, hidden_layer_2, output_size_2):
        super(MachinePolicyNet, self).__init__()
        self.name = ""machine_policy""
        # 定义机器策略网络输入层
        self.layers_2 = nn.ModuleList([nn.Linear(input_size_2, hidden_size), nn.ReLU()])
        # 定义机器策略网络隐藏层
        for i in range(hidden_layer_2 - 1):
            self.layers_2.append(nn.Linear(hidden_size, hidden_size))
            self.layers_2.append(nn.ReLU())
        # 定义机器策略网络输出层
        self.layers_2.append(nn.Linear(hidden_size, output_size_2))

    def forward(self, x):
","",4,""
"Method:agents/HMPSAC/A2C_v5.1.py:MachinePolicyNet.forward#1","forward","agents/HMPSAC/A2C_v5.1.py",68,72,true,"        self.layers_2.append(nn.Linear(hidden_size, output_size_2))

    def forward(self, x):
        for layer in self.layers_2:
            x = layer(x)
        x = F.softmax(x, dim=-1)
        return x


","",1,""
"Method:agents/HMPSAC/A2C_v5.1.py:CriticNet.__init__#4","__init__","agents/HMPSAC/A2C_v5.1.py",77,86,false,"# 构建评论家网络
class CriticNet(nn.Module):
    def __init__(self, input_size, hidden_size, hidden_layer, output_size):
        super(CriticNet, self).__init__()
        # 定义评论家网络输入层
        self.layers = nn.ModuleList([nn.Linear(input_size, hidden_size), nn.ReLU()])
        # 定义评论家网络隐藏层
        for i in range(hidden_layer - 1):
            self.layers.append(nn.Linear(hidden_size, hidden_size))
            self.layers.append(nn.ReLU())
        # 定义评论家网络输出层
        self.layers.append(nn.Linear(hidden_size, output_size))

    def forward(self, x):
","",4,""
"Method:agents/HMPSAC/A2C_v5.1.py:CriticNet.forward#1","forward","agents/HMPSAC/A2C_v5.1.py",88,91,true,"        self.layers.append(nn.Linear(hidden_size, output_size))

    def forward(self, x):
        for layer in self.layers:
            x = layer(x)
        return x


","",1,""
"Method:agents/HMPSAC/A2C_v5.1.py:DA3C.__init__#0","__init__","agents/HMPSAC/A2C_v5.1.py",98,122,false,"    agent_name = ""DA3C""

    def __init__(self):
        Base_Agent.__init__(self)  # 继承基础智能体类
        Config.__init__(self)  # 继承算法超参数类
        self.num_processes = multiprocessing.cpu_count()  # 电脑线程数量|四核八线程
        self.worker_processes = max(1, self.num_processes - 5)  # 启用线程数
        self.path = 'D:/Python project/HMPSAC_Fluid_Model_MOMDFJSP/data/HMPSAC'  # 测试算例的存储位置
        self.file_name = 'DDT1.0_M15_S3'  # 测试算例的文件夹名字
        self.environment_test = MO_DFJSP_Environment(use_instance=False, path=self.path, file_name=self.file_name)  # 测试环境
        self.config = Config
        # 超参数
        self.learning_rate = self.hyper_parameters[""DA3C""][""learning_rate""]  # 学习率
        self.discount_rate = self.hyper_parameters[""DA3C""][""discount_rate""]  # 折扣率
        self.num_episodes_to_run = self.hyper_parameters[""DA3C""][""num_episodes_to_run""]  # 总的步数
        self.epsilon_decay_rate_denominator = self.hyper_parameters[""DA3C""][""epsilon_decay_rate_denominator""]
        # 初始化锁对象 用来更新全局网络参数
        self.optimizer_lock = None
        # 定义策略网络和评论家网络
        self.actor_task_model = TaskPolicyNet(input_size_1=30, hidden_size=200, hidden_layer_1=3, output_size_1=12)
        self.actor_machine_model = MachinePolicyNet(input_size_2=31, hidden_size=200, hidden_layer_2=3, output_size_2=10)
        self.critic_model = CriticNet(input_size=30, hidden_size=200, hidden_layer=3, output_size=1)
        # 定义优化器
        self.actor_task_optimizer = SharedAdam(self.actor_task_model.parameters(), lr=self.learning_rate, eps=1e-4)
        self.actor_machine_optimizer = SharedAdam(self.actor_machine_model.parameters(), lr=self.learning_rate, eps=1e-4)
        self.critic_optimizer = SharedAdam(self.critic_model.parameters(), lr=self.learning_rate, eps=1e-4)
        self.episode_number = 0  # 当前训练周期

    def run_n_episodes(self):
","",0,""
"Method:agents/HMPSAC/A2C_v5.1.py:DA3C.run_n_episodes#0","run_n_episodes","agents/HMPSAC/A2C_v5.1.py",124,161,true,"        self.episode_number = 0  # 当前训练周期

    def run_n_episodes(self):
        """"""运行环境n次直到完成，然后总结结果并保存模型(如果要求的话)""""""
        start = time.time()
        gradient_updates_queue_actor_task = Queue()
        gradient_updates_queue_actor_machine = Queue()
        gradient_updates_queue_critic = Queue()
        self.episode_number = multiprocessing.Value('i', 0)  # 多线程共享整数型+初始值为0的参数
        self.optimizer_lock = multiprocessing.Lock()   # 创建锁对象，用于更新全局网络参数
        episodes_per_process = int(self.num_episodes_to_run / self.worker_processes) + 1
        processes = []  # 初始化线程列表
        self.actor_task_model.share_memory()
        self.actor_machine_model.share_memory()
        self.critic_model.share_memory()
        self.actor_task_optimizer.share_memory()
        self.actor_machine_optimizer.share_memory()
        self.critic_optimizer.share_memory()
        optimizer_worker = multiprocessing.Process(target=self.update_shared_model,
                                                   args=(gradient_updates_queue_actor_task,
                                                         gradient_updates_queue_actor_machine,
                                                         gradient_updates_queue_critic))
        optimizer_worker.start()  # 启动总梯度更新主线程

        for process_num in range(self.worker_processes):
            worker = Actor_Critic_Worker(process_num, self.actor_task_model, self.actor_machine_model, self.critic_model,
                                         self.episode_number, self.optimizer_lock, self.actor_task_optimizer,
                                         self.actor_machine_optimizer, self.critic_optimizer, self.hyper_parameters,
                                         episodes_per_process, self.epsilon_decay_rate_denominator,
                                         copy.deepcopy(self.actor_task_model), copy.deepcopy(self.actor_machine_model),
                                         copy.deepcopy(self.critic_model), gradient_updates_queue_actor_task,
                                         gradient_updates_queue_actor_machine, gradient_updates_queue_critic,
                                         self.environment_test)
            worker.start()  # 启动各子线程run()函数
            processes.append(worker)
        for worker in processes:
            worker.join()  # 让子线程结束后主线程再结束
        optimizer_worker.terminate()  # 主线程退出
        time_taken = time.time() - start
        return time_taken

    def update_shared_model(self, gradient_updates_queue_actor_task,
","运行环境n次直到完成，然后总结结果并保存模型(如果要求的话)",0,""
"Method:agents/HMPSAC/A2C_v5.1.py:DA3C.update_shared_model#3","update_shared_model","agents/HMPSAC/A2C_v5.1.py",163,186,true,"        return time_taken

    def update_shared_model(self, gradient_updates_queue_actor_task,
                            gradient_updates_queue_actor_machine,
                            gradient_updates_queue_critic):
        """"""收到工作线程的梯度{信息传入队列}，更新全局网络梯度""""""
        while True:
            gradients_actor_task = gradient_updates_queue_actor_task.get()
            gradients_actor_machine = gradient_updates_queue_actor_machine.get()
            gradients_critic = gradient_updates_queue_critic.get()
            with self.optimizer_lock:
                # 更新工序策略网络梯度
                self.actor_task_optimizer.zero_grad()
                for grads, params in zip(gradients_actor_task, self.actor_task_model.parameters()):
                    params._grad = grads  # maybe need to do grads.clone()  # 子线程梯度值传递给全局网络参数
                self.actor_task_optimizer.step()  # 依据传递的新的梯度值更新参数
                # 更新机器策略网络梯度
                self.actor_machine_optimizer.zero_grad()
                for grads, params in zip(gradients_actor_machine, self.actor_machine_model.parameters()):
                    params._grad = grads  # maybe need to do grads.clone()  # 子线程梯度值传递给全局网络参数
                self.actor_machine_optimizer.step()  # 依据传递的新的梯度值更新参数
                # 更新全局评论家网络梯度
                self.critic_optimizer.zero_grad()
                for grads, params in zip(gradients_critic, self.critic_model.parameters()):
                    params._grad = grads
                self.critic_optimizer.step()  # 依据传递的新的梯度值更新参数


","收到工作线程的梯度{信息传入队列}，更新全局网络梯度",3,""
"Method:agents/HMPSAC/A2C_v5.1.py:Actor_Critic_Worker.__init__#19","__init__","agents/HMPSAC/A2C_v5.1.py",191,232,false,"class Actor_Critic_Worker(torch.multiprocessing.Process):
    """"""演员评论工作者将玩游戏的指定集数 """"""
    def __init__(self, worker_num, actor_task_model, actor_machine_model, critic_model, counter, optimizer_lock,
                 actor_task_optimizer, actor_machine_optimizer, critic_optimizer, hyper_parameter, episodes_to_run,
                 epsilon_decay_denominator, local_actor_task_model, local_actor_machine_model, local_critic_model,
                 gradient_updates_queue_actor_task, gradient_updates_queue_actor_machine,
                 gradient_updates_queue_critic, environment_test):
        torch.multiprocessing.Process.__init__(self)
        self.environment_test = environment_test  # 初始化环境对象
        self.environment = None  # 初始化训练环境对象
        self.action_types = self.environment_test.action_types  # 动作类型
        self.worker_num = worker_num  # 线程数
        self.gradient_clipping_norm = hyper_parameter[""DA3C""][""gradient_clipping_norm""]  # 梯度裁剪值
        self.discount_rate = hyper_parameter[""DA3C""][""discount_rate""]  # 折扣率
        self.exploration_worker_difference = hyper_parameter[""DA3C""][""exploration_worker_difference""]
        self.normalise_rewards = True  # 标准化回报
        self.actions_size = self.environment_test.actions_size  # 二维离散动作[12, 10]
        self.actor_task_model = actor_task_model  # 工序策略网络
        self.actor_machine_model = actor_machine_model  # 机器策略网络
        self.critic_model = critic_model  # 全局评论家网络
        self.local_actor_task_model = local_actor_task_model  # 局部工序策略网络
        self.local_actor_machine_model = local_actor_machine_model  # 局部机器策略网络
        self.local_critic_model = local_critic_model  # 局部评论家网络
        self.local_actor_task_optimizer = Adam(self.local_actor_task_model.parameters(), lr=0.0, eps=1e-4)
        self.local_actor_machine_optimizer = Adam(self.local_actor_machine_model.parameters(), lr=0.0, eps=1e-4)
        self.local_critic_optimizer = Adam(self.local_critic_model.parameters(), lr=0.0, eps=1e-4)
        self.counter = counter
        self.optimizer_lock = optimizer_lock
        self.actor_task_optimizer = actor_task_optimizer
        self.actor_machine_optimizer = actor_machine_optimizer
        self.critic_optimizer = critic_optimizer
        self.episodes_to_run = episodes_to_run  # 周期总数
        self.epsilon_decay_denominator = epsilon_decay_denominator
        self.episode_number = 0  # 子线程周期数
        self.gradient_updates_queue_actor_task = gradient_updates_queue_actor_task
        self.gradient_updates_queue_actor_machine = gradient_updates_queue_actor_machine
        self.gradient_updates_queue_critic = gradient_updates_queue_critic
        self.episode_states = []  # 状态列表
        self.episode_actions = []  # 动作列表
        self.episode_rewards = []  # 回报列表
        self.episode_log_action_task_probabilities = []  # 动作log概率列表
        self.episode_log_action_machine_probabilities = []  # 机器策略网络动作log概率列表
        self.critic_outputs = []  # 评论家输出的V值列表
        self.objective_min = float('inf')  # 最小目标值

    def save_actor_model(self, save_model_boole=True):
","",19,""
"Method:agents/HMPSAC/A2C_v5.1.py:Actor_Critic_Worker.save_actor_model#1","save_actor_model","agents/HMPSAC/A2C_v5.1.py",234,242,true,"        self.objective_min = float('inf')  # 最小目标值

    def save_actor_model(self, save_model_boole=True):
        """"""保存全局策略网络""""""
        file_path = 'D:/Python project/HMPSAC_Fluid_Model_MOMDFJSP/results/HMPSAC/policy_networks' + agent_version + '/'
        if save_model_boole:
            torch.save(self.actor_task_model.state_dict(), file_path + 'actor_task_model.path')
            torch.save(self.actor_machine_model.state_dict(), file_path + 'actor_machine_model.path')
            print('保存一次模型')
        else:
            print(""该训练过程未保存模型"")

    def generated_new_environment(self):
","保存全局策略网络",1,""
"Method:agents/HMPSAC/A2C_v5.1.py:Actor_Critic_Worker.generated_new_environment#0","generated_new_environment","agents/HMPSAC/A2C_v5.1.py",244,249,true,"            print(""该训练过程未保存模型"")

    def generated_new_environment(self):
        """"""返回新环境对象""""""
        DDT = random.uniform(0.5, 1.5)
        M = random.randint(10, 20)
        S = random.randint(1, 5)
        return MO_DFJSP_Environment(use_instance=True, DDT=DDT, M=M, S=S)

    def run(self):
","返回新环境对象",0,""
"Method:agents/HMPSAC/A2C_v5.1.py:Actor_Critic_Worker.run#0","run","agents/HMPSAC/A2C_v5.1.py",251,307,true,"        return MO_DFJSP_Environment(use_instance=True, DDT=DDT, M=M, S=S)

    def run(self):
        """"""开启工作线程""""""
        torch.set_num_threads(1)
        for ep_ix in range(self.episodes_to_run):
            self.environment = self.generated_new_environment()  # 重新随机初始化
            # self.environment = self.environment_test  # 初始化训练环境对象
            with self.optimizer_lock:  # 锁定网络更新线程网络参数
                Base_Agent.copy_model_over(self.actor_task_model, self.local_actor_task_model)
                Base_Agent.copy_model_over(self.actor_machine_model, self.local_actor_machine_model)
                Base_Agent.copy_model_over(self.critic_model, self.local_critic_model)
            epsilon_exploration = self.calculate_new_exploration()  # 计算新的探索参数
            state = self.environment.reset()  # 初始化状态
            done = False
            self.episode_states = []  # 状态列表
            self.episode_actions = []  # 动作列表
            self.episode_rewards = []  # 回报列表
            self.episode_log_action_task_probabilities = []  # 工序策略网络动作log概率列表
            self.episode_log_action_machine_probabilities = []  # 机器策略网络动作log概率列表
            self.critic_outputs = []  # 评论家输出的V值列表
            # 采样一条轨迹
            while not done:
                action_task, action_task_log_prob = self.pick_action_and_log_prob(self.local_actor_task_model, state, epsilon_exploration)
                state_add = np.append(state, action_task)  # 带选择的工序规则信息的状态
                action_machine, action_machine_log_prob = self.pick_action_and_log_prob(self.local_actor_machine_model, state_add, epsilon_exploration)
                critic_outputs = self.get_critic_value(self.local_critic_model, state)
                actions = np.array([action_task, action_machine])  # 二维离散动作
                next_state, reward, done = self.environment.step(actions, reward_policy=0)
                self.episode_states.append(state)
                self.episode_actions.append(actions)
                self.episode_rewards.append(reward)
                self.episode_log_action_task_probabilities.append(action_task_log_prob)
                self.episode_log_action_machine_probabilities.append(action_machine_log_prob)
                self.critic_outputs.append(critic_outputs)
                state = next_state
            # 计算损失和优势函数，并传入梯度值
            critic_loss, actor_task_loss, actor_machine_loss = self.calculate_total_loss()
            self.put_gradients_in_queue(critic_loss, actor_task_loss, actor_machine_loss)
            self.episode_number += 1
            # 每间隔1个周期运行一次测试算例并动态绘制目标值曲线
            with self.counter.get_lock():
                self.counter.value += 1
                state = self.environment_test.reset()
                while not self.environment_test.done:
                    action_task = self.pick_action(self.actor_task_model, state)
                    state_add = np.append(state, action_task)  # 带选择的工序规则信息的状态
                    action_machine = \
                        self.pick_action(self.actor_machine_model, state_add)
                    actions = np.array([action_task, action_machine])  # 二维离散动作
                    next_state, reward, done = self.environment_test.step(actions, reward_policy=0)
                    state = next_state
                vis.line(X=[self.counter.value], Y=[self.environment_test.completion_time], win=win, update='append')
                print(""目标值："", self.environment_test.completion_time)
                add_data_object.add_data([self.counter.value, self.environment_test.completion_time])  # 保存数据
                # 保存模型
                if self.environment_test.completion_time < self.objective_min:
                    self.save_actor_model()
                    self.objective_min = self.environment_test.completion_time

    def calculate_new_exploration(self):
","开启工作线程",0,""
"Method:agents/HMPSAC/A2C_v5.1.py:Actor_Critic_Worker.calculate_new_exploration#0","calculate_new_exploration","agents/HMPSAC/A2C_v5.1.py",309,315,true,"                    self.objective_min = self.environment_test.completion_time

    def calculate_new_exploration(self):
        """"""计算新的勘探参数。它在当前的上下3X范围内随机选取一个点""""""
        with self.counter.get_lock():
            epsilon = 1.0 / (1.0 + (self.counter.value / self.epsilon_decay_denominator))
        epsilon = max(0.0, random.uniform(epsilon / self.exploration_worker_difference,
                                          epsilon * self.exploration_worker_difference))
        return epsilon

    def pick_action_and_log_prob(self, policy, state, epsilon_exploration=None):
","计算新的勘探参数。它在当前的上下3X范围内随机选取一个点",0,""
"Method:agents/HMPSAC/A2C_v5.1.py:Actor_Critic_Worker.pick_action_and_log_prob#3","pick_action_and_log_prob","agents/HMPSAC/A2C_v5.1.py",317,334,true,"        return epsilon

    def pick_action_and_log_prob(self, policy, state, epsilon_exploration=None):
        """"""使用策略选择一个动作""""""
        state = torch.from_numpy(state).float().unsqueeze(0)  # 状态转为tensor类型
        actor_output = policy.forward(state)
        if policy.name == ""task_policy"":
            action_size = self.actions_size[0]
        else:
            action_size = self.actions_size[1]
        # 动作分布实例
        action_distribution = create_actor_distribution(self.action_types, actor_output, action_size)  # 动作分布实例
        action = action_distribution.sample().cpu().numpy()  # 采样一个动作
        if self.action_types == ""DISCRETE"":
            if random.random() <= epsilon_exploration:
                action = random.randint(0, action_size - 1)
            else:
                action = action[0]
        action_log_prob = self.calculate_log_action_probability(action, action_distribution)
        return action, action_log_prob

    def pick_action(self, policy, state):
","使用策略选择一个动作",3,""
"Method:agents/HMPSAC/A2C_v5.1.py:Actor_Critic_Worker.pick_action#2","pick_action","agents/HMPSAC/A2C_v5.1.py",336,348,true,"        return action, action_log_prob

    def pick_action(self, policy, state):
        """"""贪婪的选择动作""""""
        state = torch.from_numpy(state).float().unsqueeze(0)  # 状态转为tensor类型
        actor_output = policy.forward(state)
        if policy.name == ""task_policy"":
            action_size = self.actions_size[0]
        else:
            action_size = self.actions_size[1]
        # 动作分布实例
        action_distribution = create_actor_distribution(self.action_types, actor_output, action_size)  # 动作分布实例
        action = action_distribution.sample().cpu().numpy()  # 采样一个动作
        action = action[0]
        return action

    def get_critic_value(self, policy, state):
","贪婪的选择动作",2,""
"Method:agents/HMPSAC/A2C_v5.1.py:Actor_Critic_Worker.get_critic_value#2","get_critic_value","agents/HMPSAC/A2C_v5.1.py",350,354,true,"        return action

    def get_critic_value(self, policy, state):
        """"""返回评论家网络值""""""
        state = torch.from_numpy(state).float().unsqueeze(0)  # 状态转为tensor类型
        critic_output = policy.forward(state)
        return critic_output

    def calculate_log_action_probability(self, actions, action_distribution):
","返回评论家网络值",2,""
"Method:agents/HMPSAC/A2C_v5.1.py:Actor_Critic_Worker.calculate_log_action_probability#2","calculate_log_action_probability","agents/HMPSAC/A2C_v5.1.py",356,360,true,"        return critic_output

    def calculate_log_action_probability(self, actions, action_distribution):
        """"""计算所选动作的log概率""""""
        actions = torch.Tensor([actions])
        policy_distribution_log_prob = action_distribution.log_prob(actions)
        return policy_distribution_log_prob

    def calculate_total_loss(self):
","计算所选动作的log概率",2,""
"Method:agents/HMPSAC/A2C_v5.1.py:Actor_Critic_Worker.calculate_total_loss#0","calculate_total_loss","agents/HMPSAC/A2C_v5.1.py",362,370,true,"        return policy_distribution_log_prob

    def calculate_total_loss(self):
        """"""计算策略网络损失和评论家损失之和""""""
        discounted_returns = self.calculate_discounted_returns()
        if self.normalise_rewards:
            discounted_returns = self.normalise_discounted_returns(discounted_returns)
        critic_loss, advantages = self.calculate_critic_loss_and_advantages(discounted_returns)  # 计算评论家损失和优势函数
        actor_task_loss = self.calculate_actor_loss(advantages, self.episode_log_action_task_probabilities)
        actor_machine_loss = self.calculate_actor_loss(advantages, self.episode_log_action_machine_probabilities)
        return critic_loss, actor_task_loss, actor_machine_loss

    def calculate_discounted_returns(self):
","计算策略网络损失和评论家损失之和",0,""
"Method:agents/HMPSAC/A2C_v5.1.py:Actor_Critic_Worker.calculate_discounted_returns#0","calculate_discounted_returns","agents/HMPSAC/A2C_v5.1.py",372,382,true,"        return critic_loss, actor_task_loss, actor_machine_loss

    def calculate_discounted_returns(self):
        """"""
        计算一集的累计折现收益，然后我们将在学习迭代中使用：蒙特卡洛估计计算V(s)_target值
        """"""
        discounted_returns = [0]
        for ix in range(len(self.episode_states)):
            return_value = self.episode_rewards[-(ix + 1)] + self.discount_rate*discounted_returns[-1]
            discounted_returns.append(return_value)
        discounted_returns = discounted_returns[1:]
        discounted_returns = discounted_returns[::-1]
        return discounted_returns

    def normalise_discounted_returns(self, discounted_returns):
","计算一集的累计折现收益，然后我们将在学习迭代中使用：蒙特卡洛估计计算V(s)_target值",0,""
"Method:agents/HMPSAC/A2C_v5.1.py:Actor_Critic_Worker.normalise_discounted_returns#1","normalise_discounted_returns","agents/HMPSAC/A2C_v5.1.py",384,390,true,"        return discounted_returns

    def normalise_discounted_returns(self, discounted_returns):
        """"""通过回报的均值和标准差，使回报均值为0标准差为1""""""
        mean = np.mean(discounted_returns)
        std = np.std(discounted_returns)
        discounted_returns -= mean
        discounted_returns /= (std + 1e-5)
        return discounted_returns

    def normalization_discounted_returns(self, discounted_returns):
","通过回报的均值和标准差，使回报均值为0标准差为1",1,""
"Method:agents/HMPSAC/A2C_v5.1.py:Actor_Critic_Worker.normalization_discounted_returns#1","normalization_discounted_returns","agents/HMPSAC/A2C_v5.1.py",392,399,true,"        return discounted_returns

    def normalization_discounted_returns(self, discounted_returns):
        """"""归一化每个环境下的回报值，抵消不同环境对累计回报的影响""""""
        min_value = np.min(discounted_returns)
        max_value = np.max(discounted_returns)
        discounted_returns = discounted_returns + abs(min_value)
        range_value = max_value - min_value
        discounted_returns = discounted_returns/range_value
        return discounted_returns

    def calculate_critic_loss_and_advantages(self, all_discounted_returns):
","归一化每个环境下的回报值，抵消不同环境对累计回报的影响",1,""
"Method:agents/HMPSAC/A2C_v5.1.py:Actor_Critic_Worker.calculate_critic_loss_and_advantages#1","calculate_critic_loss_and_advantages","agents/HMPSAC/A2C_v5.1.py",401,408,true,"        return discounted_returns

    def calculate_critic_loss_and_advantages(self, all_discounted_returns):
        """"""计算评论家的损失和优势""""""
        critic_values = torch.cat(self.critic_outputs)
        advantages = torch.Tensor(all_discounted_returns) - critic_values  # 计算优势函数值|V(s_t)_target - V(s_t)_critic
        advantages = advantages.detach()
        critic_loss = (torch.Tensor(all_discounted_returns) - critic_values)**2
        critic_loss = critic_loss.mean()
        return critic_loss, advantages

    def calculate_actor_loss(self, advantages, episode_log_action_probabilities):
","计算评论家的损失和优势",1,""
"Method:agents/HMPSAC/A2C_v5.1.py:Actor_Critic_Worker.calculate_actor_loss#2","calculate_actor_loss","agents/HMPSAC/A2C_v5.1.py",410,415,true,"        return critic_loss, advantages

    def calculate_actor_loss(self, advantages, episode_log_action_probabilities):
        """"""计算参与者的损失""""""
        action_log_probabilities_for_all_episodes = torch.cat(episode_log_action_probabilities)
        actor_loss = -1.0 * action_log_probabilities_for_all_episodes * advantages
        actor_loss = actor_loss.mean()
        return actor_loss

    def put_gradients_in_queue(self, critic_loss, actor_task_loss, actor_machine_loss):
","计算参与者的损失",2,""
"Method:agents/HMPSAC/A2C_v5.1.py:Actor_Critic_Worker.put_gradients_in_queue#3","put_gradients_in_queue","agents/HMPSAC/A2C_v5.1.py",417,436,true,"        return actor_loss

    def put_gradients_in_queue(self, critic_loss, actor_task_loss, actor_machine_loss):
        """"""将梯度放入队列中，以供优化过程用于更新共享模型""""""
        # 线程工序策略网络梯度加入队列
        self.local_actor_task_optimizer.zero_grad()
        actor_task_loss.backward()
        torch.nn.utils.clip_grad_norm_(self.local_actor_task_model.parameters(), self.gradient_clipping_norm)  # 梯度裁剪
        gradients = [param.grad.clone() for param in self.local_actor_task_model.parameters()]  # 线程子网络梯度
        self.gradient_updates_queue_actor_task.put(gradients)
        # 线程机器策略网络梯度加入队列
        self.local_actor_machine_optimizer.zero_grad()
        actor_machine_loss.backward()
        torch.nn.utils.clip_grad_norm_(self.local_actor_machine_model.parameters(), self.gradient_clipping_norm)  # 梯度裁剪
        gradients = [param.grad.clone() for param in self.local_actor_machine_model.parameters()]  # 线程子网络梯度
        self.gradient_updates_queue_actor_machine.put(gradients)
        # 线程机器策略网络梯度加入队列
        self.local_critic_optimizer.zero_grad()
        critic_loss.backward()
        torch.nn.utils.clip_grad_norm_(self.local_critic_model.parameters(), self.gradient_clipping_norm)  # 梯度裁剪
        gradients = [param.grad.clone() for param in self.local_critic_model.parameters()]  # 线程子网络梯度
        self.gradient_updates_queue_critic.put(gradients)


","将梯度放入队列中，以供优化过程用于更新共享模型",3,""
"Method:agents/HMPSAC/A2C_v5.2.py:TaskPolicyNet.__init__#4","__init__","agents/HMPSAC/A2C_v5.2.py",35,45,false,"# 构建工序策略网络类
class TaskPolicyNet(nn.Module):
    def __init__(self, input_size_1, hidden_size, hidden_layer_1, output_size_1):
        super(TaskPolicyNet, self).__init__()
        self.name = ""task_policy""
        # 定义工序策略网络输入层
        self.layers_1 = nn.ModuleList([nn.Linear(input_size_1, hidden_size), nn.ReLU()])
        # 定义工序策略网络隐藏层
        for i in range(hidden_layer_1 - 1):
            self.layers_1.append(nn.Linear(hidden_size, hidden_size))
            self.layers_1.append(nn.ReLU())
        # 定义工序策略网络输出层
        self.layers_1.append(nn.Linear(hidden_size, output_size_1))

    def forward(self, x):
","",4,""
"Method:agents/HMPSAC/A2C_v5.2.py:TaskPolicyNet.forward#1","forward","agents/HMPSAC/A2C_v5.2.py",47,51,true,"        self.layers_1.append(nn.Linear(hidden_size, output_size_1))

    def forward(self, x):
        for layer in self.layers_1:
            x = layer(x)
        x = F.softmax(x, dim=-1)
        return x


","",1,""
"Method:agents/HMPSAC/A2C_v5.2.py:MachinePolicyNet.__init__#4","__init__","agents/HMPSAC/A2C_v5.2.py",56,66,false,"# 构建机器策略网络类
class MachinePolicyNet(nn.Module):
    def __init__(self, input_size_2, hidden_size, hidden_layer_2, output_size_2):
        super(MachinePolicyNet, self).__init__()
        self.name = ""machine_policy""
        # 定义机器策略网络输入层
        self.layers_2 = nn.ModuleList([nn.Linear(input_size_2, hidden_size), nn.ReLU()])
        # 定义机器策略网络隐藏层
        for i in range(hidden_layer_2 - 1):
            self.layers_2.append(nn.Linear(hidden_size, hidden_size))
            self.layers_2.append(nn.ReLU())
        # 定义机器策略网络输出层
        self.layers_2.append(nn.Linear(hidden_size, output_size_2))

    def forward(self, x):
","",4,""
"Method:agents/HMPSAC/A2C_v5.2.py:MachinePolicyNet.forward#1","forward","agents/HMPSAC/A2C_v5.2.py",68,72,true,"        self.layers_2.append(nn.Linear(hidden_size, output_size_2))

    def forward(self, x):
        for layer in self.layers_2:
            x = layer(x)
        x = F.softmax(x, dim=-1)
        return x


","",1,""
"Method:agents/HMPSAC/A2C_v5.2.py:CriticNet.__init__#4","__init__","agents/HMPSAC/A2C_v5.2.py",77,86,false,"# 构建评论家网络
class CriticNet(nn.Module):
    def __init__(self, input_size, hidden_size, hidden_layer, output_size):
        super(CriticNet, self).__init__()
        # 定义评论家网络输入层
        self.layers = nn.ModuleList([nn.Linear(input_size, hidden_size), nn.ReLU()])
        # 定义评论家网络隐藏层
        for i in range(hidden_layer - 1):
            self.layers.append(nn.Linear(hidden_size, hidden_size))
            self.layers.append(nn.ReLU())
        # 定义评论家网络输出层
        self.layers.append(nn.Linear(hidden_size, output_size))

    def forward(self, x):
","",4,""
"Method:agents/HMPSAC/A2C_v5.2.py:CriticNet.forward#1","forward","agents/HMPSAC/A2C_v5.2.py",88,91,true,"        self.layers.append(nn.Linear(hidden_size, output_size))

    def forward(self, x):
        for layer in self.layers:
            x = layer(x)
        return x


","",1,""
"Method:agents/HMPSAC/A2C_v5.2.py:DA3C.__init__#0","__init__","agents/HMPSAC/A2C_v5.2.py",98,122,false,"    agent_name = ""DA3C""

    def __init__(self):
        Base_Agent.__init__(self)  # 继承基础智能体类
        Config.__init__(self)  # 继承算法超参数类
        self.num_processes = multiprocessing.cpu_count()  # 电脑线程数量|四核八线程
        self.worker_processes = max(1, self.num_processes - 3)  # 启用线程数
        self.path = 'D:/Python project/HMPSAC_Fluid_Model_MOMDFJSP/data/HMPSAC'  # 测试算例的存储位置
        self.file_name = 'DDT1.0_M15_S3'  # 测试算例的文件夹名字
        self.environment_test = MO_DFJSP_Environment(use_instance=False, path=self.path, file_name=self.file_name)  # 测试环境
        self.config = Config
        # 超参数
        self.learning_rate = self.hyper_parameters[""DA3C""][""learning_rate""]  # 学习率
        self.discount_rate = self.hyper_parameters[""DA3C""][""discount_rate""]  # 折扣率
        self.num_episodes_to_run = self.hyper_parameters[""DA3C""][""num_episodes_to_run""]  # 总的步数
        self.epsilon_decay_rate_denominator = self.hyper_parameters[""DA3C""][""epsilon_decay_rate_denominator""]
        # 初始化锁对象 用来更新全局网络参数
        self.optimizer_lock = None
        # 定义策略网络和评论家网络
        self.actor_task_model = TaskPolicyNet(input_size_1=30, hidden_size=200, hidden_layer_1=3, output_size_1=12)
        self.actor_machine_model = MachinePolicyNet(input_size_2=31, hidden_size=200, hidden_layer_2=3, output_size_2=10)
        self.critic_model = CriticNet(input_size=30, hidden_size=200, hidden_layer=3, output_size=1)
        # 定义优化器
        self.actor_task_optimizer = SharedAdam(self.actor_task_model.parameters(), lr=self.learning_rate, eps=1e-4)
        self.actor_machine_optimizer = SharedAdam(self.actor_machine_model.parameters(), lr=self.learning_rate, eps=1e-4)
        self.critic_optimizer = SharedAdam(self.critic_model.parameters(), lr=self.learning_rate, eps=1e-4)
        self.episode_number = 0  # 当前训练周期

    def run_n_episodes(self):
","",0,""
"Method:agents/HMPSAC/A2C_v5.2.py:DA3C.run_n_episodes#0","run_n_episodes","agents/HMPSAC/A2C_v5.2.py",124,161,true,"        self.episode_number = 0  # 当前训练周期

    def run_n_episodes(self):
        """"""运行环境n次直到完成，然后总结结果并保存模型(如果要求的话)""""""
        start = time.time()
        gradient_updates_queue_actor_task = Queue()
        gradient_updates_queue_actor_machine = Queue()
        gradient_updates_queue_critic = Queue()
        self.episode_number = multiprocessing.Value('i', 0)  # 多线程共享整数型+初始值为0的参数
        self.optimizer_lock = multiprocessing.Lock()   # 创建锁对象，用于更新全局网络参数
        episodes_per_process = int(self.num_episodes_to_run / self.worker_processes) + 1
        processes = []  # 初始化线程列表
        self.actor_task_model.share_memory()
        self.actor_machine_model.share_memory()
        self.critic_model.share_memory()
        self.actor_task_optimizer.share_memory()
        self.actor_machine_optimizer.share_memory()
        self.critic_optimizer.share_memory()
        optimizer_worker = multiprocessing.Process(target=self.update_shared_model,
                                                   args=(gradient_updates_queue_actor_task,
                                                         gradient_updates_queue_actor_machine,
                                                         gradient_updates_queue_critic))
        optimizer_worker.start()  # 启动总梯度更新主线程

        for process_num in range(self.worker_processes):
            worker = Actor_Critic_Worker(process_num, self.actor_task_model, self.actor_machine_model, self.critic_model,
                                         self.episode_number, self.optimizer_lock, self.actor_task_optimizer,
                                         self.actor_machine_optimizer, self.critic_optimizer, self.hyper_parameters,
                                         episodes_per_process, self.epsilon_decay_rate_denominator,
                                         copy.deepcopy(self.actor_task_model), copy.deepcopy(self.actor_machine_model),
                                         copy.deepcopy(self.critic_model), gradient_updates_queue_actor_task,
                                         gradient_updates_queue_actor_machine, gradient_updates_queue_critic,
                                         self.environment_test)
            worker.start()  # 启动各子线程run()函数
            processes.append(worker)
        for worker in processes:
            worker.join()  # 让子线程结束后主线程再结束
        optimizer_worker.terminate()  # 主线程退出
        time_taken = time.time() - start
        return time_taken

    def update_shared_model(self, gradient_updates_queue_actor_task,
","运行环境n次直到完成，然后总结结果并保存模型(如果要求的话)",0,""
"Method:agents/HMPSAC/A2C_v5.2.py:DA3C.update_shared_model#3","update_shared_model","agents/HMPSAC/A2C_v5.2.py",163,186,true,"        return time_taken

    def update_shared_model(self, gradient_updates_queue_actor_task,
                            gradient_updates_queue_actor_machine,
                            gradient_updates_queue_critic):
        """"""收到工作线程的梯度{信息传入队列}，更新全局网络梯度""""""
        while True:
            gradients_actor_task = gradient_updates_queue_actor_task.get()
            gradients_actor_machine = gradient_updates_queue_actor_machine.get()
            gradients_critic = gradient_updates_queue_critic.get()
            with self.optimizer_lock:
                # 更新工序策略网络梯度
                self.actor_task_optimizer.zero_grad()
                for grads, params in zip(gradients_actor_task, self.actor_task_model.parameters()):
                    params._grad = grads  # maybe need to do grads.clone()  # 子线程梯度值传递给全局网络参数
                self.actor_task_optimizer.step()  # 依据传递的新的梯度值更新参数
                # 更新机器策略网络梯度
                self.actor_machine_optimizer.zero_grad()
                for grads, params in zip(gradients_actor_machine, self.actor_machine_model.parameters()):
                    params._grad = grads  # maybe need to do grads.clone()  # 子线程梯度值传递给全局网络参数
                self.actor_machine_optimizer.step()  # 依据传递的新的梯度值更新参数
                # 更新全局评论家网络梯度
                self.critic_optimizer.zero_grad()
                for grads, params in zip(gradients_critic, self.critic_model.parameters()):
                    params._grad = grads
                self.critic_optimizer.step()  # 依据传递的新的梯度值更新参数


","收到工作线程的梯度{信息传入队列}，更新全局网络梯度",3,""
"Method:agents/HMPSAC/A2C_v5.2.py:Actor_Critic_Worker.__init__#19","__init__","agents/HMPSAC/A2C_v5.2.py",191,232,false,"class Actor_Critic_Worker(torch.multiprocessing.Process):
    """"""演员评论工作者将玩游戏的指定集数 """"""
    def __init__(self, worker_num, actor_task_model, actor_machine_model, critic_model, counter, optimizer_lock,
                 actor_task_optimizer, actor_machine_optimizer, critic_optimizer, hyper_parameter, episodes_to_run,
                 epsilon_decay_denominator, local_actor_task_model, local_actor_machine_model, local_critic_model,
                 gradient_updates_queue_actor_task, gradient_updates_queue_actor_machine,
                 gradient_updates_queue_critic, environment_test):
        torch.multiprocessing.Process.__init__(self)
        self.environment_test = environment_test  # 初始化环境对象
        self.environment = None  # 初始化训练环境对象
        self.action_types = self.environment_test.action_types  # 动作类型
        self.worker_num = worker_num  # 线程数
        self.gradient_clipping_norm = hyper_parameter[""DA3C""][""gradient_clipping_norm""]  # 梯度裁剪值
        self.discount_rate = hyper_parameter[""DA3C""][""discount_rate""]  # 折扣率
        self.exploration_worker_difference = hyper_parameter[""DA3C""][""exploration_worker_difference""]
        self.normalise_rewards = True  # 标准化回报
        self.actions_size = self.environment_test.actions_size  # 二维离散动作[12, 10]
        self.actor_task_model = actor_task_model  # 工序策略网络
        self.actor_machine_model = actor_machine_model  # 机器策略网络
        self.critic_model = critic_model  # 全局评论家网络
        self.local_actor_task_model = local_actor_task_model  # 局部工序策略网络
        self.local_actor_machine_model = local_actor_machine_model  # 局部机器策略网络
        self.local_critic_model = local_critic_model  # 局部评论家网络
        self.local_actor_task_optimizer = Adam(self.local_actor_task_model.parameters(), lr=0.0, eps=1e-4)
        self.local_actor_machine_optimizer = Adam(self.local_actor_machine_model.parameters(), lr=0.0, eps=1e-4)
        self.local_critic_optimizer = Adam(self.local_critic_model.parameters(), lr=0.0, eps=1e-4)
        self.counter = counter
        self.optimizer_lock = optimizer_lock
        self.actor_task_optimizer = actor_task_optimizer
        self.actor_machine_optimizer = actor_machine_optimizer
        self.critic_optimizer = critic_optimizer
        self.episodes_to_run = episodes_to_run  # 周期总数
        self.epsilon_decay_denominator = epsilon_decay_denominator
        self.episode_number = 0  # 子线程周期数
        self.gradient_updates_queue_actor_task = gradient_updates_queue_actor_task
        self.gradient_updates_queue_actor_machine = gradient_updates_queue_actor_machine
        self.gradient_updates_queue_critic = gradient_updates_queue_critic
        self.episode_states = []  # 状态列表
        self.episode_actions = []  # 动作列表
        self.episode_rewards = []  # 回报列表
        self.episode_log_action_task_probabilities = []  # 动作log概率列表
        self.episode_log_action_machine_probabilities = []  # 机器策略网络动作log概率列表
        self.critic_outputs = []  # 评论家输出的V值列表
        self.objective_min = float('inf')

    def save_actor_model(self, save_model_boole=True):
","",19,""
"Method:agents/HMPSAC/A2C_v5.2.py:Actor_Critic_Worker.save_actor_model#1","save_actor_model","agents/HMPSAC/A2C_v5.2.py",234,242,true,"        self.objective_min = float('inf')

    def save_actor_model(self, save_model_boole=True):
        """"""保存全局策略网络""""""
        file_path = 'D:/Python project/HMPSAC_Fluid_Model_MOMDFJSP/results/HMPSAC/policy_networks' + agent_version + '/'
        if save_model_boole:
            torch.save(self.actor_task_model.state_dict(), file_path + 'actor_task_model.path')
            torch.save(self.actor_machine_model.state_dict(), file_path + 'actor_machine_model.path')
            print('保存一次模型')
        else:
            print(""该训练过程未保存模型"")

    def generated_new_environment(self):
","保存全局策略网络",1,""
"Method:agents/HMPSAC/A2C_v5.2.py:Actor_Critic_Worker.generated_new_environment#0","generated_new_environment","agents/HMPSAC/A2C_v5.2.py",244,249,true,"            print(""该训练过程未保存模型"")

    def generated_new_environment(self):
        """"""返回新环境对象""""""
        DDT = random.uniform(0.5, 1.5)
        M = random.randint(10, 20)
        S = random.randint(1, 5)
        return MO_DFJSP_Environment(use_instance=True, DDT=DDT, M=M, S=S)

    def run(self):
","返回新环境对象",0,""
"Method:agents/HMPSAC/A2C_v5.2.py:Actor_Critic_Worker.run#0","run","agents/HMPSAC/A2C_v5.2.py",251,307,true,"        return MO_DFJSP_Environment(use_instance=True, DDT=DDT, M=M, S=S)

    def run(self):
        """"""开启工作线程""""""
        torch.set_num_threads(1)
        for ep_ix in range(self.episodes_to_run):
            self.environment = self.generated_new_environment()  # 重新随机初始化
            # self.environment = self.environment_test  # 初始化训练环境对象
            with self.optimizer_lock:  # 锁定网络更新线程网络参数
                Base_Agent.copy_model_over(self.actor_task_model, self.local_actor_task_model)
                Base_Agent.copy_model_over(self.actor_machine_model, self.local_actor_machine_model)
                Base_Agent.copy_model_over(self.critic_model, self.local_critic_model)
            epsilon_exploration = self.calculate_new_exploration()  # 计算新的探索参数
            state = self.environment.reset()  # 初始化状态
            done = False
            self.episode_states = []  # 状态列表
            self.episode_actions = []  # 动作列表
            self.episode_rewards = []  # 回报列表
            self.episode_log_action_task_probabilities = []  # 工序策略网络动作log概率列表
            self.episode_log_action_machine_probabilities = []  # 机器策略网络动作log概率列表
            self.critic_outputs = []  # 评论家输出的V值列表
            # 采样一条轨迹
            while not done:
                action_task, action_task_log_prob = self.pick_action_and_log_prob(self.local_actor_task_model, state, epsilon_exploration)
                state_add = np.append(state, action_task)  # 带选择的工序规则信息的状态
                action_machine, action_machine_log_prob = self.pick_action_and_log_prob(self.local_actor_machine_model, state_add, epsilon_exploration)
                critic_outputs = self.get_critic_value(self.local_critic_model, state)
                actions = np.array([action_task, action_machine])  # 二维离散动作
                next_state, reward, done = self.environment.step(actions, reward_policy=1)
                self.episode_states.append(state)
                self.episode_actions.append(actions)
                self.episode_rewards.append(reward)
                self.episode_log_action_task_probabilities.append(action_task_log_prob)
                self.episode_log_action_machine_probabilities.append(action_machine_log_prob)
                self.critic_outputs.append(critic_outputs)
                state = next_state
            # 计算损失和优势函数，并传入梯度值
            critic_loss, actor_task_loss, actor_machine_loss = self.calculate_total_loss()
            self.put_gradients_in_queue(critic_loss, actor_task_loss, actor_machine_loss)
            self.episode_number += 1
            # 每间隔1个周期运行一次测试算例并动态绘制目标值曲线
            with self.counter.get_lock():
                self.counter.value += 1
                print(""运行总步数："", self.counter.value)
                state = self.environment_test.reset()
                while not self.environment_test.done:
                    action_task = self.pick_action(self.actor_task_model, state)
                    state_add = np.append(state, action_task)  # 带选择的工序规则信息的状态
                    action_machine = \
                        self.pick_action(self.actor_machine_model, state_add)
                    actions = np.array([action_task, action_machine])  # 二维离散动作
                    next_state, reward, done = self.environment_test.step(actions, reward_policy=1)
                    state = next_state
                vis.line(X=[self.counter.value], Y=[self.environment_test.delay_time_sum], win=win, update='append')
                print(""目标值："", self.environment_test.delay_time_sum)
                add_data_object.add_data([self.counter.value, self.environment_test.delay_time_sum])  # 保存数据
                if self.environment_test.delay_time_sum < self.objective_min:
                    self.objective_min = self.environment_test.delay_time_sum
                    self.save_actor_model()

    def calculate_new_exploration(self):
","开启工作线程",0,""
"Method:agents/HMPSAC/A2C_v5.2.py:Actor_Critic_Worker.calculate_new_exploration#0","calculate_new_exploration","agents/HMPSAC/A2C_v5.2.py",309,315,true,"                    self.save_actor_model()

    def calculate_new_exploration(self):
        """"""计算新的勘探参数。它在当前的上下3X范围内随机选取一个点""""""
        with self.counter.get_lock():
            epsilon = 1.0 / (1.0 + (self.counter.value / self.epsilon_decay_denominator))
        epsilon = max(0.0, random.uniform(epsilon / self.exploration_worker_difference,
                                          epsilon * self.exploration_worker_difference))
        return epsilon

    def pick_action_and_log_prob(self, policy, state, epsilon_exploration=None):
","计算新的勘探参数。它在当前的上下3X范围内随机选取一个点",0,""
"Method:agents/HMPSAC/A2C_v5.2.py:Actor_Critic_Worker.pick_action_and_log_prob#3","pick_action_and_log_prob","agents/HMPSAC/A2C_v5.2.py",317,334,true,"        return epsilon

    def pick_action_and_log_prob(self, policy, state, epsilon_exploration=None):
        """"""使用策略选择一个动作""""""
        state = torch.from_numpy(state).float().unsqueeze(0)  # 状态转为tensor类型
        actor_output = policy.forward(state)
        if policy.name == ""task_policy"":
            action_size = self.actions_size[0]
        else:
            action_size = self.actions_size[1]
        # 动作分布实例
        action_distribution = create_actor_distribution(self.action_types, actor_output, action_size)  # 动作分布实例
        action = action_distribution.sample().cpu().numpy()  # 采样一个动作
        if self.action_types == ""DISCRETE"":
            if random.random() <= epsilon_exploration:
                action = random.randint(0, action_size - 1)
            else:
                action = action[0]
        action_log_prob = self.calculate_log_action_probability(action, action_distribution)
        return action, action_log_prob

    def pick_action(self, policy, state):
","使用策略选择一个动作",3,""
"Method:agents/HMPSAC/A2C_v5.2.py:Actor_Critic_Worker.pick_action#2","pick_action","agents/HMPSAC/A2C_v5.2.py",336,348,true,"        return action, action_log_prob

    def pick_action(self, policy, state):
        """"""贪婪的选择动作""""""
        state = torch.from_numpy(state).float().unsqueeze(0)  # 状态转为tensor类型
        actor_output = policy.forward(state)
        if policy.name == ""task_policy"":
            action_size = self.actions_size[0]
        else:
            action_size = self.actions_size[1]
        # 动作分布实例
        action_distribution = create_actor_distribution(self.action_types, actor_output, action_size)  # 动作分布实例
        action = action_distribution.sample().cpu().numpy()  # 采样一个动作
        action = action[0]
        return action

    def get_critic_value(self, policy, state):
","贪婪的选择动作",2,""
"Method:agents/HMPSAC/A2C_v5.2.py:Actor_Critic_Worker.get_critic_value#2","get_critic_value","agents/HMPSAC/A2C_v5.2.py",350,354,true,"        return action

    def get_critic_value(self, policy, state):
        """"""返回评论家网络值""""""
        state = torch.from_numpy(state).float().unsqueeze(0)  # 状态转为tensor类型
        critic_output = policy.forward(state)
        return critic_output

    def calculate_log_action_probability(self, actions, action_distribution):
","返回评论家网络值",2,""
"Method:agents/HMPSAC/A2C_v5.2.py:Actor_Critic_Worker.calculate_log_action_probability#2","calculate_log_action_probability","agents/HMPSAC/A2C_v5.2.py",356,360,true,"        return critic_output

    def calculate_log_action_probability(self, actions, action_distribution):
        """"""计算所选动作的log概率""""""
        actions = torch.Tensor([actions])
        policy_distribution_log_prob = action_distribution.log_prob(actions)
        return policy_distribution_log_prob

    def calculate_total_loss(self):
","计算所选动作的log概率",2,""
"Method:agents/HMPSAC/A2C_v5.2.py:Actor_Critic_Worker.calculate_total_loss#0","calculate_total_loss","agents/HMPSAC/A2C_v5.2.py",362,370,true,"        return policy_distribution_log_prob

    def calculate_total_loss(self):
        """"""计算策略网络损失和评论家损失之和""""""
        discounted_returns = self.calculate_discounted_returns()
        if self.normalise_rewards:
            discounted_returns = self.normalise_discounted_returns(discounted_returns)
        critic_loss, advantages = self.calculate_critic_loss_and_advantages(discounted_returns)  # 计算评论家损失和优势函数
        actor_task_loss = self.calculate_actor_loss(advantages, self.episode_log_action_task_probabilities)
        actor_machine_loss = self.calculate_actor_loss(advantages, self.episode_log_action_machine_probabilities)
        return critic_loss, actor_task_loss, actor_machine_loss

    def calculate_discounted_returns(self):
","计算策略网络损失和评论家损失之和",0,""
"Method:agents/HMPSAC/A2C_v5.2.py:Actor_Critic_Worker.calculate_discounted_returns#0","calculate_discounted_returns","agents/HMPSAC/A2C_v5.2.py",372,382,true,"        return critic_loss, actor_task_loss, actor_machine_loss

    def calculate_discounted_returns(self):
        """"""
        计算一集的累计折现收益，然后我们将在学习迭代中使用：蒙特卡洛估计计算V(s)_target值
        """"""
        discounted_returns = [0]
        for ix in range(len(self.episode_states)):
            return_value = self.episode_rewards[-(ix + 1)] + self.discount_rate*discounted_returns[-1]
            discounted_returns.append(return_value)
        discounted_returns = discounted_returns[1:]
        discounted_returns = discounted_returns[::-1]
        return discounted_returns

    def normalise_discounted_returns(self, discounted_returns):
","计算一集的累计折现收益，然后我们将在学习迭代中使用：蒙特卡洛估计计算V(s)_target值",0,""
"Method:agents/HMPSAC/A2C_v5.2.py:Actor_Critic_Worker.normalise_discounted_returns#1","normalise_discounted_returns","agents/HMPSAC/A2C_v5.2.py",384,390,true,"        return discounted_returns

    def normalise_discounted_returns(self, discounted_returns):
        """"""通过回报的均值和标准差，使回报均值为0标准差为1""""""
        mean = np.mean(discounted_returns)
        std = np.std(discounted_returns)
        discounted_returns -= mean
        discounted_returns /= (std + 1e-5)
        return discounted_returns

    def normalization_discounted_returns(self, discounted_returns):
","通过回报的均值和标准差，使回报均值为0标准差为1",1,""
"Method:agents/HMPSAC/A2C_v5.2.py:Actor_Critic_Worker.normalization_discounted_returns#1","normalization_discounted_returns","agents/HMPSAC/A2C_v5.2.py",392,399,true,"        return discounted_returns

    def normalization_discounted_returns(self, discounted_returns):
        """"""归一化每个环境下的回报值，抵消不同环境对累计回报的影响""""""
        min_value = np.min(discounted_returns)
        max_value = np.max(discounted_returns)
        discounted_returns = discounted_returns + abs(min_value)
        range_value = max_value - min_value
        discounted_returns = discounted_returns/range_value
        return discounted_returns

    def calculate_critic_loss_and_advantages(self, all_discounted_returns):
","归一化每个环境下的回报值，抵消不同环境对累计回报的影响",1,""
"Method:agents/HMPSAC/A2C_v5.2.py:Actor_Critic_Worker.calculate_critic_loss_and_advantages#1","calculate_critic_loss_and_advantages","agents/HMPSAC/A2C_v5.2.py",401,408,true,"        return discounted_returns

    def calculate_critic_loss_and_advantages(self, all_discounted_returns):
        """"""计算评论家的损失和优势""""""
        critic_values = torch.cat(self.critic_outputs)
        advantages = torch.Tensor(all_discounted_returns) - critic_values  # 计算优势函数值|V(s_t)_target - V(s_t)_critic
        advantages = advantages.detach()
        critic_loss = (torch.Tensor(all_discounted_returns) - critic_values)**2
        critic_loss = critic_loss.mean()
        return critic_loss, advantages

    def calculate_actor_loss(self, advantages, episode_log_action_probabilities):
","计算评论家的损失和优势",1,""
"Method:agents/HMPSAC/A2C_v5.2.py:Actor_Critic_Worker.calculate_actor_loss#2","calculate_actor_loss","agents/HMPSAC/A2C_v5.2.py",410,415,true,"        return critic_loss, advantages

    def calculate_actor_loss(self, advantages, episode_log_action_probabilities):
        """"""计算参与者的损失""""""
        action_log_probabilities_for_all_episodes = torch.cat(episode_log_action_probabilities)
        actor_loss = -1.0 * action_log_probabilities_for_all_episodes * advantages
        actor_loss = actor_loss.mean()
        return actor_loss

    def put_gradients_in_queue(self, critic_loss, actor_task_loss, actor_machine_loss):
","计算参与者的损失",2,""
"Method:agents/HMPSAC/A2C_v5.2.py:Actor_Critic_Worker.put_gradients_in_queue#3","put_gradients_in_queue","agents/HMPSAC/A2C_v5.2.py",417,436,true,"        return actor_loss

    def put_gradients_in_queue(self, critic_loss, actor_task_loss, actor_machine_loss):
        """"""将梯度放入队列中，以供优化过程用于更新共享模型""""""
        # 线程工序策略网络梯度加入队列
        self.local_actor_task_optimizer.zero_grad()
        actor_task_loss.backward()
        torch.nn.utils.clip_grad_norm_(self.local_actor_task_model.parameters(), self.gradient_clipping_norm)  # 梯度裁剪
        gradients = [param.grad.clone() for param in self.local_actor_task_model.parameters()]  # 线程子网络梯度
        self.gradient_updates_queue_actor_task.put(gradients)
        # 线程机器策略网络梯度加入队列
        self.local_actor_machine_optimizer.zero_grad()
        actor_machine_loss.backward()
        torch.nn.utils.clip_grad_norm_(self.local_actor_machine_model.parameters(), self.gradient_clipping_norm)  # 梯度裁剪
        gradients = [param.grad.clone() for param in self.local_actor_machine_model.parameters()]  # 线程子网络梯度
        self.gradient_updates_queue_actor_machine.put(gradients)
        # 线程机器策略网络梯度加入队列
        self.local_critic_optimizer.zero_grad()
        critic_loss.backward()
        torch.nn.utils.clip_grad_norm_(self.local_critic_model.parameters(), self.gradient_clipping_norm)  # 梯度裁剪
        gradients = [param.grad.clone() for param in self.local_critic_model.parameters()]  # 线程子网络梯度
        self.gradient_updates_queue_critic.put(gradients)

# 测试算法
","将梯度放入队列中，以供优化过程用于更新共享模型",3,""
"Method:agents/HMPSAC/A2C_v5.3.py:TaskPolicyNet.__init__#4","__init__","agents/HMPSAC/A2C_v5.3.py",35,45,false,"# 构建工序策略网络类
class TaskPolicyNet(nn.Module):
    def __init__(self, input_size_1, hidden_size, hidden_layer_1, output_size_1):
        super(TaskPolicyNet, self).__init__()
        self.name = ""task_policy""
        # 定义工序策略网络输入层
        self.layers_1 = nn.ModuleList([nn.Linear(input_size_1, hidden_size), nn.ReLU()])
        # 定义工序策略网络隐藏层
        for i in range(hidden_layer_1 - 1):
            self.layers_1.append(nn.Linear(hidden_size, hidden_size))
            self.layers_1.append(nn.ReLU())
        # 定义工序策略网络输出层
        self.layers_1.append(nn.Linear(hidden_size, output_size_1))

    def forward(self, x):
","",4,""
"Method:agents/HMPSAC/A2C_v5.3.py:TaskPolicyNet.forward#1","forward","agents/HMPSAC/A2C_v5.3.py",47,51,true,"        self.layers_1.append(nn.Linear(hidden_size, output_size_1))

    def forward(self, x):
        for layer in self.layers_1:
            x = layer(x)
        x = F.softmax(x, dim=-1)
        return x


","",1,""
"Method:agents/HMPSAC/A2C_v5.3.py:MachinePolicyNet.__init__#4","__init__","agents/HMPSAC/A2C_v5.3.py",56,66,false,"# 构建机器策略网络类
class MachinePolicyNet(nn.Module):
    def __init__(self, input_size_2, hidden_size, hidden_layer_2, output_size_2):
        super(MachinePolicyNet, self).__init__()
        self.name = ""machine_policy""
        # 定义机器策略网络输入层
        self.layers_2 = nn.ModuleList([nn.Linear(input_size_2, hidden_size), nn.ReLU()])
        # 定义机器策略网络隐藏层
        for i in range(hidden_layer_2 - 1):
            self.layers_2.append(nn.Linear(hidden_size, hidden_size))
            self.layers_2.append(nn.ReLU())
        # 定义机器策略网络输出层
        self.layers_2.append(nn.Linear(hidden_size, output_size_2))

    def forward(self, x):
","",4,""
"Method:agents/HMPSAC/A2C_v5.3.py:MachinePolicyNet.forward#1","forward","agents/HMPSAC/A2C_v5.3.py",68,72,true,"        self.layers_2.append(nn.Linear(hidden_size, output_size_2))

    def forward(self, x):
        for layer in self.layers_2:
            x = layer(x)
        x = F.softmax(x, dim=-1)
        return x


","",1,""
"Method:agents/HMPSAC/A2C_v5.3.py:CriticNet.__init__#4","__init__","agents/HMPSAC/A2C_v5.3.py",77,86,false,"# 构建评论家网络
class CriticNet(nn.Module):
    def __init__(self, input_size, hidden_size, hidden_layer, output_size):
        super(CriticNet, self).__init__()
        # 定义评论家网络输入层
        self.layers = nn.ModuleList([nn.Linear(input_size, hidden_size), nn.ReLU()])
        # 定义评论家网络隐藏层
        for i in range(hidden_layer - 1):
            self.layers.append(nn.Linear(hidden_size, hidden_size))
            self.layers.append(nn.ReLU())
        # 定义评论家网络输出层
        self.layers.append(nn.Linear(hidden_size, output_size))

    def forward(self, x):
","",4,""
"Method:agents/HMPSAC/A2C_v5.3.py:CriticNet.forward#1","forward","agents/HMPSAC/A2C_v5.3.py",88,91,true,"        self.layers.append(nn.Linear(hidden_size, output_size))

    def forward(self, x):
        for layer in self.layers:
            x = layer(x)
        return x


","",1,""
"Method:agents/HMPSAC/A2C_v5.3.py:DA3C.__init__#0","__init__","agents/HMPSAC/A2C_v5.3.py",98,122,false,"    agent_name = ""DA3C""

    def __init__(self):
        Base_Agent.__init__(self)  # 继承基础智能体类
        Config.__init__(self)  # 继承算法超参数类
        self.num_processes = multiprocessing.cpu_count()  # 电脑线程数量|四核八线程
        self.worker_processes = max(1, self.num_processes - 3)  # 启用线程数
        self.path = 'D:/Python project/HMPSAC_Fluid_Model_MOMDFJSP/data/HMPSAC'  # 测试算例的存储位置
        self.file_name = 'DDT1.0_M15_S3'  # 测试算例的文件夹名字
        self.environment_test = MO_DFJSP_Environment(use_instance=False, path=self.path, file_name=self.file_name)  # 测试环境
        self.config = Config
        # 超参数
        self.learning_rate = self.hyper_parameters[""DA3C""][""learning_rate""]  # 学习率
        self.discount_rate = self.hyper_parameters[""DA3C""][""discount_rate""]  # 折扣率
        self.num_episodes_to_run = self.hyper_parameters[""DA3C""][""num_episodes_to_run""]  # 总的步数
        self.epsilon_decay_rate_denominator = self.hyper_parameters[""DA3C""][""epsilon_decay_rate_denominator""]
        # 初始化锁对象 用来更新全局网络参数
        self.optimizer_lock = None
        # 定义策略网络和评论家网络
        self.actor_task_model = TaskPolicyNet(input_size_1=30, hidden_size=200, hidden_layer_1=3, output_size_1=12)
        self.actor_machine_model = MachinePolicyNet(input_size_2=31, hidden_size=200, hidden_layer_2=3, output_size_2=10)
        self.critic_model = CriticNet(input_size=30, hidden_size=200, hidden_layer=3, output_size=1)
        # 定义优化器
        self.actor_task_optimizer = SharedAdam(self.actor_task_model.parameters(), lr=self.learning_rate, eps=1e-4)
        self.actor_machine_optimizer = SharedAdam(self.actor_machine_model.parameters(), lr=self.learning_rate, eps=1e-4)
        self.critic_optimizer = SharedAdam(self.critic_model.parameters(), lr=self.learning_rate, eps=1e-4)
        self.episode_number = 0  # 当前训练周期

    def run_n_episodes(self):
","",0,""
"Method:agents/HMPSAC/A2C_v5.3.py:DA3C.run_n_episodes#0","run_n_episodes","agents/HMPSAC/A2C_v5.3.py",124,161,true,"        self.episode_number = 0  # 当前训练周期

    def run_n_episodes(self):
        """"""运行环境n次直到完成，然后总结结果并保存模型(如果要求的话)""""""
        start = time.time()
        gradient_updates_queue_actor_task = Queue()
        gradient_updates_queue_actor_machine = Queue()
        gradient_updates_queue_critic = Queue()
        self.episode_number = multiprocessing.Value('i', 0)  # 多线程共享整数型+初始值为0的参数
        self.optimizer_lock = multiprocessing.Lock()   # 创建锁对象，用于更新全局网络参数
        episodes_per_process = int(self.num_episodes_to_run / self.worker_processes) + 1
        processes = []  # 初始化线程列表
        self.actor_task_model.share_memory()
        self.actor_machine_model.share_memory()
        self.critic_model.share_memory()
        self.actor_task_optimizer.share_memory()
        self.actor_machine_optimizer.share_memory()
        self.critic_optimizer.share_memory()
        optimizer_worker = multiprocessing.Process(target=self.update_shared_model,
                                                   args=(gradient_updates_queue_actor_task,
                                                         gradient_updates_queue_actor_machine,
                                                         gradient_updates_queue_critic))
        optimizer_worker.start()  # 启动总梯度更新主线程

        for process_num in range(self.worker_processes):
            worker = Actor_Critic_Worker(process_num, self.actor_task_model, self.actor_machine_model, self.critic_model,
                                         self.episode_number, self.optimizer_lock, self.actor_task_optimizer,
                                         self.actor_machine_optimizer, self.critic_optimizer, self.hyper_parameters,
                                         episodes_per_process, self.epsilon_decay_rate_denominator,
                                         copy.deepcopy(self.actor_task_model), copy.deepcopy(self.actor_machine_model),
                                         copy.deepcopy(self.critic_model), gradient_updates_queue_actor_task,
                                         gradient_updates_queue_actor_machine, gradient_updates_queue_critic,
                                         self.environment_test)
            worker.start()  # 启动各子线程run()函数
            processes.append(worker)
        for worker in processes:
            worker.join()  # 让子线程结束后主线程再结束
        optimizer_worker.terminate()  # 主线程退出
        time_taken = time.time() - start
        return time_taken

    def update_shared_model(self, gradient_updates_queue_actor_task,
","运行环境n次直到完成，然后总结结果并保存模型(如果要求的话)",0,""
"Method:agents/HMPSAC/A2C_v5.3.py:DA3C.update_shared_model#3","update_shared_model","agents/HMPSAC/A2C_v5.3.py",163,186,true,"        return time_taken

    def update_shared_model(self, gradient_updates_queue_actor_task,
                            gradient_updates_queue_actor_machine,
                            gradient_updates_queue_critic):
        """"""收到工作线程的梯度{信息传入队列}，更新全局网络梯度""""""
        while True:
            gradients_actor_task = gradient_updates_queue_actor_task.get()
            gradients_actor_machine = gradient_updates_queue_actor_machine.get()
            gradients_critic = gradient_updates_queue_critic.get()
            with self.optimizer_lock:
                # 更新工序策略网络梯度
                self.actor_task_optimizer.zero_grad()
                for grads, params in zip(gradients_actor_task, self.actor_task_model.parameters()):
                    params._grad = grads  # maybe need to do grads.clone()  # 子线程梯度值传递给全局网络参数
                self.actor_task_optimizer.step()  # 依据传递的新的梯度值更新参数
                # 更新机器策略网络梯度
                self.actor_machine_optimizer.zero_grad()
                for grads, params in zip(gradients_actor_machine, self.actor_machine_model.parameters()):
                    params._grad = grads  # maybe need to do grads.clone()  # 子线程梯度值传递给全局网络参数
                self.actor_machine_optimizer.step()  # 依据传递的新的梯度值更新参数
                # 更新全局评论家网络梯度
                self.critic_optimizer.zero_grad()
                for grads, params in zip(gradients_critic, self.critic_model.parameters()):
                    params._grad = grads
                self.critic_optimizer.step()  # 依据传递的新的梯度值更新参数


","收到工作线程的梯度{信息传入队列}，更新全局网络梯度",3,""
"Method:agents/HMPSAC/A2C_v5.3.py:Actor_Critic_Worker.__init__#19","__init__","agents/HMPSAC/A2C_v5.3.py",191,232,false,"class Actor_Critic_Worker(torch.multiprocessing.Process):
    """"""演员评论工作者将玩游戏的指定集数 """"""
    def __init__(self, worker_num, actor_task_model, actor_machine_model, critic_model, counter, optimizer_lock,
                 actor_task_optimizer, actor_machine_optimizer, critic_optimizer, hyper_parameter, episodes_to_run,
                 epsilon_decay_denominator, local_actor_task_model, local_actor_machine_model, local_critic_model,
                 gradient_updates_queue_actor_task, gradient_updates_queue_actor_machine,
                 gradient_updates_queue_critic, environment_test):
        torch.multiprocessing.Process.__init__(self)
        self.environment_test = environment_test  # 初始化环境对象
        self.environment = None  # 初始化训练环境对象
        self.action_types = self.environment_test.action_types  # 动作类型
        self.worker_num = worker_num  # 线程数
        self.gradient_clipping_norm = hyper_parameter[""DA3C""][""gradient_clipping_norm""]  # 梯度裁剪值
        self.discount_rate = hyper_parameter[""DA3C""][""discount_rate""]  # 折扣率
        self.exploration_worker_difference = hyper_parameter[""DA3C""][""exploration_worker_difference""]
        self.normalise_rewards = True  # 标准化回报
        self.actions_size = self.environment_test.actions_size  # 二维离散动作[12, 10]
        self.actor_task_model = actor_task_model  # 工序策略网络
        self.actor_machine_model = actor_machine_model  # 机器策略网络
        self.critic_model = critic_model  # 全局评论家网络
        self.local_actor_task_model = local_actor_task_model  # 局部工序策略网络
        self.local_actor_machine_model = local_actor_machine_model  # 局部机器策略网络
        self.local_critic_model = local_critic_model  # 局部评论家网络
        self.local_actor_task_optimizer = Adam(self.local_actor_task_model.parameters(), lr=0.0, eps=1e-4)
        self.local_actor_machine_optimizer = Adam(self.local_actor_machine_model.parameters(), lr=0.0, eps=1e-4)
        self.local_critic_optimizer = Adam(self.local_critic_model.parameters(), lr=0.0, eps=1e-4)
        self.counter = counter
        self.optimizer_lock = optimizer_lock
        self.actor_task_optimizer = actor_task_optimizer
        self.actor_machine_optimizer = actor_machine_optimizer
        self.critic_optimizer = critic_optimizer
        self.episodes_to_run = episodes_to_run  # 周期总数
        self.epsilon_decay_denominator = epsilon_decay_denominator
        self.episode_number = 0  # 子线程周期数
        self.gradient_updates_queue_actor_task = gradient_updates_queue_actor_task
        self.gradient_updates_queue_actor_machine = gradient_updates_queue_actor_machine
        self.gradient_updates_queue_critic = gradient_updates_queue_critic
        self.episode_states = []  # 状态列表
        self.episode_actions = []  # 动作列表
        self.episode_rewards = []  # 回报列表
        self.episode_log_action_task_probabilities = []  # 动作log概率列表
        self.episode_log_action_machine_probabilities = []  # 机器策略网络动作log概率列表
        self.critic_outputs = []  # 评论家输出的V值列表
        self.objective_min = float('inf')

    def save_actor_model(self, save_model_boole=True):
","",19,""
"Method:agents/HMPSAC/A2C_v5.3.py:Actor_Critic_Worker.save_actor_model#1","save_actor_model","agents/HMPSAC/A2C_v5.3.py",234,242,true,"        self.objective_min = float('inf')

    def save_actor_model(self, save_model_boole=True):
        """"""保存全局策略网络""""""
        file_path = 'D:/Python project/HMPSAC_Fluid_Model_MOMDFJSP/results/HMPSAC/policy_networks' + agent_version + '/'
        if save_model_boole:
            torch.save(self.actor_task_model.state_dict(), file_path + 'actor_task_model.path')
            torch.save(self.actor_machine_model.state_dict(), file_path + 'actor_machine_model.path')
            print('保存一次模型')
        else:
            print(""该训练过程未保存模型"")

    def generated_new_environment(self):
","保存全局策略网络",1,""
"Method:agents/HMPSAC/A2C_v5.3.py:Actor_Critic_Worker.generated_new_environment#0","generated_new_environment","agents/HMPSAC/A2C_v5.3.py",244,249,true,"            print(""该训练过程未保存模型"")

    def generated_new_environment(self):
        """"""返回新环境对象""""""
        DDT = random.uniform(0.5, 1.5)
        M = random.randint(10, 20)
        S = random.randint(1, 5)
        return MO_DFJSP_Environment(use_instance=True, DDT=DDT, M=M, S=S)

    def run(self):
","返回新环境对象",0,""
"Method:agents/HMPSAC/A2C_v5.3.py:Actor_Critic_Worker.run#0","run","agents/HMPSAC/A2C_v5.3.py",251,306,true,"        return MO_DFJSP_Environment(use_instance=True, DDT=DDT, M=M, S=S)

    def run(self):
        """"""开启工作线程""""""
        torch.set_num_threads(1)
        for ep_ix in range(self.episodes_to_run):
            self.environment = self.generated_new_environment()  # 重新随机初始化
            # self.environment = self.environment_test  # 初始化训练环境对象
            with self.optimizer_lock:  # 锁定网络更新线程网络参数
                Base_Agent.copy_model_over(self.actor_task_model, self.local_actor_task_model)
                Base_Agent.copy_model_over(self.actor_machine_model, self.local_actor_machine_model)
                Base_Agent.copy_model_over(self.critic_model, self.local_critic_model)
            epsilon_exploration = self.calculate_new_exploration()  # 计算新的探索参数
            state = self.environment.reset()  # 初始化状态
            done = False
            self.episode_states = []  # 状态列表
            self.episode_actions = []  # 动作列表
            self.episode_rewards = []  # 回报列表
            self.episode_log_action_task_probabilities = []  # 工序策略网络动作log概率列表
            self.episode_log_action_machine_probabilities = []  # 机器策略网络动作log概率列表
            self.critic_outputs = []  # 评论家输出的V值列表
            # 采样一条轨迹
            while not done:
                action_task, action_task_log_prob = self.pick_action_and_log_prob(self.local_actor_task_model, state, epsilon_exploration)
                state_add = np.append(state, action_task)  # 带选择的工序规则信息的状态
                action_machine, action_machine_log_prob = self.pick_action_and_log_prob(self.local_actor_machine_model, state_add, epsilon_exploration)
                critic_outputs = self.get_critic_value(self.local_critic_model, state)
                actions = np.array([action_task, action_machine])  # 二维离散动作
                next_state, reward, done = self.environment.step(actions, reward_policy=2)
                self.episode_states.append(state)
                self.episode_actions.append(actions)
                self.episode_rewards.append(reward)
                self.episode_log_action_task_probabilities.append(action_task_log_prob)
                self.episode_log_action_machine_probabilities.append(action_machine_log_prob)
                self.critic_outputs.append(critic_outputs)
                state = next_state
            # 计算损失和优势函数，并传入梯度值
            critic_loss, actor_task_loss, actor_machine_loss = self.calculate_total_loss()
            self.put_gradients_in_queue(critic_loss, actor_task_loss, actor_machine_loss)
            self.episode_number += 1
            # 每间隔1个周期运行一次测试算例并动态绘制目标值曲线
            with self.counter.get_lock():
                self.counter.value += 1
                state = self.environment_test.reset()
                while not self.environment_test.done:
                    action_task = self.pick_action(self.actor_task_model, state)
                    state_add = np.append(state, action_task)  # 带选择的工序规则信息的状态
                    action_machine = \
                        self.pick_action(self.actor_machine_model, state_add)
                    actions = np.array([action_task, action_machine])  # 二维离散动作
                    next_state, reward, done = self.environment_test.step(actions, reward_policy=2)
                    state = next_state
                vis.line(X=[self.counter.value], Y=[self.environment_test.energy_consumption], win=win, update='append')
                print(""目标值："", self.environment_test.energy_consumption)
                add_data_object.add_data([self.counter.value, self.environment_test.energy_consumption])  # 保存数据
                if self.environment_test.energy_consumption < self.objective_min:
                    self.objective_min = self.environment_test.energy_consumption
                    self.save_actor_model()

    def calculate_new_exploration(self):
","开启工作线程",0,""
"Method:agents/HMPSAC/A2C_v5.3.py:Actor_Critic_Worker.calculate_new_exploration#0","calculate_new_exploration","agents/HMPSAC/A2C_v5.3.py",308,314,true,"                    self.save_actor_model()

    def calculate_new_exploration(self):
        """"""计算新的勘探参数。它在当前的上下3X范围内随机选取一个点""""""
        with self.counter.get_lock():
            epsilon = 1.0 / (1.0 + (self.counter.value / self.epsilon_decay_denominator))
        epsilon = max(0.0, random.uniform(epsilon / self.exploration_worker_difference,
                                          epsilon * self.exploration_worker_difference))
        return epsilon

    def pick_action_and_log_prob(self, policy, state, epsilon_exploration=None):
","计算新的勘探参数。它在当前的上下3X范围内随机选取一个点",0,""
"Method:agents/HMPSAC/A2C_v5.3.py:Actor_Critic_Worker.pick_action_and_log_prob#3","pick_action_and_log_prob","agents/HMPSAC/A2C_v5.3.py",316,333,true,"        return epsilon

    def pick_action_and_log_prob(self, policy, state, epsilon_exploration=None):
        """"""使用策略选择一个动作""""""
        state = torch.from_numpy(state).float().unsqueeze(0)  # 状态转为tensor类型
        actor_output = policy.forward(state)
        if policy.name == ""task_policy"":
            action_size = self.actions_size[0]
        else:
            action_size = self.actions_size[1]
        # 动作分布实例
        action_distribution = create_actor_distribution(self.action_types, actor_output, action_size)  # 动作分布实例
        action = action_distribution.sample().cpu().numpy()  # 采样一个动作
        if self.action_types == ""DISCRETE"":
            if random.random() <= epsilon_exploration:
                action = random.randint(0, action_size - 1)
            else:
                action = action[0]
        action_log_prob = self.calculate_log_action_probability(action, action_distribution)
        return action, action_log_prob

    def pick_action(self, policy, state):
","使用策略选择一个动作",3,""
"Method:agents/HMPSAC/A2C_v5.3.py:Actor_Critic_Worker.pick_action#2","pick_action","agents/HMPSAC/A2C_v5.3.py",335,347,true,"        return action, action_log_prob

    def pick_action(self, policy, state):
        """"""贪婪的选择动作""""""
        state = torch.from_numpy(state).float().unsqueeze(0)  # 状态转为tensor类型
        actor_output = policy.forward(state)
        if policy.name == ""task_policy"":
            action_size = self.actions_size[0]
        else:
            action_size = self.actions_size[1]
        # 动作分布实例
        action_distribution = create_actor_distribution(self.action_types, actor_output, action_size)  # 动作分布实例
        action = action_distribution.sample().cpu().numpy()  # 采样一个动作
        action = action[0]
        return action

    def get_critic_value(self, policy, state):
","贪婪的选择动作",2,""
"Method:agents/HMPSAC/A2C_v5.3.py:Actor_Critic_Worker.get_critic_value#2","get_critic_value","agents/HMPSAC/A2C_v5.3.py",349,353,true,"        return action

    def get_critic_value(self, policy, state):
        """"""返回评论家网络值""""""
        state = torch.from_numpy(state).float().unsqueeze(0)  # 状态转为tensor类型
        critic_output = policy.forward(state)
        return critic_output

    def calculate_log_action_probability(self, actions, action_distribution):
","返回评论家网络值",2,""
"Method:agents/HMPSAC/A2C_v5.3.py:Actor_Critic_Worker.calculate_log_action_probability#2","calculate_log_action_probability","agents/HMPSAC/A2C_v5.3.py",355,359,true,"        return critic_output

    def calculate_log_action_probability(self, actions, action_distribution):
        """"""计算所选动作的log概率""""""
        actions = torch.Tensor([actions])
        policy_distribution_log_prob = action_distribution.log_prob(actions)
        return policy_distribution_log_prob

    def calculate_total_loss(self):
","计算所选动作的log概率",2,""
"Method:agents/HMPSAC/A2C_v5.3.py:Actor_Critic_Worker.calculate_total_loss#0","calculate_total_loss","agents/HMPSAC/A2C_v5.3.py",361,369,true,"        return policy_distribution_log_prob

    def calculate_total_loss(self):
        """"""计算策略网络损失和评论家损失之和""""""
        discounted_returns = self.calculate_discounted_returns()
        if self.normalise_rewards:
            discounted_returns = self.normalise_discounted_returns(discounted_returns)
        critic_loss, advantages = self.calculate_critic_loss_and_advantages(discounted_returns)  # 计算评论家损失和优势函数
        actor_task_loss = self.calculate_actor_loss(advantages, self.episode_log_action_task_probabilities)
        actor_machine_loss = self.calculate_actor_loss(advantages, self.episode_log_action_machine_probabilities)
        return critic_loss, actor_task_loss, actor_machine_loss

    def calculate_discounted_returns(self):
","计算策略网络损失和评论家损失之和",0,""
"Method:agents/HMPSAC/A2C_v5.3.py:Actor_Critic_Worker.calculate_discounted_returns#0","calculate_discounted_returns","agents/HMPSAC/A2C_v5.3.py",371,381,true,"        return critic_loss, actor_task_loss, actor_machine_loss

    def calculate_discounted_returns(self):
        """"""
        计算一集的累计折现收益，然后我们将在学习迭代中使用：蒙特卡洛估计计算V(s)_target值
        """"""
        discounted_returns = [0]
        for ix in range(len(self.episode_states)):
            return_value = self.episode_rewards[-(ix + 1)] + self.discount_rate*discounted_returns[-1]
            discounted_returns.append(return_value)
        discounted_returns = discounted_returns[1:]
        discounted_returns = discounted_returns[::-1]
        return discounted_returns

    def normalise_discounted_returns(self, discounted_returns):
","计算一集的累计折现收益，然后我们将在学习迭代中使用：蒙特卡洛估计计算V(s)_target值",0,""
"Method:agents/HMPSAC/A2C_v5.3.py:Actor_Critic_Worker.normalise_discounted_returns#1","normalise_discounted_returns","agents/HMPSAC/A2C_v5.3.py",383,389,true,"        return discounted_returns

    def normalise_discounted_returns(self, discounted_returns):
        """"""通过回报的均值和标准差，使回报均值为0标准差为1""""""
        mean = np.mean(discounted_returns)
        std = np.std(discounted_returns)
        discounted_returns -= mean
        discounted_returns /= (std + 1e-5)
        return discounted_returns

    def normalization_discounted_returns(self, discounted_returns):
","通过回报的均值和标准差，使回报均值为0标准差为1",1,""
"Method:agents/HMPSAC/A2C_v5.3.py:Actor_Critic_Worker.normalization_discounted_returns#1","normalization_discounted_returns","agents/HMPSAC/A2C_v5.3.py",391,398,true,"        return discounted_returns

    def normalization_discounted_returns(self, discounted_returns):
        """"""归一化每个环境下的回报值，抵消不同环境对累计回报的影响""""""
        min_value = np.min(discounted_returns)
        max_value = np.max(discounted_returns)
        discounted_returns = discounted_returns + abs(min_value)
        range_value = max_value - min_value
        discounted_returns = discounted_returns/range_value
        return discounted_returns

    def calculate_critic_loss_and_advantages(self, all_discounted_returns):
","归一化每个环境下的回报值，抵消不同环境对累计回报的影响",1,""
"Method:agents/HMPSAC/A2C_v5.3.py:Actor_Critic_Worker.calculate_critic_loss_and_advantages#1","calculate_critic_loss_and_advantages","agents/HMPSAC/A2C_v5.3.py",400,407,true,"        return discounted_returns

    def calculate_critic_loss_and_advantages(self, all_discounted_returns):
        """"""计算评论家的损失和优势""""""
        critic_values = torch.cat(self.critic_outputs)
        advantages = torch.Tensor(all_discounted_returns) - critic_values  # 计算优势函数值|V(s_t)_target - V(s_t)_critic
        advantages = advantages.detach()
        critic_loss = (torch.Tensor(all_discounted_returns) - critic_values)**2
        critic_loss = critic_loss.mean()
        return critic_loss, advantages

    def calculate_actor_loss(self, advantages, episode_log_action_probabilities):
","计算评论家的损失和优势",1,""
"Method:agents/HMPSAC/A2C_v5.3.py:Actor_Critic_Worker.calculate_actor_loss#2","calculate_actor_loss","agents/HMPSAC/A2C_v5.3.py",409,414,true,"        return critic_loss, advantages

    def calculate_actor_loss(self, advantages, episode_log_action_probabilities):
        """"""计算参与者的损失""""""
        action_log_probabilities_for_all_episodes = torch.cat(episode_log_action_probabilities)
        actor_loss = -1.0 * action_log_probabilities_for_all_episodes * advantages
        actor_loss = actor_loss.mean()
        return actor_loss

    def put_gradients_in_queue(self, critic_loss, actor_task_loss, actor_machine_loss):
","计算参与者的损失",2,""
"Method:agents/HMPSAC/A2C_v5.3.py:Actor_Critic_Worker.put_gradients_in_queue#3","put_gradients_in_queue","agents/HMPSAC/A2C_v5.3.py",416,435,true,"        return actor_loss

    def put_gradients_in_queue(self, critic_loss, actor_task_loss, actor_machine_loss):
        """"""将梯度放入队列中，以供优化过程用于更新共享模型""""""
        # 线程工序策略网络梯度加入队列
        self.local_actor_task_optimizer.zero_grad()
        actor_task_loss.backward()
        torch.nn.utils.clip_grad_norm_(self.local_actor_task_model.parameters(), self.gradient_clipping_norm)  # 梯度裁剪
        gradients = [param.grad.clone() for param in self.local_actor_task_model.parameters()]  # 线程子网络梯度
        self.gradient_updates_queue_actor_task.put(gradients)
        # 线程机器策略网络梯度加入队列
        self.local_actor_machine_optimizer.zero_grad()
        actor_machine_loss.backward()
        torch.nn.utils.clip_grad_norm_(self.local_actor_machine_model.parameters(), self.gradient_clipping_norm)  # 梯度裁剪
        gradients = [param.grad.clone() for param in self.local_actor_machine_model.parameters()]  # 线程子网络梯度
        self.gradient_updates_queue_actor_machine.put(gradients)
        # 线程机器策略网络梯度加入队列
        self.local_critic_optimizer.zero_grad()
        critic_loss.backward()
        torch.nn.utils.clip_grad_norm_(self.local_critic_model.parameters(), self.gradient_clipping_norm)  # 梯度裁剪
        gradients = [param.grad.clone() for param in self.local_critic_model.parameters()]  # 线程子网络梯度
        self.gradient_updates_queue_critic.put(gradients)

# 测试算法
","将梯度放入队列中，以供优化过程用于更新共享模型",3,""
"Method:agents/HMPSAC/Buffer.py:Replay_Buffer.__init__#1","__init__","agents/HMPSAC/Buffer.py",8,16,false,"class Replay_Buffer():
    """"""重放缓存区类""""""
    def __init__(self, device=None):

        self.memory = deque()
        self.experience = namedtuple(""Experience"", field_names=[""state"", ""action"", ""reward"", ""next_state"", ""done""])

        if device:
            self.device = torch.device(device)
        else:
            self.device = torch.device(""cuda:0"" if torch.cuda.is_available() else ""cpu"")

    def add_experience(self, states, actions, rewards, next_states, dones):
","",1,""
"Method:agents/HMPSAC/Buffer.py:Replay_Buffer.add_experience#5","add_experience","agents/HMPSAC/Buffer.py",18,27,true,"            self.device = torch.device(""cuda:0"" if torch.cuda.is_available() else ""cpu"")

    def add_experience(self, states, actions, rewards, next_states, dones):
        """"""将经验添加到重放缓冲区中""""""
        if type(dones) == list:
            assert type(dones[0]) != list, ""A done shouldn't be a list""
            experiences = [self.experience(state, action, reward, next_state, done)
                           for state, action, reward, next_state, done in zip(states, actions, rewards, next_states, dones)]
            self.memory.extend(experiences)
        else:
            experience = self.experience(states, actions, rewards, next_states, dones)
            self.memory.append(experience)

    def sample(self, separate_out_data_types=True):
","将经验添加到重放缓冲区中",5,""
"Method:agents/HMPSAC/Buffer.py:Replay_Buffer.sample#1","sample","agents/HMPSAC/Buffer.py",29,36,true,"            self.memory.append(experience)

    def sample(self, separate_out_data_types=True):
        """"""从重放缓冲中抽取经验的随机样本""""""
        experiences = self.pick_experiences()
        if separate_out_data_types:
            states, actions, rewards, next_states, dones = self.separate_out_data_types(experiences)
            return states, actions, rewards, next_states, dones
        else:
            return experiences

    def separate_out_data_types(self, experiences):
","从重放缓冲中抽取经验的随机样本",1,""
"Method:agents/HMPSAC/Buffer.py:Replay_Buffer.separate_out_data_types#1","separate_out_data_types","agents/HMPSAC/Buffer.py",38,46,true,"            return experiences

    def separate_out_data_types(self, experiences):
        """"""将采样经验转换为PyTorch神经网络的正确格式""""""
        states = torch.from_numpy(np.vstack([e.state for e in experiences if e is not None])).float().to(self.device)
        actions = torch.from_numpy(np.vstack([e.action for e in experiences if e is not None])).float().to(self.device).squeeze(1)
        rewards = torch.from_numpy(np.vstack([e.reward for e in experiences if e is not None])).float().to(self.device).squeeze(1)
        next_states = torch.from_numpy(np.vstack([e.next_state for e in experiences if e is not None])).float().to(self.device)
        dones = torch.from_numpy(np.vstack([int(e.done) for e in experiences if e is not None])).float().to(self.device).squeeze(1)
        
        return states, actions, rewards, next_states, dones

    def pick_experiences(self):
","将采样经验转换为PyTorch神经网络的正确格式",1,""
"Method:agents/HMPSAC/Buffer.py:Replay_Buffer.pick_experiences#0","pick_experiences","agents/HMPSAC/Buffer.py",48,50,true,"        return states, actions, rewards, next_states, dones

    def pick_experiences(self):
        """"""随机采样batch_size条经验""""""
        return self.memory  # 随机选取batch_size个经验

    def clear(self):
","随机采样batch_size条经验",0,""
"Method:agents/HMPSAC/Buffer.py:Replay_Buffer.clear#0","clear","agents/HMPSAC/Buffer.py",52,54,true,"        return self.memory  # 随机选取batch_size个经验

    def clear(self):
        """"""清空缓存""""""
        self.memory.clear()

    def __len__(self):
","清空缓存",0,""
"Method:agents/HMPSAC/Buffer.py:Replay_Buffer.__len__#0","__len__","agents/HMPSAC/Buffer.py",56,57,false,"        self.memory.clear()

    def __len__(self):
        return len(self.memory)
","",0,""
"Method:agents/HMPSAC/SAC.py:TaskPolicyNet.__init__#4","__init__","agents/HMPSAC/SAC.py",43,53,false,"
class TaskPolicyNet(nn.Module):
    def __init__(self, input_size_1, hidden_size, hidden_layer_1, output_size_1):
        super(TaskPolicyNet, self).__init__()
        self.name = ""task_policy""
        # 定义工序策略网络输入层
        self.layers_1 = nn.ModuleList([nn.Linear(input_size_1, hidden_size), nn.ReLU()])
        # 定义工序策略网络隐藏层
        for i in range(hidden_layer_1 - 1):
            self.layers_1.append(nn.Linear(hidden_size, hidden_size))
            self.layers_1.append(nn.ReLU())
        # 定义工序策略网络输出层
        self.layers_1.append(nn.Linear(hidden_size, output_size_1))

    def forward(self, x):
","",4,""
"Method:agents/HMPSAC/SAC.py:TaskPolicyNet.forward#1","forward","agents/HMPSAC/SAC.py",55,59,true,"        self.layers_1.append(nn.Linear(hidden_size, output_size_1))

    def forward(self, x):
        for layer in self.layers_1:
            x = layer(x)
        x = F.softmax(x, dim=-1)
        return x


","",1,""
"Method:agents/HMPSAC/SAC.py:MachinePolicyNet.__init__#4","__init__","agents/HMPSAC/SAC.py",63,73,false,"
class MachinePolicyNet(nn.Module):
    def __init__(self, input_size_2, hidden_size, hidden_layer_2, output_size_2):
        super(MachinePolicyNet, self).__init__()
        self.name = ""machine_policy""
        # 定义机器策略网络输入层
        self.layers_2 = nn.ModuleList([nn.Linear(input_size_2, hidden_size), nn.ReLU()])
        # 定义机器策略网络隐藏层
        for i in range(hidden_layer_2 - 1):
            self.layers_2.append(nn.Linear(hidden_size, hidden_size))
            self.layers_2.append(nn.ReLU())
        # 定义机器策略网络输出层
        self.layers_2.append(nn.Linear(hidden_size, output_size_2))

    def forward(self, x):
","",4,""
"Method:agents/HMPSAC/SAC.py:MachinePolicyNet.forward#1","forward","agents/HMPSAC/SAC.py",75,79,true,"        self.layers_2.append(nn.Linear(hidden_size, output_size_2))

    def forward(self, x):
        for layer in self.layers_2:
            x = layer(x)
        x = F.softmax(x, dim=-1)
        return x


","",1,""
"Method:agents/HMPSAC/SAC.py:PolicyNet.__init__#4","__init__","agents/HMPSAC/SAC.py",84,94,false,"class PolicyNet(nn.Module):
    """"""工序策略网络""""""
    def __init__(self, input_size, hidden_size, hidden_layer, output_size):
        super(PolicyNet, self).__init__()
        self.name = ""task_policy""
        # 定义工序策略网络输入层
        self.layers = nn.ModuleList([nn.Linear(input_size, hidden_size), nn.ReLU()])
        # 定义工序策略网络隐藏层
        for i in range(hidden_layer - 1):
            self.layers.append(nn.Linear(hidden_size, hidden_size))
            self.layers.append(nn.ReLU())
        # 定义工序策略网络输出层
        self.layers.append(nn.Linear(hidden_size, output_size))

    def forward(self, x):
","",4,""
"Method:agents/HMPSAC/SAC.py:PolicyNet.forward#1","forward","agents/HMPSAC/SAC.py",96,100,true,"        self.layers.append(nn.Linear(hidden_size, output_size))

    def forward(self, x):
        for layer in self.layers:
            x = layer(x)
        x = F.softmax(x, dim=-1)
        return x


","",1,""
"Method:agents/HMPSAC/SAC.py:CriticNet.__init__#5","__init__","agents/HMPSAC/SAC.py",105,116,false,"class CriticNet(nn.Module):
    """"""评论家网络""""""
    def __init__(self, input_size, hidden_size, hidden_layer, output_size, seed=None):
        super(CriticNet, self).__init__()
        if seed is not None:
            torch.manual_seed(seed)
        # 定义评论家网络输入层
        self.layers = nn.ModuleList([nn.Linear(input_size, hidden_size), nn.ReLU()])
        # 定义评论家网络隐藏层
        for i in range(hidden_layer - 1):
            self.layers.append(nn.Linear(hidden_size, hidden_size))
            self.layers.append(nn.ReLU())
        # 定义评论家网络输出层
        self.layers.append(nn.Linear(hidden_size, output_size))

    def forward(self, x):
","",5,""
"Method:agents/HMPSAC/SAC.py:CriticNet.forward#1","forward","agents/HMPSAC/SAC.py",118,121,true,"        self.layers.append(nn.Linear(hidden_size, output_size))

    def forward(self, x):
        for layer in self.layers:
            x = layer(x)
        return x


","",1,""
"Method:agents/HMPSAC/SAC.py:SAC_Discrete.__init__#0","__init__","agents/HMPSAC/SAC.py",126,183,false,"class SAC_Discrete(Base_Agent, Config):
    """"""离散动作软演员评论家算法""""""
    def __init__(self):
        Base_Agent.__init__(self)  # 继承基础智能体类
        Config.__init__(self)  # 继承算法超参数类
        self.config = Config()  # 算法控制参数
        self.agent = ""HMP_SAC""
        self.hyper_parameters = self.hyper_parameters[self.agent]  # 算法控制参数
        self.action_types = ""DISCRETE""
        assert self.action_types == ""DISCRETE"", ""Action types must be discrete. Use SAC instead for continuous actions""
        # 定义测试环境
        self.path = 'D:/Python project/HMPSAC_Fluid_Model_MOMDFJSP/data/HMPSAC'  # 测试算例的存储位置
        self.file_name = 'DDT0.5_M10_S1'  # 测试算例的文件夹名字
        self.environment = MO_DFJSP_Environment(use_instance=False, path=self.path, file_name=self.file_name)  # 测试环境
        # 超参数
        self.num_episodes_to_run = self.hyper_parameters[""num_episodes_to_run""]  # 训练周期数
        self.learning_rate = self.hyper_parameters[""learning_rate""]  # 学习率
        self.discount_rate = self.hyper_parameters[""discount_rate""]  # 折扣率
        self.buffer_size = self.hyper_parameters[""buffer_size""]  # 回放记忆缓存大小
        self.batch_size = self.hyper_parameters[""batch_size""]  # 采样批量
        self.gradient_clipping_norm = self.hyper_parameters[""gradient_clipping_norm""]  # 梯度裁剪
        # 算法运行参数
        self.global_step_number = 0  # 运行总步数
        self.episode_number = 0  # 更新周期数
        # 环境状态维度参数
        self.state_size = 30
        self.action_size = 3
        self.actor_input_size = self.state_size
        self.critic_input_size = self.state_size
        # 定义评论家网络
        self.critic_local = CriticNet(input_size=self.critic_input_size, hidden_size=200, hidden_layer=3,
                                      output_size=self.action_size, seed=random.randint(1, 10)).to(self.device)
        self.critic_local_2 = CriticNet(input_size=self.critic_input_size, hidden_size=200, hidden_layer=3,
                                        output_size=self.action_size, seed=random.randint(11, 20)).to(self.device)
        self.critic_optimizer = torch.optim.Adam(self.critic_local.parameters(), lr=self.hyper_parameters[""learning_rate""], eps=1e-4)
        self.critic_optimizer_2 = torch.optim.Adam(self.critic_local_2.parameters(), lr=self.hyper_parameters[""learning_rate""], eps=1e-4)
        self.critic_target = CriticNet(input_size=self.critic_input_size, hidden_size=200, hidden_layer=3, output_size=self.action_size).to(self.device)
        self.critic_target_2 = CriticNet(input_size=self.critic_input_size, hidden_size=200, hidden_layer=3, output_size=self.action_size).to(self.device)
        self.memory = Replay_Buffer(self.hyper_parameters[""buffer_size""], self.hyper_parameters[""batch_size""], device=self.device)
        # 定义策略网络
        self.actor_local = PolicyNet(input_size=self.actor_input_size, hidden_size=200, hidden_layer=3, output_size=self.action_size).to(self.device)
        self.actor_optimizer = torch.optim.Adam(self.actor_local.parameters(), lr=self.hyper_parameters[""learning_rate""], eps=1e-4)
        # 定义熵损失
        self.automatic_entropy_tuning = self.hyper_parameters[""automatically_tune_entropy_hyper_parameter""]
        if self.automatic_entropy_tuning:
            # we set the max possible entropy as the target entropy
            self.target_entropy = -np.log((1.0 / self.action_size)) * 0.98
            self.log_alpha = torch.zeros(1, requires_grad=True, device=self.device)
            self.alpha = self.log_alpha.exp()
            self.alpha_optim = Adam([self.log_alpha], lr=self.hyper_parameters[""learning_rate""], eps=1e-4)
        else:
            self.alpha = self.hyper_parameters[""entropy_term_weight""]
        assert not self.hyper_parameters[""add_extra_noise""], ""目前没有为SAC的离散版本添加额外的噪声选项""
        self.add_extra_noise = False
        self.do_evaluation_iterations = self.hyper_parameters[""do_evaluation_iterations""]
        # 导入三个训练好的目标策略网络
        self.objectives_policy = {'makespan': 0, 'tardiness': 1, 'energy': 2}
        self.action_size_dict = {'task': 12, 'machine': 10}
        self.policy_dict = {0: {}, 1: {}, 2: {}}
        self.load_policy_model()  # 加载网络

    def load_policy_model(self):
","",0,""
"Method:agents/HMPSAC/SAC.py:SAC_Discrete.load_policy_model#0","load_policy_model","agents/HMPSAC/SAC.py",185,194,true,"        self.load_policy_model()  # 加载网络

    def load_policy_model(self):
        """"""加载三目标策略网络""""""
        for objective, policy in self.objectives_policy.items():
            file_path = 'D:/Python project/HMPSAC_Fluid_Model_MOMDFJSP/results/HMPSAC/policy_networks_v5.' + str(policy + 1) + '/'
            actor_net_task = TaskPolicyNet(input_size_1=30, hidden_size=200, hidden_layer_1=3, output_size_1=12).to(self.device)
            actor_net_task.load_state_dict(torch.load(file_path + 'actor_task_model.path'))
            self.policy_dict[policy]['task'] = actor_net_task
            actor_net_machine = MachinePolicyNet(input_size_2=31, hidden_size=200, hidden_layer_2=3, output_size_2=10).to(self.device)
            actor_net_machine.load_state_dict(torch.load(file_path + 'actor_machine_model.path'))
            self.policy_dict[policy]['machine'] = actor_net_machine

    def run_n_episodes(self):
","加载三目标策略网络",0,""
"Method:agents/HMPSAC/SAC.py:SAC_Discrete.run_n_episodes#0","run_n_episodes","agents/HMPSAC/SAC.py",196,245,true,"            self.policy_dict[policy]['machine'] = actor_net_machine

    def run_n_episodes(self):
        """"""运行N个周期""""""
        for epoch in range(self.num_episodes_to_run):
            environment = self.environment
            objectives_values = []
            # 基于三个目标策略网络获得实例的三个目标基准值
            for objective, policy in self.objectives_policy.items():
                # 基于控制策略网络收集训练数据：选择目标+选择工序规则+选择机器规则+基于复合动作step环境
                self.state = environment.reset()
                self.done = environment.done
                while not self.done:
                    action_task = self.pick_lower_action(policy=self.policy_dict[policy]['task'], state=self.state,
                                                         action_size=self.action_size_dict['task'])
                    state_machine = np.append(self.state, action_task)  # 带选择的工序规则信息的状态
                    action_machine = self.pick_lower_action(policy=self.policy_dict[policy]['machine'], state=state_machine,
                                                            action_size=self.action_size_dict['machine'])
                    action_task_machine = np.array([action_task, action_machine])
                    self.next_state, self.reward, self.done = environment.step(action_task_machine, reward_policy=0, completion=None,
                                                                               tardiness=None, energy_consumption=None)
                    self.state = self.next_state
                # 存入对应的目标值
                objectives_values.append([environment.completion_time, environment.delay_time_sum, environment.energy_consumption])
            # 提取最小目标值
            objectives_arr = np.array(objectives_values)
            objectives_value = np.min(objectives_arr, axis=0)
            # 基于控制策略网络收集训练数据：选择目标+选择工序规则+选择机器规则+基于复合动作step环境
            self.state = environment.reset()
            self.done = environment.done
            while not self.done:
                self.action = self.pick_action(self.state)  # 选择目标网络
                action_task = self.pick_lower_action(policy=self.policy_dict[self.action]['task'], state=self.state,
                                                     action_size=self.action_size_dict['task'])
                state_machine = np.append(self.state, action_task)  # 带选择的工序规则信息的状态
                action_machine = self.pick_lower_action(policy=self.policy_dict[self.action]['machine'], state=state_machine,
                                                        action_size=self.action_size_dict['machine'])
                action_task_machine = np.array([action_task, action_machine])
                self.next_state, self.reward, self.done = environment.step(action_task_machine, reward_policy=3, completion=objectives_value[0],
                                                                           tardiness=objectives_value[1], energy_consumption=objectives_value[2])
                self.save_experience(memory=self.memory, experience=(self.state, self.action, self.reward, self.next_state, self.done))
                if self.time_for_critic_and_actor_to_learn():
                    for _ in range(self.hyper_parameters[""learning_updates_per_learning_session""]):
                        self.learn()
                self.state = self.next_state
                self.global_step_number += 1

            print(""总回报："", environment.reward_sum)
            vis.line(X=[self.episode_number], Y=[environment.completion_time], win=window_1, update='append')
            vis.line(X=[self.episode_number], Y=[environment.delay_time_sum], win=window_2, update='append')
            vis.line(X=[self.episode_number], Y=[environment.energy_consumption], win=window_3, update='append')
            self.episode_number += 1

    def pick_action(self, state):
","运行N个周期",0,""
"Method:agents/HMPSAC/SAC.py:SAC_Discrete.pick_action#1","pick_action","agents/HMPSAC/SAC.py",247,253,true,"            self.episode_number += 1

    def pick_action(self, state):
        """"""采样动作""""""
        if self.global_step_number < self.hyper_parameters[""min_steps_before_learning""]:
            action = random.randint(0, self.action_size - 1)
        else:
            action = self.actor_pick_action(state=state)
        return action

    def actor_pick_action(self, state):
","采样动作",1,""
"Method:agents/HMPSAC/SAC.py:SAC_Discrete.actor_pick_action#1","actor_pick_action","agents/HMPSAC/SAC.py",255,262,true,"        return action

    def actor_pick_action(self, state):
        """"""采样一个动作""""""
        state = torch.from_numpy(state).float().unsqueeze(0).to(self.device)
        if len(state.shape) == 1:
            state = state.unsqueeze(0)
        action, _, _ = self.produce_action_and_action_info(state)
        action = action.detach().cpu().numpy()
        return action[0]

    def produce_action_and_action_info(self, state):
","采样一个动作",1,""
"Method:agents/HMPSAC/SAC.py:SAC_Discrete.produce_action_and_action_info#1","produce_action_and_action_info","agents/HMPSAC/SAC.py",264,274,true,"        return action[0]

    def produce_action_and_action_info(self, state):
        """"""输入状态，采样动作，各动作的概率和log概率，最大概率""""""
        action_probabilities = self.actor_local(state)
        max_probability_action = torch.argmax(action_probabilities, dim=-1)
        action_distribution = create_actor_distribution(self.action_types, action_probabilities, self.action_size)
        action = action_distribution.sample().cpu()  # 动作采样
        # Have to deal with situation of 0.0 probabilities because we can't do log 0
        z = action_probabilities == 0.0
        z = z.float() * 1e-8
        log_action_probabilities = torch.log(action_probabilities + z)
        return action, (action_probabilities, log_action_probabilities), max_probability_action

    def pick_lower_action(self, policy, state, action_size):
","输入状态，采样动作，各动作的概率和log概率，最大概率",1,""
"Method:agents/HMPSAC/SAC.py:SAC_Discrete.pick_lower_action#3","pick_lower_action","agents/HMPSAC/SAC.py",276,283,true,"        return action, (action_probabilities, log_action_probabilities), max_probability_action

    def pick_lower_action(self, policy, state, action_size):
        """"""基于策略采样一个动作""""""
        state = torch.from_numpy(state).float().unsqueeze(0).to(self.device)
        actor_output = policy.forward(state)
        action_distribution = create_actor_distribution(self.action_types, actor_output, action_size)
        action = action_distribution.sample().cpu().numpy()
        action = int(action)
        return action

    def time_for_critic_and_actor_to_learn(self):
","基于策略采样一个动作",3,""
"Method:agents/HMPSAC/SAC.py:SAC_Discrete.time_for_critic_and_actor_to_learn#0","time_for_critic_and_actor_to_learn","agents/HMPSAC/SAC.py",285,289,true,"        return action

    def time_for_critic_and_actor_to_learn(self):
        """"""判断是否具有充足的经验去学习""""""
        return self.global_step_number > self.hyper_parameters[""min_steps_before_learning""] and \
               self.enough_experiences_to_learn_from(self.memory, self.batch_size) and \
               self.global_step_number % self.hyper_parameters[""update_every_n_steps""] == 0

    def learn(self):
","判断是否具有充足的经验去学习",0,""
"Method:agents/HMPSAC/SAC.py:SAC_Discrete.learn#0","learn","agents/HMPSAC/SAC.py",291,301,true,"               self.global_step_number % self.hyper_parameters[""update_every_n_steps""] == 0

    def learn(self):
        """"""策略网络+评论家网络+最大熵：参数更新""""""
        state_batch, action_batch, reward_batch, next_state_batch, mask_batch = self.sample_experiences()
        qf1_loss, qf2_loss = self.calculate_critic_losses(state_batch, action_batch, reward_batch, next_state_batch, mask_batch)
        self.update_critic_parameters(qf1_loss, qf2_loss)
        policy_loss, log_pi = self.calculate_actor_loss(state_batch)
        if self.automatic_entropy_tuning:
            alpha_loss = self.calculate_entropy_tuning_loss(log_pi)
        else:
            alpha_loss = None
        self.update_actor_parameters(policy_loss, alpha_loss)

    def sample_experiences(self):
","策略网络+评论家网络+最大熵：参数更新",0,""
"Method:agents/HMPSAC/SAC.py:SAC_Discrete.sample_experiences#0","sample_experiences","agents/HMPSAC/SAC.py",303,304,true,"        self.update_actor_parameters(policy_loss, alpha_loss)

    def sample_experiences(self):
        return self.memory.sample()

    def calculate_critic_losses(self, state_batch, action_batch, reward_batch, next_state_batch, done_batch):
","",0,""
"Method:agents/HMPSAC/SAC.py:SAC_Discrete.calculate_critic_losses#5","calculate_critic_losses","agents/HMPSAC/SAC.py",306,320,true,"        return self.memory.sample()

    def calculate_critic_losses(self, state_batch, action_batch, reward_batch, next_state_batch, done_batch):
        """"""计算两位评论家的损失。这是普通的q学习损失，除了额外的熵项被考虑在内""""""
        with torch.no_grad():
            next_state_action, (action_probabilities, log_action_probabilities), _ = self.produce_action_and_action_info(next_state_batch)
            qf1_next_target = self.critic_target(next_state_batch)
            qf2_next_target = self.critic_target_2(next_state_batch)
            min_qf_next_target = action_probabilities * (torch.min(qf1_next_target, qf2_next_target) - self.alpha * log_action_probabilities)
            min_qf_next_target = min_qf_next_target.sum(dim=1).unsqueeze(-1)
            next_q_value = reward_batch + (1.0 - done_batch) * self.hyper_parameters[""discount_rate""] * min_qf_next_target

        qf1 = self.critic_local(state_batch).gather(1, action_batch.long())
        qf2 = self.critic_local_2(state_batch).gather(1, action_batch.long())
        qf1_loss = F.mse_loss(qf1, next_q_value)
        qf2_loss = F.mse_loss(qf2, next_q_value)
        return qf1_loss, qf2_loss

    def calculate_actor_loss(self, state_batch):
","计算两位评论家的损失。这是普通的q学习损失，除了额外的熵项被考虑在内",5,""
"Method:agents/HMPSAC/SAC.py:SAC_Discrete.calculate_actor_loss#1","calculate_actor_loss","agents/HMPSAC/SAC.py",322,331,true,"        return qf1_loss, qf2_loss

    def calculate_actor_loss(self, state_batch):
        """"""计算策略网络损失""""""
        action, (action_probabilities, log_action_probabilities), _ = self.produce_action_and_action_info(state_batch)
        qf1_pi = self.critic_local(state_batch)
        qf2_pi = self.critic_local_2(state_batch)
        min_qf_pi = torch.min(qf1_pi, qf2_pi)
        inside_term = self.alpha * log_action_probabilities - min_qf_pi
        policy_loss = (action_probabilities * inside_term).sum(dim=1).mean()
        log_action_probabilities = torch.sum(log_action_probabilities * action_probabilities, dim=1)  # 计算熵损失
        return policy_loss, log_action_probabilities

    def calculate_entropy_tuning_loss(self, log_pi):
","计算策略网络损失",1,""
"Method:agents/HMPSAC/SAC.py:SAC_Discrete.calculate_entropy_tuning_loss#1","calculate_entropy_tuning_loss","agents/HMPSAC/SAC.py",333,336,true,"        return policy_loss, log_action_probabilities

    def calculate_entropy_tuning_loss(self, log_pi):
        """"""计算熵参数损失""""""
        alpha_loss = -(self.log_alpha * (log_pi + self.target_entropy).detach()).mean()
        return alpha_loss

    def update_critic_parameters(self, critic_loss_1, critic_loss_2):
","计算熵参数损失",1,""
"Method:agents/HMPSAC/SAC.py:SAC_Discrete.update_critic_parameters#2","update_critic_parameters","agents/HMPSAC/SAC.py",338,343,true,"        return alpha_loss

    def update_critic_parameters(self, critic_loss_1, critic_loss_2):
        """"""更新评论家参数""""""
        self.take_optimisation_step(self.critic_optimizer, self.critic_local, critic_loss_1, self.hyper_parameters[""gradient_clipping_norm""])
        self.take_optimisation_step(self.critic_optimizer_2, self.critic_local_2, critic_loss_2, self.hyper_parameters[""gradient_clipping_norm""])
        self.soft_update_of_target_network(self.critic_local, self.critic_target, self.hyper_parameters[""tau""])
        self.soft_update_of_target_network(self.critic_local_2, self.critic_target_2, self.hyper_parameters[""tau""])

    def update_actor_parameters(self, actor_loss, alpha_loss):
","更新评论家参数",2,""
"Method:agents/HMPSAC/SAC.py:SAC_Discrete.update_actor_parameters#2","update_actor_parameters","agents/HMPSAC/SAC.py",345,350,true,"        self.soft_update_of_target_network(self.critic_local_2, self.critic_target_2, self.hyper_parameters[""tau""])

    def update_actor_parameters(self, actor_loss, alpha_loss):
        """"""更新策略网络+熵参数""""""
        self.take_optimisation_step(self.actor_optimizer, self.actor_local, actor_loss, self.hyper_parameters[""gradient_clipping_norm""])
        if alpha_loss is not None:
            self.take_optimisation_step(self.alpha_optim, None, alpha_loss, None)
            self.alpha = self.log_alpha.exp()


","更新策略网络+熵参数",2,""
"Method:environments/Instance_generate.py:Instance.__init__#3","__init__","environments/Instance_generate.py",23,36,false,"    文件命名方式 DDT0.5_M10_S1
    """"""
    def __init__(self, DDT=None, M=None, S=None):
        # 问题特点
        self.DDT = DDT  # 交期紧急度
        self.machine_count = M  # 机器数
        self.machine_tuple = tuple(m for m in range(self.machine_count))  # 机器元组
        self.order_count = S  # 新到达的订单总数
        self.order_tuple = tuple(s for s in range(self.order_count))  # 订单元组
        self.kind_count = self.kind_count_random  # 工件类型数
        self.kind_tuple = tuple(r for r in range(self.kind_count))  # 工件类型元组
        self.file_name = 'DDT' + str(DDT) + '_M' + str(M) + '_S' + str(S)  # 算例文件夹名
        # 工序元组索引，可选机器元组索引，在各机器上的加工时间，订单中各类型工件数量， 订单到达时间， 订单交期时间
        self.task_r_dict, self.machine_rj_dict, self.kind_task_m_dict, self.time_rjm_dict, self.count_sr_dict, \
        self.time_arrive_s_dict, self.time_delivery_s_dict, self.kind_task_tuple, self.time_mrj_dict, \
        self.time_rj_dict, self.power_mrj_dict, self.power_m_dict = self.process_information()

    """"""工件类型总数""""""
","",3,""
"Method:environments/Instance_generate.py:Instance.kind_count_random#0","kind_count_random","environments/Instance_generate.py",40,41,true,"    """"""工件类型总数""""""
    @property
    def kind_count_random(self):
        return randint(3, 12)
    """"""每种工件类型的工序数""""""
    @property
","",0,""
"Method:environments/Instance_generate.py:Instance.J_r#0","J_r","environments/Instance_generate.py",44,45,true,"    """"""每种工件类型的工序数""""""
    @property
    def J_r(self):
        return randint(3, 5)
    """"""工序在可选机器上的加工时间""""""
    @property
","",0,""
"Method:environments/Instance_generate.py:Instance.t_rjm#0","t_rjm","environments/Instance_generate.py",48,49,true,"    """"""工序在可选机器上的加工时间""""""
    @property
    def t_rjm(self):
        return randint(40, 400)
    """"""每个订单中包含的每种工件类型的工件数量""""""
    @property
","",0,""
"Method:environments/Instance_generate.py:Instance.N_sr#0","N_sr","environments/Instance_generate.py",52,53,true,"    """"""每个订单中包含的每种工件类型的工件数量""""""
    @property
    def N_sr(self):
        return randint(5, 50)
    """"""订单到达时间间隔""""""
    @property
","",0,""
"Method:environments/Instance_generate.py:Instance.t_si#0","t_si","environments/Instance_generate.py",56,57,true,"    """"""订单到达时间间隔""""""
    @property
    def t_si(self):
        return uniform(100, 200)
    """"""工序在可选机器上的加工功率""""""
    @property
","",0,""
"Method:environments/Instance_generate.py:Instance.p_rjm#0","p_rjm","environments/Instance_generate.py",60,61,true,"    """"""工序在可选机器上的加工功率""""""
    @property
    def p_rjm(self):
        return randint(10, 200)
    """"""机器的待机功率""""""
    @property
","",0,""
"Method:environments/Instance_generate.py:Instance.p_m_idle#0","p_m_idle","environments/Instance_generate.py",64,65,true,"    """"""机器的待机功率""""""
    @property
    def p_m_idle(self):
        return randint(1, 9)

    def process_information(self):
","",0,""
"Method:environments/Instance_generate.py:Instance.process_information#0","process_information","environments/Instance_generate.py",67,93,true,"        return randint(1, 9)

    def process_information(self):
        """"""生成实例文件数据，并存入csv文件""""""
        # 机器、工件信息
        task_r_dict = {r: tuple(j for j in range(self.J_r)) for r in self.kind_tuple}  # [r]对应工序元组
        kind_task_tuple = tuple((r, j) for r in self.kind_tuple for j in task_r_dict[r])  # 工序类型元组
        machine_rj_dict = {(r, j): tuple(np.random.choice(self.machine_tuple, randint(1, self.machine_count), replace=False)) for (r, j) in kind_task_tuple}  # (r, j) 可选机器元组
        time_rjm_dict = {(r, j): {m: self.t_rjm for m in machine_rj_dict[(r, j)]} for (r, j) in kind_task_tuple}  # [(r, j)][m]加工时间
        kind_task_m_dict = {m: tuple((r, j) for (r, j) in kind_task_tuple if m in machine_rj_dict[(r, j)]) for m in self.machine_tuple}
        time_mrj_dict = {m: {(r, j): time_rjm_dict[(r, j)][m] for (r, j) in kind_task_m_dict[m]} for m in self.machine_tuple}
        # 各工序加工时间均值
        time_rj_dict = {(r, j): sum([time_rjm_dict[(r, j)][m] for m in machine_rj_dict[(r, j)]]) / len(machine_rj_dict[(r, j)]) for (r, j) in kind_task_tuple}
        # 订单信息
        count_sr_dict = {s: tuple(self.N_sr for r in range(len(task_r_dict))) for s in self.order_tuple}  # [s][r]工件类型的数量
        time_gap_s_dict = {s: sum([time_rj_dict[(r, j)]*count_sr_dict[s][r] for (r, j) in kind_task_tuple]) *
                              self.DDT/(self.machine_count*2) for s in self.order_tuple}  # 各订单交期-到达时间差值
        time_interval_list = [self.t_si for s in range(self.order_count - 1)]  # 各订单的间隔时间
        time_interval_list.insert(0, 0)
        time_arrive_s_dict = {s: int(sum(time_interval_list[:s + 1])) for s in self.order_tuple}  # 各订单的到达时间
        time_delivery_list = [time_arrive_s_dict[s] + time_gap_s_dict[s] for s in self.order_tuple]
        time_delivery_list.sort()
        time_delivery_s_dict = {s: int(time_delivery_list[s]) for s in self.order_tuple}  # 各订单的交期时间
        # 生成加工功率相关信息
        power_mrj_dict = {m: {rj: self.p_rjm for rj in kind_task_m_dict[m]} for m in self.machine_tuple}
        power_m_dict = {m: self.p_m_idle for m in self.machine_tuple}

        return task_r_dict, machine_rj_dict, kind_task_m_dict, time_rjm_dict, count_sr_dict, time_arrive_s_dict, \
               time_delivery_s_dict, kind_task_tuple, time_mrj_dict, time_rj_dict, power_mrj_dict, power_m_dict

    def write_file(self):
","生成实例文件数据，并存入csv文件",0,""
"Method:environments/Instance_generate.py:Instance.write_file#0","write_file","environments/Instance_generate.py",95,119,true,"               time_delivery_s_dict, kind_task_tuple, time_mrj_dict, time_rj_dict, power_mrj_dict, power_m_dict

    def write_file(self):
        """"""写入csv文件""""""
        os.makedirs(os.path.join('../data/DA3C', self.file_name), exist_ok=True)  # 新建实例文件夹
        file_csv = {'based_data.csv': ['kind_count', 'machine_count', 'order_count'],
                    'process_data.csv': ['kind', 'task', 'machine_selectable', 'process_time'],
                    'order_data.csv': ['order', 'time_arrive', 'time_delivery', 'kind_number']}

        for csv_name, header in file_csv.items():
            data_file = os.path.join('../data/DA3C', self.file_name, csv_name)
            with open(data_file, 'w', newline='') as f:
                writer = csv.writer(f)
                writer.writerow(header)
                rows = []  # 初始化写入数据
                if csv_name == 'based_data.csv':
                    rows.append([self.kind_count, self.machine_count, self.order_count])
                elif csv_name == 'process_data.csv':
                    for r in self.kind_tuple:
                        for j in self.task_r_dict[r]:
                            time_machine_tuple = tuple(self.time_rjm_dict[(r, j)][m] for m in self.machine_rj_dict[(r, j)])
                            rows.append([r, j, self.machine_rj_dict[(r, j)], time_machine_tuple])
                else:
                    for s in self.order_tuple:
                        rows.append([s, self.time_arrive_s_dict[s], self.time_delivery_s_dict[s], self.count_sr_dict[s]])
                writer.writerows(rows)
        print(""写入完成"")


","写入csv文件",0,""
"Method:environments/MO_DFJSP_breakdown.py:MO_DFJSP_Environment.__init__","__init__","environments/MO_DFJSP_breakdown.py",13,55,false,"class MO_DFJSP_Environment(FJSP):
    """"""单目标柔性作业车间调度环境""""""
    def __init__(self, use_instance=True, **kwargs):
        super().__init__(use_instance=use_instance, **kwargs)
        # 封装基本属性
        self.step_count = 0  # 决策步
        self.step_time = 0  # 时间点
        self.order_arrive_time = 0  # 顶顶那到达时间点
        self.last_observation_state = None  # 上一步观察到的状态 v(t-1)
        self.observation_state = None  # 当前时间步的状态 v(t)
        self.state_gap = None  # v(t) - v(t-1)
        self.state = None  # s(t)
        self.next_state = None  # 下一步状态  s(t+1)
        self.reward = None  # 即时奖励
        self.done = False  # 是否为终止状态
        # 动作和观察的状态空间维度
        self.actions_size = [12, 10]  # 二维离散动作空间
        self.action_tuple = tuple((a1, a2) for a1 in range(self.actions_size[0]) for a2 in range(self.actions_size[1]))
        self.action_space = [a for a in range(self.actions_size[0])]
        self.state_size = 30  # 状态空间
        self.action_types = ""DISCRETE""  # 动作类型
        self.observation_space = 15  # 观察的状态向量空间
        self.reward_sum = 0  # 累计回报
        self.completion_time = 0  # 当前时间点完工时间
        self.completion_time_last = 0  # 上一时间步完工时间
        self.utilize_rate = 0  # 当前时间点机器平均利用率
        self.utilize_rate_last = 0  # 上一时间点机器平均利用率
        self.energy_consumption = 0  # 总能耗
        self.energy_consumption_last = 0  # 上一步骤总能耗
        # 工序和机器选择规则相关属性
        self.order_object_list = []  # 未处理订单列表
        self.kind_task_delay_e_list = []  # 估计延期工序类型列表
        self.kind_task_delay_a_list = []  # 实际延期工序类型列表
        self.kind_task_delay_time_a = {}  # 工序类型实际延期时间
        self.kind_task_delay_time_e = {}  # 工序类型估计延期时间
        self.kind_task_delivery_urgency = {}  # 工件类型的交期紧急度
        self.kind_task_due_date = {}  # 工序类型的最小交期
        # 回报计算相关属性
        self.delay_time_sum_last = 0  # 工件上一步实际总延期时间
        self.delay_time_sum = 0  # 当前时间步工件实际总延期时间
        self.delay_time_sum_processed = 0  # 已完工工件的实际总延期时间
        self.delay_time_sum_unprocessed = 0  # 未完工工件的实际总延期时间
        self.delay_time_sum_unprocessed_last = 0  # 上一时间步未完工工件的实际总延期时间
        self.gap_ave_value_last = 0  # 上一时间步的工序类型gap均值
        # print(""成功定义环境类"")

    def reset(self):
","",0,""
"Method:environments/MO_DFJSP_breakdown.py:MO_DFJSP_Environment.reset#0","reset","environments/MO_DFJSP_breakdown.py",57,88,true,"        # print(""成功定义环境类"")

    def reset(self):
        """"""重置环境状态""""""
        self.order_object_list = [self.order_dict[s] for s in self.order_tuple]  # 未到达订单对象列表
        self.reset_parameter()  # 初始化参数对象中的列表和字典
        self.reset_object_add(self.order_object_list[0])  # 新订单到达后更新各字典对象
        self.order_object_list.remove(self.order_object_list[0])  # 更新未到达订单对象列表
        # 重置回报相关属性
        self.delay_time_sum_last = 0  # 上一时间步工件实际总延期时间
        self.delay_time_sum = 0  # 当前时间步工件实际总延期时间
        self.delay_time_sum_processed = 0  # 已完工工件的总延期时间
        self.delay_time_sum_unprocessed = 0  # 未完工工件的总延期时间
        self.delay_time_sum_unprocessed_last = 0
        self.reward_sum = 0  # 累计回报
        self.gap_ave_value_last = 0
        self.completion_time_last = 0  # 上一时间步完工时间
        self.completion_time = 0
        self.utilize_rate = 0  # 当前时间点机器平均利用率
        self.utilize_rate_last = 0  # 上一时间点机器平均利用率
        self.energy_consumption = 0  # 总能耗
        self.energy_consumption_last = 0  # 上一步骤总能耗
        # 重置时间步和当前时间点
        self.step_count = 0
        self.step_time = 0
        # 重置上一时间步和当前时间步观察到的状态
        self.last_observation_state = self.state_extract()  # 上一步观察到的状态 v(t-1)
        self.observation_state = self.state_extract()  # 当前时间步的状态 v(t)
        self.state_gap = np.array(self.observation_state) - np.array(self.last_observation_state)  # v(t) - v(t-1)
        self.state = np.concatenate((np.array(self.observation_state), self.state_gap))  # 状态向量 [v(t), v(t) - v(t-1)]
        self.next_state = None  # 下一步状态
        self.reward = None  # 即时奖励
        self.done = False  # 是否为终止状态
        return self.state

    def state_extract(self):
","重置环境状态",0,""
"Method:environments/MO_DFJSP_breakdown.py:MO_DFJSP_Environment.state_extract#0","state_extract","environments/MO_DFJSP_breakdown.py",90,117,true,"        return self.state

    def state_extract(self):
        """"""
        提取状态向量 更新相关参数
        """"""
        # M = len(self.machine_idle_list) / self.machine_count  # 空闲机器数占总机器数的比例
        DDT = self.DDT  # 交期紧急度
        M = self.machine_count  # 机器数
        S = self.order_count
        utilize_rate_ave = self.utilize_rate_ave  # 机器平均利用率
        utilize_rate_std = math.sqrt(sum(math.pow(machine_object.utilize_rate - utilize_rate_ave, 2)
                                         for m, machine_object in self.machine_dict.items())/self.machine_count)  # 机器利用率标准差
        ct_m_ave = self.ct_m_ave  # 机器的平均完工时间
        ct_m_std = math.sqrt(sum(math.pow(machine_object.time_end - ct_m_ave, 2) for m, machine_object
                                 in self.machine_dict.items())/self.machine_count)   # 机器完工时间标准差
        ratio_idle = len(self.fluid_kind_task_available_list)/(len(self.kind_task_available_list) + 1e-08)  # 可选工序类型数比值
        cro_ave = sum(kind_task_object.finish_rate for (r, j), kind_task_object in
                      self.kind_task_dict.items())/len(self.kind_task_tuple)  # 工序类型完工率均值
        cro_std = math.sqrt(sum(math.pow(kind_task_object.finish_rate - cro_ave, 2) for (r, j), kind_task_object
                                in self.kind_task_dict.items())/len(self.kind_task_tuple))  # 工序类型完工率标准差
        gap_ave = sum(kind_task_object.gap_rate for (r, j), kind_task_object
                      in self.kind_task_dict.items())/len(self.kind_task_tuple)  # 工序类型gap_rj均值
        gap_std = math.sqrt(sum(math.pow(kind_task_object.gap_rate - gap_ave, 2) for (r, j), kind_task_object
                                in self.kind_task_dict.items())/len(self.kind_task_tuple))  # 工序类型gap_rj标准差
        gap_m_ave = sum(machine_object.gap_ave for m, machine_object in self.machine_dict.items())/self.machine_count  # 机器gap_m均值
        gap_m_std = math.sqrt(sum(math.pow(machine_object.gap_ave - gap_m_ave, 2) for m, machine_object
                                 in self.machine_dict.items())/self.machine_count)   # 机器gap_m标准差
        dro_a, dro_e, drj_a, drj_e = self.update_parameter()  # 返回工序实际和估计延迟率、工件实际和估计延迟率+更新相关参数
        return [DDT, M, S, ct_m_std, ratio_idle, cro_ave, cro_std, gap_ave, gap_std, gap_m_ave, gap_m_std, dro_a, dro_e, drj_a, drj_e]

    def update_parameter(self):
","提取状态向量 更新相关参数",0,""
"Method:environments/MO_DFJSP_breakdown.py:MO_DFJSP_Environment.update_parameter#0","update_parameter","environments/MO_DFJSP_breakdown.py",119,186,true,"        return [DDT, M, S, ct_m_std, ratio_idle, cro_ave, cro_std, gap_ave, gap_std, gap_m_ave, gap_m_std, dro_a, dro_e, drj_a, drj_e]

    def update_parameter(self):
        """"""
        计算当前时间步：剩余工序实际延迟率和估计延迟率+剩余工件实际延迟率+估计延迟率
        更新参数：工序类型的估计/实际延期时间最大值+工序类型的最小交期值+实际/估计延迟工序类型集合
        """"""
        delay_task_number_a = 0  # 实际延迟工序总数
        delay_task_number_e = 0  # 估计延迟工序总数
        task_number = 0  # 剩余工序总数
        delay_job_number_a = 0  # 实际延迟工件总数
        delay_job_number_e = 0  # 估计延迟工件总数
        job_number = 0  # 剩余工件总数
        self.delay_time_sum_unprocessed = 0  # 剩余工件的实际延期时间
        self.kind_task_delay_e_list = []  # 估计延期工序类型列表
        self.kind_task_delay_a_list = []  # 实际延期工序类型列表
        # time_start_point = max(self.ct_m_ave, self.step_time)  # 估计开始时间点
        time_start_point = self.step_time  # 时间点
        # 依据流体模型计算各值: 计算剩余工件的实际延总数和估计延迟总数
        for r, kind_object in self.kind_dict.items():
            job_number += len(kind_object.job_unprocessed_list)  # 剩余工件总数
            kind_end_task_object = self.kind_task_dict[(r, self.task_r_dict[r][-1])]  # 该类工件的最后一道工序对象
            for job_index, job_object in enumerate(kind_end_task_object.job_unprocessed_list):
                if time_start_point > job_object.due_date:
                    delay_job_number_a += 1  # 剩余工件的实际延迟数
                    self.delay_time_sum_unprocessed += (time_start_point - job_object.due_date)  # 更新未完工工件的实际总延迟时间
                if time_start_point + kind_end_task_object.fluid_time_sum*(job_index + 1) > job_object.due_date:
                    delay_job_number_e += 1  # 剩余工件的估计延迟数
        # 计算剩余工序的实际延迟总数和估计延迟总数
        for (r, j), kind_task_object in self.kind_task_dict.items():
            task_residue_rj = len(kind_task_object.task_unprocessed_list)  # rj的剩余工序总数
            task_number += task_residue_rj  # 更新剩余工序总数
            task_delay_rj_a = 0  # rj实际延期工序总数
            task_delay_rj_e = 0  # rj估计延期工序总数
            task_delay_time_rj_a = []  # rj 中未处理工序对象的(time_now-time_due_date)列表
            task_delay_time_rj_e = []  # rj 中未处理工序对象的(estimate_time-due_date)列表
            for task_index, task_object in enumerate(kind_task_object.task_unprocessed_list):
                if time_start_point > task_object.due_date:
                    task_delay_rj_a += 1
                if time_start_point + kind_task_object.fluid_time_sum*(task_index + 1) > task_object.due_date:
                    task_delay_rj_e += 1
                task_delay_time_rj_a.append(time_start_point - task_object.due_date)
                task_delay_time_rj_e.append(time_start_point + kind_task_object.fluid_time_sum*(task_index + 1) -
                                            task_object.due_date)
            # 更新实际和估计延迟工序数
            delay_task_number_a += task_delay_rj_a  # 更新实际延期工序数
            delay_task_number_e += task_delay_rj_e  # 更新估计延期工序数
            # 各工序最大延期时间/实际和估计延期工序类型
            if (r, j) in self.kind_task_available_list:
                if task_delay_rj_a > 0:
                    self.kind_task_delay_a_list.append((r, j))  # 实际延期工序类型列表
                    self.kind_task_delay_time_a[(r, j)] = max(task_delay_time_rj_a)  # rj最大实际延期时间
                if task_delay_rj_e > 0:
                    self.kind_task_delay_e_list.append((r, j))  # 估计延期工序类型列表
                    self.kind_task_delay_time_e[(r, j)] = max(task_delay_time_rj_e)  # rj最大估计延期时间
                # 更新rj交期紧急度
                self.kind_task_delivery_urgency[(r, j)] = sum(task_delay_time_rj_e)/task_residue_rj  # rj交期紧急度
                self.kind_task_due_date[(r, j)] = kind_task_object.due_date_min  # 最小交期时间
        # 输出延迟率
        if not self.done:
            dro_a = delay_task_number_a / task_number  # 实际剩余工序延迟率
            dro_e = delay_task_number_e / task_number  # 估计剩余工序延迟率
            drj_a = delay_job_number_a / job_number  # 实际剩余工件延迟率
            drj_e = delay_job_number_e / job_number  # 估计剩余工件延迟率
        else:
            dro_a = 0  # 实际剩余工序延迟率
            dro_e = 0  # 估计剩余工序延迟率
            drj_a = 0  # 实际剩余工件延迟率
            drj_e = 0  # 估计剩余工件延迟率
        return dro_a, dro_e, drj_a, drj_e

    def step(self, action, reward_policy=None, completion=None, tardiness=None, energy_consumption=None):
","计算当前时间步：剩余工序实际延迟率和估计延迟率+剩余工件实际延迟率+估计延迟率 更新参数：工序类型的估计/实际延期时间最大值+工序类型的最小交期值+实际/估计延迟工序类型集合",0,""
"Method:environments/MO_DFJSP_breakdown.py:MO_DFJSP_Environment.step#5","step","environments/MO_DFJSP_breakdown.py",188,327,true,"        return dro_a, dro_e, drj_a, drj_e

    def step(self, action, reward_policy=None, completion=None, tardiness=None, energy_consumption=None):
        """"""根据动作选择工序选择规则+机器分配规则""""""
        if len(action) == 1:
            action = self.action_tuple[action[0]]
        task_rule = action[0] + 1  # 工序类型选择规则
        machine_rule = action[1] + 1  # 机器选择规则
        rj_selected = self.task_select(task_rule)  # 选择的工序类型
        m_selected = self.machine_select(machine_rule, rj_selected)  # 选择的机器
        # 定义相关对象
        job_object_selected = self.kind_task_dict[rj_selected].job_now_list[0]  # 工件对象
        task_object_selected = job_object_selected.task_unprocessed_list[0]  # 工序对象
        kind_task_object_selected = self.kind_task_dict[rj_selected]  # 工序类型对象
        kind_object_selected = self.kind_dict[rj_selected[0]]  # 工件类型对象
        machine_object_selected = self.machine_dict[m_selected]  # 机器对象

        # 检查是否有故障在工序加工结束前发生
        current_time = self.step_time
        task_duration = self.time_mrj_dict[m_selected][rj_selected]
        task_start_time = current_time
        task_end_time = current_time + task_duration
        breakdowns = self.breakdown_m_dict.get(m_selected, [])
        machine_end_time = task_end_time
        # 检查是否有故障在工序加工期间发生
        for breakdown_start, breakdown_end in breakdowns:
            # 机器故障在加工开始前出现，且故障结束前工序被分配到了该机器
            if breakdown_start <= current_time < breakdown_end:
                delay = breakdown_end - current_time
                task_start_time += delay
                task_end_time += delay
                machine_end_time = task_end_time
            # 机器故障在工序加工期间出现
            elif current_time < breakdown_start < task_end_time:
                delay = breakdown_end - breakdown_start
                task_end_time += delay
                machine_end_time = task_end_time
                # 工序已经开始，机器故障不会影响工序开始时间，只会延长结束时间
            # 机器故障在工序加工结束时出现
            elif breakdown_start == task_end_time:
                # 故障发生在工序结束时，不会影响当前工序的结束时间，但机器的下一个工序会被推迟。
                machine_end_time += (breakdown_end - breakdown_start)
            # 如果故障在工序结束之后才开始，不影响当前工序，无需更新时间
            elif breakdown_start > task_end_time:
                break

        # 更新工序对象属性
        task_object_selected.time_begin = task_start_time  # 工序开工时间
        task_object_selected.machine = m_selected  # 选择的机器
        task_object_selected.time_end = task_end_time  # 完工时间
        # 更新工件对象属性
        job_object_selected.task_list.append(task_object_selected)  # 更新已分配机器工序对象列表
        job_object_selected.task_unprocessed_list.remove(task_object_selected)  # 更新未分配机器工序对象列表
        # 更新工序类型对象
        kind_task_object_selected.job_now_list.remove(job_object_selected)  # 更新处于该工序段的工件对象列表
        kind_task_object_selected.job_unprocessed_list.remove(job_object_selected)  # 更新该工序段未加工的工件对象列表
        kind_task_object_selected.task_unprocessed_list.remove(task_object_selected)  # 更新该工序段未加工的工序对象列表
        kind_task_object_selected.task_processed_list.append(task_object_selected)  # 更新该工序段已分配机器的工序对象列表
        # 更新机器对象
        machine_object_selected.state = 1  # 更新机器状态为'忙碌'
        machine_object_selected.time_end = machine_end_time  # 更新机器完工时间
        machine_object_selected.task_list.append(task_object_selected)  # 更新机器已加工工序对象列表
        machine_object_selected.job_object = job_object_selected  # 更新机器正在加工的工件对象
        machine_object_selected.unprocessed_rj_dict[rj_selected] -= 1  # 更新该机器未加工工序rj的数量
        # 更新最大完工时间
        self.completion_time = max(self.completion_time, task_object_selected.time_end)
        # 更新总能耗
        self.energy_consumption += self.energy_mrj_dict[m_selected][rj_selected]  # 更新加工能耗
        if len(machine_object_selected.task_list) >= 2:  # 更新待机能耗
            self.energy_consumption += (self.step_time - machine_object_selected.task_list[-2].time_end) * self.power_m_dict[m_selected]
        # 更新工件类型对象和当前步实际总延期时间
        if len(job_object_selected.task_unprocessed_list) == 0:
            kind_object_selected.job_unprocessed_list.remove(job_object_selected)
            self.delay_time_sum_processed += max(task_object_selected.time_end - task_object_selected.due_date, 0)  # 已完工工件的实际总延期时间
        # 判断是否移动时钟
        while len(self.kind_task_available_list) == 0:
            time_point_list = [self.machine_dict[m].time_end for m in self.machine_tuple
                               if self.machine_dict[m].time_end > self.step_time]
            self.step_time = min(time_point_list)
            # 更新对象相关属性: 工序类型阶段的工件对象列表
            for m, machine_object in self.machine_dict.items():
                if machine_object.time_end == self.step_time:
                    job_object = machine_object.job_object  # 刚加工完的工件对象
                    if len(job_object.task_unprocessed_list) > 0:
                        task_object = job_object.task_unprocessed_list[0]  # 新到达的工序对象
                        kind_task_object = self.
... [truncated]","根据动作选择工序选择规则+机器分配规则",5,""
"Method:environments/MO_DFJSP_breakdown.py:MO_DFJSP_Environment.task_select#1","task_select","environments/MO_DFJSP_breakdown.py",329,381,true,"        return self.state, self.reward, self.done

    def task_select(self, task_rule):
        """"""6个工序选择规则""""""
        if task_rule == 1:  # 工序选择规则1
            if len(self.kind_task_delay_e_list) == 0:
                rj = max(self.kind_task_available_list, key=lambda x: self.kind_task_delivery_urgency[x])
            else:
                rj = max(self.kind_task_delay_e_list, key=lambda x: self.kind_task_delay_time_e[x])
        elif task_rule == 2:   # 工序选择规则2
            if len(self.kind_task_delay_a_list) == 0:
                rj = max(self.kind_task_available_list, key=lambda x: self.kind_task_delivery_urgency[x])
            else:
                rj = max(self.kind_task_delay_a_list, key=lambda x: self.kind_task_delay_time_a[x])
        elif task_rule == 3:  # 工序选择规则3
            if len(self.fluid_kind_task_available_list) == 0:
                rj = max(self.kind_task_available_list, key=lambda x: self.kind_task_dict[x].gap)
            else:
                rj = max(self.fluid_kind_task_available_list, key=lambda x: self.kind_task_dict[x].gap)
        elif task_rule == 4:  # 工序选择规则4
            if len(self.fluid_kind_task_available_list) == 0:
                rj = max(self.kind_task_available_list, key=lambda x: self.kind_task_delivery_urgency[x])
            else:
                rj = max(self.fluid_kind_task_available_list, key=lambda x: self.kind_task_delivery_urgency[x])
        elif task_rule == 5:   # 工序选择规则5
            if len(self.fluid_kind_task_available_list) == 0:
                rj = min(self.kind_task_available_list, key=lambda x: self.kind_task_due_date[x])
            else:
                rj = min(self.fluid_kind_task_available_list, key=lambda x: self.kind_task_due_date[x])
        elif task_rule == 6:   # 工序选择规则5
            rj = min(self.kind_task_available_list, key=lambda x: self.kind_task_due_date[x])
        elif task_rule == 7:   # 工序选择规则6
            if len(self.fluid_kind_task_available_list) == 0:
                rj = min(self.kind_task_available_list, key=lambda x: self.energy_min_rj(x))
            else:
                rj = min(self.fluid_kind_task_available_list, key=lambda x: self.energy_min_fluid_rj(x))
        elif task_rule == 8:   # 工序选择规则6
            rj = min(self.kind_task_available_list, key=lambda x: self.energy_min_rj(x))
        elif task_rule == 9:   # 工序选择规则6
            if len(self.fluid_kind_task_available_list) == 0:
                rj = min(self.kind_task_available_list, key=lambda x: self.time_min_rj(x))
            else:
                rj = min(self.fluid_kind_task_available_list, key=lambda x: self.time_min_fluid_rj(x))
        elif task_rule == 10:   # 工序选择规则6
            rj = min(self.kind_task_available_list, key=lambda x: self.time_min_rj(x))
        elif task_rule == 11:   # 工序选择规则6
            if len(self.fluid_kind_task_available_list) == 0:
                rj = random.choice(self.kind_task_available_list)
            else:
                rj = random.choice(self.fluid_kind_task_available_list)
        elif task_rule == 12:  # 工序选择规则7
            rj = random.choice(self.kind_task_available_list)
        else:
            raise MyError(""报错：未定义该工序动作规则"")
        return rj

    def machine_select(self, machine_rule, rj_selected):
","6个工序选择规则",1,""
"Method:environments/MO_DFJSP_breakdown.py:MO_DFJSP_Environment.machine_select#2","machine_select","environments/MO_DFJSP_breakdown.py",383,427,true,"        return rj

    def machine_select(self, machine_rule, rj_selected):
        """"""4个机器分配规则""""""
        machine_selectable_list = self.machine_available_rj_selectable(rj_selected)
        fluid_machine_selectable_list = self.machine_fluid_available_rj_selectable(rj_selected)
        if machine_rule == 1:  # 机器分配规则1
            if len(fluid_machine_selectable_list) == 0:
                m = max(machine_selectable_list, key=lambda x: self.machine_dict[x].gap_rj_dict[rj_selected])
            else:
                m = max(fluid_machine_selectable_list, key=lambda x: self.machine_dict[x].gap_rj_dict[rj_selected])
        elif machine_rule == 2:  # 机器分配规则2
            if len(fluid_machine_selectable_list) == 0:
                m = min(machine_selectable_list, key=lambda x: self.time_mrj_dict[x][rj_selected])
            else:
                m = min(fluid_machine_selectable_list, key=lambda x: self.time_mrj_dict[x][rj_selected])
        elif machine_rule == 3:  # 机器分配规则2
            m = min(machine_selectable_list, key=lambda x: self.time_mrj_dict[x][rj_selected])
        elif machine_rule == 4:  # 机器分配规则3
            if len(fluid_machine_selectable_list) == 0:
                m = max(machine_selectable_list, key=lambda x: self.machine_dict[x].gap_ave)
            else:
                m = max(fluid_machine_selectable_list, key=lambda x: self.machine_dict[x].gap_ave)
        elif machine_rule == 5:  # 机器分配规则4
            if len(fluid_machine_selectable_list) == 0:
                m = min(machine_selectable_list, key=lambda x: self.energy_mrj_dict[x][rj_selected])
            else:
                m = min(fluid_machine_selectable_list, key=lambda x: self.energy_mrj_dict[x][rj_selected])
        elif machine_rule == 6:  # 机器分配规则4
            m = min(machine_selectable_list, key=lambda x: self.energy_mrj_dict[x][rj_selected])
        elif machine_rule == 7:  # 机器分配规则5
            if len(fluid_machine_selectable_list) == 0:
                m = min(machine_selectable_list, key=lambda x: self.power_m_dict[x])
            else:
                m = min(fluid_machine_selectable_list, key=lambda x: self.power_m_dict[x])
        elif machine_rule == 8:  # 机器分配规则5
            m = min(machine_selectable_list, key=lambda x: self.power_m_dict[x])
        elif machine_rule == 9:  # 机器分配规则5
            if len(fluid_machine_selectable_list) == 0:
                m = random.choice(machine_selectable_list)
            else:
                m = random.choice(fluid_machine_selectable_list)
        elif machine_rule == 10:  # 机器分配规则7
            m = random.choice(machine_selectable_list)
        else:
            raise MyError(""报错：未定义该机器分配规则。"")
        return m

    def compute_reward(self, reward_policy=None, completion=None, tardiness=None, energy_consumption=None):
","4个机器分配规则",2,""
"Method:environments/MO_DFJSP_breakdown.py:MO_DFJSP_Environment.compute_reward#4","compute_reward","environments/MO_DFJSP_breakdown.py",429,446,true,"        return m

    def compute_reward(self, reward_policy=None, completion=None, tardiness=None, energy_consumption=None):
        """"""回报函数的选择""""""
        if reward_policy == 0:
            return self.completion_time_last - self.completion_time
        elif reward_policy == 1:
            return self.delay_time_sum_last - self.delay_time_sum
        elif reward_policy == 2:
            return self.energy_consumption_last - self.energy_consumption
        elif reward_policy == 3:
            if tardiness > 0:
                return (self.completion_time_last - self.completion_time)/completion + \
                       (self.delay_time_sum_last - self.delay_time_sum)/tardiness + \
                       (self.energy_consumption_last - self.energy_consumption)/energy_consumption
            else:
                return (self.completion_time_last - self.completion_time) / completion + \
                       (self.energy_consumption_last - self.energy_consumption) / energy_consumption
        else:
            raise MyError(""未定义该回报函数"")

    def machine_available_rj_selectable(self, rj_selected):
","回报函数的选择",4,""
"Method:environments/MO_DFJSP_breakdown.py:MO_DFJSP_Environment.machine_available_rj_selectable#1","machine_available_rj_selectable","environments/MO_DFJSP_breakdown.py",448,451,true,"            raise MyError(""未定义该回报函数"")

    def machine_available_rj_selectable(self, rj_selected):
        """"""返回选择的工序实际可选加工机器集合""""""
        machine_selectable_list = list(set(self.machine_idle_list) & set(self.kind_task_dict[rj_selected].machine_tuple))
        return machine_selectable_list

    def machine_fluid_available_rj_selectable(self, rj_selected):
","返回选择的工序实际可选加工机器集合",1,""
"Method:environments/MO_DFJSP_breakdown.py:MO_DFJSP_Environment.machine_fluid_available_rj_selectable#1","machine_fluid_available_rj_selectable","environments/MO_DFJSP_breakdown.py",453,456,true,"        return machine_selectable_list

    def machine_fluid_available_rj_selectable(self, rj_selected):
        """"""返回选择的工序流体可选加工机器集合""""""
        fluid_machine_selectable_list = list(set(self.machine_idle_list) & set(self.kind_task_dict[rj_selected].fluid_machine_list))
        return fluid_machine_selectable_list

    def time_min_rj(self, rj):
","返回选择的工序流体可选加工机器集合",1,""
"Method:environments/MO_DFJSP_breakdown.py:MO_DFJSP_Environment.time_min_rj#1","time_min_rj","environments/MO_DFJSP_breakdown.py",458,462,true,"        return fluid_machine_selectable_list

    def time_min_rj(self, rj):
        """"""工序类在制造系统中空闲机器上的最小加工时间""""""
        machine_selectable_list = self.machine_available_rj_selectable(rj)
        machine_min_time = min(machine_selectable_list, key=lambda x: self.time_mrj_dict[x][rj])
        return self.time_mrj_dict[machine_min_time][rj]

    def time_min_fluid_rj(self, rj):
","工序类在制造系统中空闲机器上的最小加工时间",1,""
"Method:environments/MO_DFJSP_breakdown.py:MO_DFJSP_Environment.time_min_fluid_rj#1","time_min_fluid_rj","environments/MO_DFJSP_breakdown.py",464,468,true,"        return self.time_mrj_dict[machine_min_time][rj]

    def time_min_fluid_rj(self, rj):
        """"""工序类在流体解中空闲机器上的最小加工时间""""""
        machine_selectable_list = self.machine_fluid_available_rj_selectable(rj)
        machine_min_time = min(machine_selectable_list, key=lambda x: self.time_mrj_dict[x][rj])
        return self.time_mrj_dict[machine_min_time][rj]

    def energy_min_rj(self, rj):
","工序类在流体解中空闲机器上的最小加工时间",1,""
"Method:environments/MO_DFJSP_breakdown.py:MO_DFJSP_Environment.energy_min_rj#1","energy_min_rj","environments/MO_DFJSP_breakdown.py",470,474,true,"        return self.time_mrj_dict[machine_min_time][rj]

    def energy_min_rj(self, rj):
        """"""工序类在制造系统中空闲机器上的最小加工能耗""""""
        machine_selectable_list = self.machine_available_rj_selectable(rj)
        machine_min_power = min(machine_selectable_list, key=lambda x: self.energy_mrj_dict[x][rj])
        return self.energy_mrj_dict[machine_min_power][rj]

    def energy_min_fluid_rj(self, rj):
","工序类在制造系统中空闲机器上的最小加工能耗",1,""
"Method:environments/MO_DFJSP_breakdown.py:MO_DFJSP_Environment.energy_min_fluid_rj#1","energy_min_fluid_rj","environments/MO_DFJSP_breakdown.py",476,480,true,"        return self.energy_mrj_dict[machine_min_power][rj]

    def energy_min_fluid_rj(self, rj):
        """"""工序类在流体解中空闲机器上的最小加工能耗""""""
        machine_selectable_list = self.machine_fluid_available_rj_selectable(rj)
        machine_min_power = min(machine_selectable_list, key=lambda x: self.energy_mrj_dict[x][rj])
        return self.energy_mrj_dict[machine_min_power][rj]

    """"""机器平均利用率""""""
","工序类在流体解中空闲机器上的最小加工能耗",1,""
"Method:environments/MO_DFJSP_breakdown.py:MO_DFJSP_Environment.utilize_rate_ave#0","utilize_rate_ave","environments/MO_DFJSP_breakdown.py",484,485,true,"    """"""机器平均利用率""""""
    @property
    def utilize_rate_ave(self):
        return sum(self.machine_dict[m].utilize_rate for m in self.machine_tuple)/self.machine_count
    """"""空闲机器列表""""""
    @property
","",0,""
"Method:environments/MO_DFJSP_breakdown.py:MO_DFJSP_Environment.machine_idle_list#0","machine_idle_list","environments/MO_DFJSP_breakdown.py",488,489,true,"    """"""空闲机器列表""""""
    @property
    def machine_idle_list(self):
        return [m for m in self.machine_tuple if self.machine_dict[m].state == 0]
    """"""可选加工工序类型列表""""""
    @property
","",0,""
"Method:environments/MO_DFJSP_breakdown.py:MO_DFJSP_Environment.kind_task_available_list#0","kind_task_available_list","environments/MO_DFJSP_breakdown.py",492,494,true,"    """"""可选加工工序类型列表""""""
    @property
    def kind_task_available_list(self):
        return [(r, j) for (r, j) in self.kind_task_tuple if len(self.kind_task_dict[(r, j)].job_now_list) > 0 and
                set(self.kind_task_dict[(r, j)].machine_tuple) & set(self.machine_idle_list)]
    """"""流体解中可选工序集合""""""
    @property
","",0,""
"Method:environments/MO_DFJSP_breakdown.py:MO_DFJSP_Environment.fluid_kind_task_available_list#0","fluid_kind_task_available_list","environments/MO_DFJSP_breakdown.py",497,499,true,"    """"""流体解中可选工序集合""""""
    @property
    def fluid_kind_task_available_list(self):
        return [(r, j) for (r, j) in self.kind_task_tuple if len(self.kind_task_dict[(r, j)].job_now_list) > 0 and
                set(self.kind_task_dict[(r, j)].fluid_machine_list) & set(self.machine_idle_list)]
    """"""机器的平均完工时间""""""
    @property
","",0,""
"Method:environments/MO_DFJSP_breakdown.py:MO_DFJSP_Environment.ct_m_ave#0","ct_m_ave","environments/MO_DFJSP_breakdown.py",502,503,true,"    """"""机器的平均完工时间""""""
    @property
    def ct_m_ave(self):
        return sum(machine_object.time_end for m, machine_object in self.machine_dict.items()) / self.machine_count
    """"""gap_ave""""""
    @property
","",0,""
"Method:environments/MO_DFJSP_breakdown.py:MO_DFJSP_Environment.gap_ave_value#0","gap_ave_value","environments/MO_DFJSP_breakdown.py",506,507,true,"    """"""gap_ave""""""
    @property
    def gap_ave_value(self):
        return sum(kind_task_object.gap for kind_task, kind_task_object in self.kind_task_dict.items()) / len(self.kind_task_tuple)


","",0,""
"Method:environments/MO_DFJSP_instance_read.py:Data.__init__#2","__init__","environments/MO_DFJSP_instance_read.py",6,21,false,"
class Data():
    def __init__(self, path=None, file_name=None):
        self.file_name = file_name  # 算例文件名
        self.csv_name_list = ['based_data.csv', 'process_data.csv', 'order_data.csv', 'machine_data.csv']
        self.path = path  # 路径
        # 基础数据信息 工件类型数， 机器数， 订单数, 延期度
        self.kind_count, self.machine_count, self.order_count, self.DDT = self.read(self.csv_name_list[0])
        self.machine_tuple = tuple(m for m in range(self.machine_count))  # 机器元组
        self.order_tuple = tuple(s for s in range(self.order_count))  # 订单元组
        self.kind_tuple = tuple(r for r in range(self.kind_count))  # 工件类型元组
        # 订单信息 订单中各类型工件数量， 订单到达时间， 订单交期时间
        self.count_sr_dict, self.time_arrive_s_dict, self.time_delivery_s_dict = self.read(self.csv_name_list[2])
        # 提取出机器待机功率+故障信息
        self.power_m_dict, self.breakdown_m_dict = self.read(self.csv_name_list[3])
        # 加工信息 工序元组索引，可选机器元组索引，在各机器上的加工时间
        self.task_r_dict, self.machine_rj_dict, self.time_rjm_dict, self.power_mrj_dict = self.read(self.csv_name_list[1])
        self.kind_task_m_dict, self.kind_task_tuple, self.time_mrj_dict, self.time_rj_dict = self.process()

    def process(self):
","",2,""
"Method:environments/MO_DFJSP_instance_read.py:Data.process#0","process","environments/MO_DFJSP_instance_read.py",23,29,true,"        self.kind_task_m_dict, self.kind_task_tuple, self.time_mrj_dict, self.time_rj_dict = self.process()

    def process(self):
        """"""生成额外索引""""""
        kind_task_tuple = tuple((r, j) for r in self.kind_tuple for j in self.task_r_dict[r])  # 工序类型元组
        kind_task_m_dict = {m: tuple((r, j) for (r, j) in kind_task_tuple if m in self.machine_rj_dict[(r, j)]) for m in self.machine_tuple}
        time_mrj_dict = {m: {(r, j): self.time_rjm_dict[(r, j)][m] for (r, j) in kind_task_m_dict[m]} for m in self.machine_tuple}
        time_rj_dict = {(r, j): sum([time_mrj_dict[m][(r, j)] for m in self.machine_rj_dict[(r, j)]]) / len(self.machine_rj_dict[(r, j)]) for (r, j) in kind_task_tuple}
        return kind_task_m_dict, kind_task_tuple, time_mrj_dict, time_rj_dict

    def str_int_tuple(self, s):
","生成额外索引",0,""
"Method:environments/MO_DFJSP_instance_read.py:Data.str_int_tuple#1","str_int_tuple","environments/MO_DFJSP_instance_read.py",31,34,true,"        return kind_task_m_dict, kind_task_tuple, time_mrj_dict, time_rj_dict

    def str_int_tuple(self, s):
        """"""字符串中提取数字并转为int类型元组""""""
        nums = [int(i) for i in re.findall(r'\d+', s)]
        return tuple(nums)

    def str_int(self, s):
","字符串中提取数字并转为int类型元组",1,""
"Method:environments/MO_DFJSP_instance_read.py:Data.str_int#1","str_int","environments/MO_DFJSP_instance_read.py",36,39,true,"        return tuple(nums)

    def str_int(self, s):
        """"""字符串中提取数字并转为int类型""""""
        nums = [int(i) for i in re.findall(r'\d+', s)]
        return nums[0]

    def read(self, csv_name):
","字符串中提取数字并转为int类型",1,""
"Method:environments/MO_DFJSP_instance_read.py:Data.read#1","read","environments/MO_DFJSP_instance_read.py",41,112,true,"        return nums[0]

    def read(self, csv_name):
        """"""读取文件数据""""""
        data_file = os.path.join(self.path, self.file_name, csv_name)
        with open(data_file, 'r') as f:
            reader = csv.reader(f)
            rows = []
            for row in reader:
                rows.append(row)
        if csv_name == 'based_data.csv':
            kind_count = self.str_int(rows[1][0])
            machine_count = self.str_int(rows[1][1])
            order_count = self.str_int(rows[1][2])
            DDT = self.str_int(rows[1][3])
            return kind_count, machine_count, order_count, DDT
        elif csv_name == 'machine_data.csv':
            power_m_dict = {m: None for m in self.machine_tuple}
            breakdown_m_dict = {m: [] for m in self.machine_tuple}
            with open(data_file, 'r') as f:
                reader = csv.reader(f)
                next(reader)  # 跳过标题头
                for row in reader:
                    machine = self.str_int(row[0])
                    idle_power = self.str_int(row[1])
                    # 只在第一次读取机器信息时设置待机功率，避免重复设置
                    if power_m_dict[machine] is None:
                        power_m_dict[machine] = idle_power
                    # 读取故障信息，如果有的话
                    if len(row) > 2:
                        breakdown_start = self.str_int(row[2])
                        breakdown_end = self.str_int(row[3])
                        breakdown_m_dict[machine].append((breakdown_start, breakdown_end))
            return power_m_dict, breakdown_m_dict
        elif csv_name == 'process_data.csv':
            task_r_dict = {kind: [] for kind in self.kind_tuple}
            machine_rj_dict = {}
            time_rjm_dict = {}
            power_mrj_dict = {m: {} for m in self.machine_tuple}
            for row in rows[1:]:
                kind = self.str_int(row[0])
                task = self.str_int(row[1])
                machine_str = self.str_int_tuple(row[2])
                time_str = self.str_int_tuple(row[3])
                power_str = self.str_int_tuple(row[4])
                task_r_dict[kind].append(task)
                machine_rj_dict[(kind, task)] = machine_str
                time_rjm_dict[(kind, task)] = time_str
                # 读取加工功率数据
                for m, power in zip(machine_str, power_str):
                    power_mrj_dict[m][(kind, task)] = power
            # 预处理数据
            for key, value in task_r_dict.items():
                task_r_dict[key] = tuple(value)
            for kind in self.kind_tuple:
                for task in task_r_dict[kind]:
                    time_machine = {}
                    for machine, time in zip(machine_rj_dict[(kind, task)], time_rjm_dict[(kind, task)]):
                        time_machine[machine] = time
                    time_rjm_dict[(kind, task)] = copy.deepcopy(time_machine)
            return task_r_dict, machine_rj_dict, time_rjm_dict, power_mrj_dict
        else:
            count_sr_dict = {}
            time_arrive_s_dict = {}
            time_delivery_s_dict = {}
            for row in rows[1:]:
                order = self.str_int(row[0])
                time_arrive = self.str_int(row[1])
                time_delivery = self.str_int(row[2])
                kind_count = self.str_int_tuple(row[3])
                count_sr_dict[order] = kind_count
                time_arrive_s_dict[order] = time_arrive
                time_delivery_s_dict[order] = time_delivery
            return count_sr_dict, time_arrive_s_dict, time_delivery_s_dict


","读取文件数据",1,""
"Method:environments/class_MODFJSP.py:Order.__init__#4","__init__","environments/class_MODFJSP.py",15,20,false,"class Order():
    """"""订单对象""""""
    def __init__(self, s, arrive, delivery, count_kind):
        # 基本属性
        self.order_node = s
        self.time_arrive = arrive  # 到达时间
        self.time_delivery = delivery  # 交期时间
        self.count_kind = count_kind  # 包含的各种工件的数量


","",4,""
"Method:environments/class_MODFJSP.py:Kind.__init__#1","__init__","environments/class_MODFJSP.py",25,28,false,"class Kind():
    """"""工件类型类""""""
    def __init__(self, r):
        self.kind = r
        self.job_arrive_list = []  # 已经到达的工件对象列表
        self.job_unprocessed_list = []  # 未加工完成的工件对象列表

    """"""该类型工件已到达工件数:下一阶段的工件n起始编号""""""
","",1,""
"Method:environments/class_MODFJSP.py:Kind.number_start#0","number_start","environments/class_MODFJSP.py",32,33,true,"    """"""该类型工件已到达工件数:下一阶段的工件n起始编号""""""
    @property
    def number_start(self):
        return len(self.job_arrive_list)


","",0,""
"Method:environments/class_MODFJSP.py:Tasks.__init__#2","__init__","environments/class_MODFJSP.py",38,57,false,"class Tasks(Kind):
    """"""定义工序o_rj类""""""
    def __init__(self, r, j):
        Kind.__init__(self, r)  # 调用父类的构函
        # 基本属性
        self.task = j  # 所属工序
        self.task_remain = None  # 后续工序数
        self.machine_tuple = None  # 可选加工机器编号
        self.time_remain = None  # 后续剩余处理时间
        # 附加属性
        self.job_now_list = []  # 处于该工序段的工件对象列表
        self.job_unprocessed_list = []  # 该工序段未被加工的工件对象列表
        self.task_unprocessed_list = []  # 该工序段还未加工的工序对象列表
        self.task_processed_list = []  # 该工序段已加工的工序对象列表
        # 流体相关属性
        self.fluid_process_rate_m_dict = {}  # 流体中被各机器加工的速率
        self.fluid_machine_list = []  # 流体模型解可选加工机器
        self.fluid_time_sum = None  # 流体模型中该工序的加工时间
        self.fluid_rate_sum = None  # 流体模型中加工该工序的速率
        self.fluid_number = None  # 处于该工序段的流体数量
        self.fluid_unprocessed_number = None  # 未被加工的流体数
        self.fluid_unprocessed_number_start = None  # 订单到达时刻未被加工的流体数

    # 计算属性
","",2,""
"Method:environments/class_MODFJSP.py:Tasks.min_available_time#0","min_available_time","environments/class_MODFJSP.py",62,66,true,"    """"""工序类型最早可加工时间""""""
    @property
    def min_available_time(self):
        if self.task != 0:  # 若不为首工序
            return min(job_object.task_list[-1].time_end for job_object in self.job_now_list)
        else:
            return min(job_object.time_arrive for job_object in self.job_now_list)
    """"""流体gap_rj/Q的比值""""""
    @property
","",0,""
"Method:environments/class_MODFJSP.py:Tasks.gap_rate#0","gap_rate","environments/class_MODFJSP.py",69,70,true,"    """"""流体gap_rj/Q的比值""""""
    @property
    def gap_rate(self):
        return (len(self.task_unprocessed_list) - self.fluid_unprocessed_number)/self.fluid_unprocessed_number_start
    """"""流体gap_rj值""""""
    @property
","",0,""
"Method:environments/class_MODFJSP.py:Tasks.gap#0","gap","environments/class_MODFJSP.py",73,74,true,"    """"""流体gap_rj值""""""
    @property
    def gap(self):
        return len(self.task_unprocessed_list) - self.fluid_unprocessed_number
    """"""o_rj完成率""""""
    @property
","",0,""
"Method:environments/class_MODFJSP.py:Tasks.finish_rate#0","finish_rate","environments/class_MODFJSP.py",77,78,true,"    """"""o_rj完成率""""""
    @property
    def finish_rate(self):
        return len(self.task_processed_list)/(len(self.task_unprocessed_list) + len(self.task_processed_list))
    """"""工序rj阶段工件的交期最小值""""""
    @property
","",0,""
"Method:environments/class_MODFJSP.py:Tasks.due_date_min#0","due_date_min","environments/class_MODFJSP.py",81,86,true,"    """"""工序rj阶段工件的交期最小值""""""
    @property
    def due_date_min(self):
        if len(self.job_now_list) > 0:
            min_due_date = min(job_object.due_date for job_object in self.job_now_list)
        else:
            raise MyError(""当前工序rj阶段不存在工件"")
        return min_due_date


","",0,""
"Method:environments/class_MODFJSP.py:Job.__init__#2","__init__","environments/class_MODFJSP.py",91,99,false,"class Job(Kind):
    """"""工件类""""""
    def __init__(self, r, n):
        Kind.__init__(self, r)  # 调用父类的构函
        # 基本属性
        self.number = n  # 该工件类型的第几个工件
        self.time_arrive = None  # 该工件的到达世时间
        # 附加属性
        self.due_date = None  # 该工件的交期
        self.task_list = []  # 分配机器的工序对象列表
        self.task_unprocessed_list = []  # 未分配机器的工序对象列表


","",2,""
"Method:environments/class_MODFJSP.py:Task.__init__#3","__init__","environments/class_MODFJSP.py",104,110,false,"class Task(Tasks, Job):
    """"""工序类""""""
    def __init__(self, r, n, j):
        Tasks.__init__(self, r, j)  # 调用父类的构函
        Job.__init__(self, r, n)  # 调用父类构函
        # 附加属性
        self.machine = None  # 选择的机器
        self.time_end = None  # 加工结束时间
        self.time_begin = None  # 加工开始时间

    """"""加工耗时""""""
","",3,""
"Method:environments/class_MODFJSP.py:Task.time_cost#0","time_cost","environments/class_MODFJSP.py",114,115,true,"    """"""加工耗时""""""
    @property
    def time_cost(self):
        return self.time_end - self.time_begin


","",0,""
"Method:environments/class_MODFJSP.py:Machine.__init__#1","__init__","environments/class_MODFJSP.py",120,135,false,"class Machine():
    """"""机器类""""""
    def __init__(self, m):
        # 基本属性
        self.machine_node = m  # 机器编号
        self.kind_task_tuple = None  # 可选加工工序类型元组
        # 附加属性
        self.state = 0  # 机器状态
        self.time_end = 0  # 机器完工时间
        self.task_list = []  # 机器已加工工序对象列表
        self.job_object = None  # 机器正在处理的工件对象
        self.unprocessed_rj_dict = {}  # 未被m加工的各工序类型的工序总数/随着加工过程动态更新
        # 流体附加属性
        self.fluid_kind_task_list = []  # 可选加工工序类型
        self.time_ratio_rj_dict = {}  # 流体解中分配给各工序类型的时间比例
        self.fluid_process_rate_rj_dict = {}  # 流体解中加工各工序类型的速率
        self.fluid_unprocessed_rj_dict = {}  # 未被机器m加工的各工序类型流体总数
        self.fluid_unprocessed_rj_arrival_dict = {}  # 订单到达时刻未被m加工的各工序类型流体数

    """"""机器开工时间""""""
","",1,""
"Method:environments/class_MODFJSP.py:Machine.time_start#0","time_start","environments/class_MODFJSP.py",139,143,true,"    """"""机器开工时间""""""
    @property
    def time_start(self):
        if len(self.task_list) > 0:
            return self.task_list[0].time_begin
        else:
            return None
    """"""机器利用率""""""
    @property
","",0,""
"Method:environments/class_MODFJSP.py:Machine.utilize_rate#0","utilize_rate","environments/class_MODFJSP.py",146,147,true,"    """"""机器利用率""""""
    @property
    def utilize_rate(self):
        return sum(task.time_cost for task in self.task_list)/max(1e-08, self.time_end)
    """"""计算gap_mrj值""""""
    @property
","",0,""
"Method:environments/class_MODFJSP.py:Machine.gap_rj_dict#0","gap_rj_dict","environments/class_MODFJSP.py",150,154,true,"    """"""计算gap_mrj值""""""
    @property
    def gap_rj_dict(self):
        gap_rj_dict = {}
        for (r, j) in self.kind_task_tuple:
            gap_rj_dict[(r, j)] = self.unprocessed_rj_dict[(r, j)] - self.fluid_unprocessed_rj_dict[(r, j)]
        return gap_rj_dict
    """"""计算gap_m_rj的均值""""""
    @property
","",0,""
"Method:environments/class_MODFJSP.py:Machine.gap_ave#0","gap_ave","environments/class_MODFJSP.py",157,158,true,"    """"""计算gap_m_rj的均值""""""
    @property
    def gap_ave(self):
        return sum(self.gap_rj_dict[(r, j)] for (r, j) in self.kind_task_tuple)/len(self.kind_task_tuple)


","",0,""
"Method:environments/class_MODFJSP.py:FJSP.__init__","__init__","environments/class_MODFJSP.py",163,178,false,"class FJSP(Instance, Data):
    """"""柔性作业车间调度类""""""
    def __init__(self, use_instance=True, **kwargs):
        if use_instance:
            Instance.__init__(self, **kwargs)
        else:
            Data.__init__(self, **kwargs)
        # 实例化工件类型、工件、工序类型、工序和机器对象字典
        self.kind_task_dict = {(r, j): Tasks(r, j) for r in self.kind_tuple for j in self.task_r_dict[r]}  # 工序类型对象字典
        self.order_dict = {s: Order(s, self.time_arrive_s_dict[s], self.time_delivery_s_dict[s], self.count_sr_dict[s]) for s in self.order_tuple}  # 对象订单字典
        self.kind_dict = {r: Kind(r) for r in self.kind_tuple}  # 工件类型对象字典
        self.machine_dict = {m: Machine(m) for m in self.machine_tuple}  # 机器对象字典
        self.task_dict = {}  # (r,n,j) 工序对象字典 订单到达更新
        self.job_dict = {}  # (r,n)  # 工件对象字典
        self.process_rate_m_rj_dict = {m: {(r, j): 1 / self.time_mrj_dict[m][(r, j)]
                                           for (r, j) in self.kind_task_m_dict[m]} for m in self.machine_tuple}  # 机器加工流体速率
        self.energy_mrj_dict = {m: {(r, j): self.power_mrj_dict[m][(r, j)] * self.time_mrj_dict[m][(r, j)]
                                    for (r, j) in self.kind_task_m_dict[m]} for m in self.machine_tuple}  # 工序在机器上的能耗

    def reset_parameter(self):
","",0,""
"Method:environments/class_MODFJSP.py:FJSP.reset_parameter#0","reset_parameter","environments/class_MODFJSP.py",180,197,true,"                                    for (r, j) in self.kind_task_m_dict[m]} for m in self.machine_tuple}  # 工序在机器上的能耗

    def reset_parameter(self):
        """"""初始化各字典和参数""""""
        for r, kind in self.kind_dict.items():
            kind.job_arrive_list = []  # 已经到达的工件对象列表
            kind.job_unprocessed_list = []  # 未分配机器的工件对象列表
        for (r, j), kind_task_object in self.kind_task_dict.items():
            kind_task_object.machine_tuple = self.machine_rj_dict[(r, j)]  # 可选加工机器编号元组
            kind_task_object.time_remain = sum(self.time_rj_dict[(r, jj)] for jj in self.task_r_dict[r][j:])  # 后续剩余处理时间
            kind_task_object.job_now_list = []  # 处于该工序段的工件对象列表
            kind_task_object.job_unprocessed_list = []  # 该工序段未被加工的工件对象列表
            kind_task_object.task_unprocessed_list = []  # 该工序段还未加工的工序对象列表
            kind_task_object.task_processed_list = []  # 该工序段已加工的工序对象列表
        for m, machine_object in self.machine_dict.items():
            machine_object.kind_task_tuple = self.kind_task_m_dict[m]  # 可选加工工序类型元组
            machine_object.machine_state = 0  # 机器状态
            machine_object.time_end = 0  # 机器完工时间
            machine_object.task_list = []  # 机器已加工工序对象列表
            machine_object.job_object = None

    def reset_fluid_parameter(self):
","初始化各字典和参数",0,""
"Method:environments/class_MODFJSP.py:FJSP.reset_fluid_parameter#0","reset_fluid_parameter","environments/class_MODFJSP.py",199,210,true,"            machine_object.job_object = None

    def reset_fluid_parameter(self):
        """"""初始化流体属性参数""""""
        for (r, j), kind_task_object in self.kind_task_dict.items():
            kind_task_object.fluid_machine_list = []  # 流体模型中可选加工机器
            kind_task_object.fluid_process_rate_m_dict = {}  # 被各机器加工的速率
        for m, machine_object in self.machine_dict.items():
            machine_object.fluid_kind_task_list = []  # 流体解中可选加工工序类型列表
            machine_object.time_ratio_rj_dict = {}  # 流体解中分配给各工序类型的时间比例
            machine_object.fluid_process_rate_rj_dict = {}  # 流体解中加工各工序类型的速率
            machine_object.unprocessed_rj_dict = {}  # 未被m加工的工序o_rj的总数 (r,j)
            machine_object.fluid_unprocessed_rj_dict = {}  # 流体解中未被机器m加工的各工序类型总数
            machine_object.fluid_unprocessed_rj_arrival_dict = {}  # 订单到达时刻未被m加工的各工序类型数量

    def reset_object_add(self, order_object):
","初始化流体属性参数",0,""
"Method:environments/class_MODFJSP.py:FJSP.reset_object_add#1","reset_object_add","environments/class_MODFJSP.py",212,248,true,"            machine_object.fluid_unprocessed_rj_arrival_dict = {}  # 订单到达时刻未被m加工的各工序类型数量

    def reset_object_add(self, order_object):
        """"""
        :param order_object: 新到达的订单对象
        :return: 添加工序对象和机器对象+更新流体模型和属性
        """"""
        # 更新工件类型字典、工序类型对象字典、工序对象字典、工件对象字典、
        for r in self.kind_tuple:
            n_start = self.kind_dict[r].number_start
            n_end = n_start + order_object.count_kind[r]
            for n in range(n_start, n_end):
                job_object = Job(r, n)  # 工件对象
                job_object.due_date = order_object.time_delivery  # 工件交期
                job_object.time_arrive = order_object.time_arrive  # 工件到达时间
                job_object.task_list = []
                job_object.task_unprocessed_list = []
                self.kind_dict[r].job_arrive_list.append(job_object)
                self.kind_dict[r].job_unprocessed_list.append(job_object)
                self.job_dict[(r, n)] = job_object  # 加入工件字典
                self.kind_task_dict[(r, 0)].job_now_list.append(job_object)
                for j in self.task_r_dict[r]:
                    task_object = Task(r, n, j)  # 工序对象
                    job_object.task_unprocessed_list.append(task_object)  # 加入工序未处理工序对象字典
                    task_object.due_date = self.job_dict[(r, n)].due_date  # 工序交期
                    self.kind_task_dict[(r, j)].job_unprocessed_list.append(job_object)
                    self.kind_task_dict[(r, j)].task_unprocessed_list.append(task_object)
                    self.task_dict[(r, n, j)] = task_object  # 加入工序字典
        # 初始化流体属性
        for (r, j), kind_task_object in self.kind_task_dict.items():
            kind_task_object.fluid_number = len(kind_task_object.job_now_list)  # 处于该工序段的流体数量
            kind_task_object.fluid_unprocessed_number = len(kind_task_object.task_unprocessed_list)  # 未被加工的流体数
            kind_task_object.fluid_unprocessed_number_start = len(kind_task_object.task_unprocessed_list)  # 订单到达时刻未被加工的流体数量
        # 求解流体模型更新流体模型属性
        x = self.fluid_model()
        # 初始化流体属性
        self.reset_fluid_parameter()
        # 基于流体解更新流体属性
        self.update_fluid_parameter(x)

    def fluid_model(self):
",":param order_object: 新到达的订单对象 :return: 添加工序对象和机器对象+更新流体模型和属性",1,""
"Method:environments/class_MODFJSP.py:FJSP.fluid_model#0","fluid_model","environments/class_MODFJSP.py",250,284,true,"        self.update_fluid_parameter(x)

    def fluid_model(self):
        """"""
        最小化最大完工时间目标流体模型求解
        """"""
        # 初始化模型对象
        model = Model('LP')
        # 定义决策变量
        var_list = {(m, (r, j)) for m in self.machine_tuple for (r, j) in self.kind_task_m_dict[m]}
        # 定义决策变量上下界
        X = model.continuous_var_dict(var_list, lb=0, ub=1, name='X')
        # 各流体初始未加工数量
        fluid_number = {(r, j): self.kind_task_dict[(r, j)].fluid_unprocessed_number_start
                        for (r, j) in self.kind_task_tuple}
        # 各流体初始瞬态数量
        fluid_number_time = {(r, j): self.kind_task_dict[(r, j)].fluid_number for (r, j) in self.kind_task_tuple}
        process_rate_rj_sum = {(r, j): sum(X[m, (r, j)] * self.process_rate_m_rj_dict[m][(r, j)]
                                           for m in self.machine_rj_dict[(r, j)]) for (r, j) in self.kind_task_tuple}
        # 定义目标函数
        model.maximize(model.min(process_rate_rj_sum[(r, j)]/fluid_number[(r, j)] for (r, j) in self.kind_task_tuple))
        # 添加约束条件
        # 机器利用率约束
        model.add_constraints(model.sum(X[m, (r, j)] for (r, j) in self.kind_task_m_dict[m]) <= 1
                              for m in self.machine_tuple)
        # 解的可行性约束
        model.add_constraints(process_rate_rj_sum[(r, j)] >= process_rate_rj_sum[(r, j+1)] for r in self.kind_tuple
                              for j in self.task_r_dict[r][:-1] if fluid_number_time[(r, j+1)] == 0)
        # 求解模型
        solution = model.solve()
        x = solution.get_value_dict(X)
        # 输出流体完工时间
        process_rate_rj_sum = {(r, j): sum(x[m, (r, j)] * self.process_rate_m_rj_dict[m][(r, j)]
                                           for m in self.machine_rj_dict[(r, j)]) for (r, j) in self.kind_task_tuple}
        fluid_completed_time = max(fluid_number[(r, j)] / process_rate_rj_sum[(r, j)] for (r, j) in self.kind_task_tuple)
        # print(""流体完工时间："", fluid_completed_time)
        return x

    def update_fluid_parameter(self, x):
","最小化最大完工时间目标流体模型求解",0,""
"Method:environments/class_MODFJSP.py:FJSP.update_fluid_parameter#1","update_fluid_parameter","environments/class_MODFJSP.py",286,310,true,"        return x

    def update_fluid_parameter(self, x):
        """"""基于流体解更新流体参数""""""
        for (m, (r, j)), rate in x.items():
            machine_object = self.machine_dict[m]
            kind_task_object = self.kind_task_dict[(r, j)]
            machine_object.time_ratio_rj_dict[(r, j)] = rate  # 流体解中分配给各工序类型的时间比例
            kind_task_object.fluid_process_rate_m_dict[m] = rate*self.process_rate_m_rj_dict[m][(r, j)]
            machine_object.fluid_process_rate_rj_dict[(r, j)] = rate*self.process_rate_m_rj_dict[m][(r, j)]
            if rate != 0:
                machine_object.fluid_kind_task_list.append((r, j))
                kind_task_object.fluid_machine_list.append(m)
        for (r, j), kind_task_object in self.kind_task_dict.items():
            kind_task_object.fluid_rate_sum = sum(kind_task_object.fluid_process_rate_m_dict.values())  # 工序类型处理速率
            kind_task_object.fluid_time_sum = 1/kind_task_object.fluid_rate_sum  # 工序类型的加工时间
        for m, machine_object in self.machine_dict.items():
            for (r, j) in machine_object.kind_task_tuple:  # 添加除流体模型中可选工序类型外的工序
                kind_task_object = self.kind_task_dict[(r, j)]
                # 订单到达时刻未被m加工的各工序类型数量
                machine_object.fluid_unprocessed_rj_arrival_dict[(r, j)] = \
                    kind_task_object.fluid_unprocessed_number_start*\
                    machine_object.fluid_process_rate_rj_dict[(r, j)]/kind_task_object.fluid_rate_sum
                # 未被m加工的工序o_rj的总数 (r,j)
                machine_object.unprocessed_rj_dict[(r, j)] = machine_object.fluid_unprocessed_rj_arrival_dict[(r, j)]
                # 流体解中未被机器m加工的各工序类型总数
                machine_object.fluid_unprocessed_rj_dict[(r, j)] = machine_object.fluid_unprocessed_rj_arrival_dict[(r, j)]


","基于流体解更新流体参数",1,""
"Method:exploration_strategies/Base_Exploration_Strategy.py:Base_Exploration_Strategy.__init__#1","__init__","exploration_strategies/Base_Exploration_Strategy.py",6,7,false,"    每个探索策略都必须继承这个类，并实现方法摄动_action_for_exploration_purposes和add_exploration_rewards
    """"""
    def __init__(self, config):
        self.config = config

    def perturb_action_for_exploration_purposes(self, action_info):
","",1,""
"Method:exploration_strategies/Base_Exploration_Strategy.py:Base_Exploration_Strategy.perturb_action_for_exploration_purposes#1","perturb_action_for_exploration_purposes","exploration_strategies/Base_Exploration_Strategy.py",9,11,true,"        self.config = config

    def perturb_action_for_exploration_purposes(self, action_info):
        """"""干扰代理的行动以鼓励探索""""""
        raise ValueError(""Must be implemented"")

    def add_exploration_rewards(self, reward_info):
","干扰代理的行动以鼓励探索",1,""
"Method:exploration_strategies/Base_Exploration_Strategy.py:Base_Exploration_Strategy.add_exploration_rewards#1","add_exploration_rewards","exploration_strategies/Base_Exploration_Strategy.py",13,15,true,"        raise ValueError(""Must be implemented"")

    def add_exploration_rewards(self, reward_info):
        """"""鼓励探索的内在奖励""""""
        raise ValueError(""Must be implemented"")

    def reset(self):
","鼓励探索的内在奖励",1,""
"Method:exploration_strategies/Base_Exploration_Strategy.py:Base_Exploration_Strategy.reset#0","reset","exploration_strategies/Base_Exploration_Strategy.py",17,19,true,"        raise ValueError(""Must be implemented"")

    def reset(self):
        """"""重置噪声进程""""""
        raise ValueError(""Must be implemented"")","重置噪声进程",0,""
"Method:exploration_strategies/Epsilon_Greedy_Exploration.py:Epsilon_Greedy_Exploration.__init__#1","__init__","exploration_strategies/Epsilon_Greedy_Exploration.py",8,22,false,"class Epsilon_Greedy_Exploration(Base_Exploration_Strategy):
    """"""Implements an epsilon greedy exploration strategy""""""
    def __init__(self, hyper_parameters):
        Base_Exploration_Strategy.__init__(self, hyper_parameters)
        self.hyper_parameters = hyper_parameters
        self.notified_that_exploration_turned_off = False
        if ""exploration_cycle_episodes_length"" in self.hyper_parameters.keys():
            print(""Using a cyclical exploration strategy"")
            self.exploration_cycle_episodes_length = self.hyper_parameters[""exploration_cycle_episodes_length""]
        else:
            self.exploration_cycle_episodes_length = None

        if ""random_episodes_to_run"" in self.hyper_parameters.keys():
            self.random_episodes_to_run = self.hyper_parameters[""random_episodes_to_run""]
            print(""Running {} random episodes"".format(self.random_episodes_to_run))
        else:
            self.random_episodes_to_run = 0

    def perturb_action_for_exploration_purposes(self, action_info):
","",1,""
"Method:exploration_strategies/Epsilon_Greedy_Exploration.py:Epsilon_Greedy_Exploration.perturb_action_for_exploration_purposes#1","perturb_action_for_exploration_purposes","exploration_strategies/Epsilon_Greedy_Exploration.py",24,40,true,"            self.random_episodes_to_run = 0

    def perturb_action_for_exploration_purposes(self, action_info):
        """"""
        Perturbs the action of the agent to encourage exploration
        """"""
        action_values = action_info[""action_values""]
        turn_off_exploration = action_info[""turn_off_exploration""]
        episode_number = action_info[""episode_number""]
        if turn_off_exploration and not self.notified_that_exploration_turned_off:
            print("" "")
            print(""Exploration has been turned OFF"")
            print("" "")
            self.notified_that_exploration_turned_off = True
        epsilon = self.get_updated_epsilon_exploration(action_info)

        if (random.random() > epsilon or turn_off_exploration) and (episode_number >= self.random_episodes_to_run):
            return torch.argmax(action_values).item()  # 返回最大Q值动作
        return np.random.randint(0, action_values.shape[1])  # 返回任意动作

    def get_updated_epsilon_exploration(self, action_info, epsilon=1.0):
","Perturbs the action of the agent to encourage exploration",1,""
"Method:exploration_strategies/Epsilon_Greedy_Exploration.py:Epsilon_Greedy_Exploration.get_updated_epsilon_exploration#2","get_updated_epsilon_exploration","exploration_strategies/Epsilon_Greedy_Exploration.py",42,53,true,"        return np.random.randint(0, action_values.shape[1])  # 返回任意动作

    def get_updated_epsilon_exploration(self, action_info, epsilon=1.0):
        """"""
        Gets the probability that we just pick a random action. This probability decays the more episodes we have seen
        """"""
        episode_number = action_info[""episode_number""]
        epsilon_decay_denominator = self.hyper_parameters[""epsilon_decay_rate_denominator""]

        if self.exploration_cycle_episodes_length is None:
            epsilon = epsilon / (1.0 + (episode_number / epsilon_decay_denominator))
        else:
            epsilon = self.calculate_epsilon_with_cyclical_strategy(episode_number)
        return epsilon

    def calculate_epsilon_with_cyclical_strategy(self, episode_number):
","Gets the probability that we just pick a random action. This probability decays the more episodes we have seen",2,""
"Method:exploration_strategies/Epsilon_Greedy_Exploration.py:Epsilon_Greedy_Exploration.calculate_epsilon_with_cyclical_strategy#1","calculate_epsilon_with_cyclical_strategy","exploration_strategies/Epsilon_Greedy_Exploration.py",55,66,true,"        return epsilon

    def calculate_epsilon_with_cyclical_strategy(self, episode_number):
        """"""
        Calculates epsilon according to a cyclical strategy
        """"""
        max_epsilon = 0.5
        min_epsilon = 0.001
        increment = (max_epsilon - min_epsilon) / float(self.exploration_cycle_episodes_length / 2)
        cycle = [ix for ix in range(int(self.exploration_cycle_episodes_length / 2))] + [ix for ix in range(
            int(self.exploration_cycle_episodes_length / 2), 0, -1)]
        cycle_ix = episode_number % self.exploration_cycle_episodes_length
        epsilon = max_epsilon - cycle[cycle_ix] * increment
        return epsilon

    def add_exploration_rewards(self, reward_info):
","Calculates epsilon according to a cyclical strategy",1,""
"Method:exploration_strategies/Epsilon_Greedy_Exploration.py:Epsilon_Greedy_Exploration.add_exploration_rewards#1","add_exploration_rewards","exploration_strategies/Epsilon_Greedy_Exploration.py",68,72,true,"        return epsilon

    def add_exploration_rewards(self, reward_info):
        """"""
        Actions intrinsic rewards to encourage exploration
        """"""
        return reward_info[""reward""]

    def reset(self):
","Actions intrinsic rewards to encourage exploration",1,""
"Method:exploration_strategies/Epsilon_Greedy_Exploration.py:Epsilon_Greedy_Exploration.reset#0","reset","exploration_strategies/Epsilon_Greedy_Exploration.py",74,76,true,"        return reward_info[""reward""]

    def reset(self):
        """"""Resets the noise process""""""
        pass
","Resets the noise process",0,""
"Method:exploration_strategies/Gaussian_Exploration.py:Gaussian_Exploration.__init__#3","__init__","exploration_strategies/Gaussian_Exploration.py",7,12,false,"class Gaussian_Exploration(Base_Exploration_Strategy):
    """"""高斯噪声探测策略""""""
    def __init__(self, config, algorithm, device=None):
        super().__init__(config)
        self.device = device
        self.action_noise_std = self.config.hyper_parameters[algorithm][""action_noise_std""]
        self.action_noise_distribution = Normal(torch.Tensor([0.0]), torch.Tensor([self.action_noise_std]))
        self.action_noise_clipping_range = self.config.hyper_parameters[algorithm][""action_noise_clipping_range""]

    def perturb_action_for_exploration_purposes(self, action_info):
","",3,""
"Method:exploration_strategies/Gaussian_Exploration.py:Gaussian_Exploration.perturb_action_for_exploration_purposes#1","perturb_action_for_exploration_purposes","exploration_strategies/Gaussian_Exploration.py",14,21,true,"        self.action_noise_clipping_range = self.config.hyper_parameters[algorithm][""action_noise_clipping_range""]

    def perturb_action_for_exploration_purposes(self, action_info):
        """"""干扰代理的行动以鼓励探索""""""
        action = action_info[""action""]
        action_noise = self.action_noise_distribution.sample(sample_shape=action.shape)
        action_noise = action_noise.squeeze(-1)
        clipped_action_noise = torch.clamp(action_noise, min=-self.action_noise_clipping_range, max=self.action_noise_clipping_range)
        action += clipped_action_noise.to(self.device)
        return action

    def add_exploration_rewards(self, reward_info):
","干扰代理的行动以鼓励探索",1,""
"Method:exploration_strategies/Gaussian_Exploration.py:Gaussian_Exploration.add_exploration_rewards#1","add_exploration_rewards","exploration_strategies/Gaussian_Exploration.py",23,25,true,"        return action

    def add_exploration_rewards(self, reward_info):
        """"""鼓励探索的内在奖励""""""
        raise ValueError(""Must be implemented"")

    def reset(self):
","鼓励探索的内在奖励",1,""
"Method:exploration_strategies/Gaussian_Exploration.py:Gaussian_Exploration.reset#0","reset","exploration_strategies/Gaussian_Exploration.py",27,29,true,"        raise ValueError(""Must be implemented"")

    def reset(self):
        """"""Resets the noise process""""""
        pass

","Resets the noise process",0,""
"Method:exploration_strategies/OU_Noise_Exploration.py:OU_Noise_Exploration.__init__#2","__init__","exploration_strategies/OU_Noise_Exploration.py",6,9,false,"class OU_Noise_Exploration(Base_Exploration_Strategy):
    """"""Ornstein-Uhlenbeck噪声过程探索策略""""""
    def __init__(self, config, algorithm):
        super().__init__(config)
        self.noise = OU_Noise(self.config.hyper_parameters[algorithm][""action_size""], self.config.seed, self.config.hyper_parameters[algorithm][""mu""],
                              self.config.hyper_parameters[algorithm][""theta""], self.config.hyper_parameters[algorithm][""sigma""])

    def perturb_action_for_exploration_purposes(self, action_info):
","",2,""
"Method:exploration_strategies/OU_Noise_Exploration.py:OU_Noise_Exploration.perturb_action_for_exploration_purposes#1","perturb_action_for_exploration_purposes","exploration_strategies/OU_Noise_Exploration.py",11,15,true,"                              self.config.hyper_parameters[algorithm][""theta""], self.config.hyper_parameters[algorithm][""sigma""])

    def perturb_action_for_exploration_purposes(self, action_info):
        """"""干扰代理的行动以鼓励探索""""""
        action = action_info[""action""]
        action += self.noise.sample()
        return action

    def add_exploration_rewards(self, reward_info):
","干扰代理的行动以鼓励探索",1,""
"Method:exploration_strategies/OU_Noise_Exploration.py:OU_Noise_Exploration.add_exploration_rewards#1","add_exploration_rewards","exploration_strategies/OU_Noise_Exploration.py",17,19,true,"        return action

    def add_exploration_rewards(self, reward_info):
        """"""鼓励探索的内在奖励""""""
        raise ValueError(""Must be implemented"")

    def reset(self):
","鼓励探索的内在奖励",1,""
"Method:exploration_strategies/OU_Noise_Exploration.py:OU_Noise_Exploration.reset#0","reset","exploration_strategies/OU_Noise_Exploration.py",21,23,true,"        raise ValueError(""Must be implemented"")

    def reset(self):
        """"""重置噪声进程""""""
        self.noise.reset()","重置噪声进程",0,""
"Method:utilities/OU_Noise.py:OU_Noise.__init__#5","__init__","utilities/OU_Noise.py",7,12,false,"class OU_Noise():
    """"""Ornstein-Uhlenbeck process.""""""
    def __init__(self, size, seed, mu=0., theta=0.15, sigma=0.2):
        self.mu = mu * np.ones(size)
        self.theta = theta
        self.sigma = sigma
        self.state = None
        self.reset()

    def reset(self):
","",5,""
"Method:utilities/OU_Noise.py:OU_Noise.reset#0","reset","utilities/OU_Noise.py",14,16,true,"        self.reset()

    def reset(self):
        """"""将内部状态(= noise)重置为均值(mu)""""""
        self.state = copy.copy(self.mu)

    def sample(self):
","将内部状态(= noise)重置为均值(mu)",0,""
"Method:utilities/OU_Noise.py:OU_Noise.sample#0","sample","utilities/OU_Noise.py",18,22,true,"        self.state = copy.copy(self.mu)

    def sample(self):
        """"""更新内部状态并将其作为噪声样本返回""""""
        dx = self.theta * (self.mu - self.state) + self.sigma * np.array([np.random.normal() for _ in range(len(self.state))])
        self.state += dx
        return self.state","更新内部状态并将其作为噪声样本返回",0,""
"Method:utilities/Parallel_Experience_Generator.py:Parallel_Experience_Generator.__init__#7","__init__","utilities/Parallel_Experience_Generator.py",15,25,false,"    Plays n episode in parallel using a fixed agent.
    """"""
    def __init__(self, environment, policy, seed, hyper_parameters, action_size, use_GPU=False, action_choice_output_columns=None):
        self.use_GPU = use_GPU
        self.environment = environment
        self.action_types = ""DISCRETE"" if self.environment.action_types == ""DISCRETE"" else ""CONTINUOUS""
        self.action_size = action_size
        self.policy = policy
        self.exploration_epsilon = None
        self.action_choice_output_columns = action_choice_output_columns
        self.hyper_parameters = hyper_parameters
        if self.action_types == ""CONTINUOUS"":
            self.noise = OU_Noise(self.action_size, seed, self.hyper_parameters[""mu""], self.hyper_parameters[""theta""], self.hyper_parameters[""sigma""])

    def play_n_episodes(self, n, exploration_epsilon=None):
","",7,""
"Method:utilities/Parallel_Experience_Generator.py:Parallel_Experience_Generator.play_n_episodes#2","play_n_episodes","utilities/Parallel_Experience_Generator.py",27,39,true,"            self.noise = OU_Noise(self.action_size, seed, self.hyper_parameters[""mu""], self.hyper_parameters[""theta""], self.hyper_parameters[""sigma""])

    def play_n_episodes(self, n, exploration_epsilon=None):
        """"""
        Plays n episodes in parallel using the fixed policy and returns the data
        """"""
        self.exploration_epsilon = exploration_epsilon
        with closing(Pool(processes=n)) as pool:  # 创建上下文管理器，在执行过程离开with语句体时自动执行object.close()
            results = pool.map(self, range(n))  # 调用__call__(self, n)
            pool.terminate()  # 结束工作进程，不再处理未处理的任务
        states_for_all_episodes = [episode[0] for episode in results]
        actions_for_all_episodes = [episode[1] for episode in results]
        rewards_for_all_episodes = [episode[2] for episode in results]
        objects_for_all_episodes = [episode[3] for episode in results]
        return states_for_all_episodes, actions_for_all_episodes, rewards_for_all_episodes, objects_for_all_episodes

    def __call__(self, n):
","Plays n episodes in parallel using the fixed policy and returns the data",2,""
"Method:utilities/Parallel_Experience_Generator.py:Parallel_Experience_Generator.__call__#1","__call__","utilities/Parallel_Experience_Generator.py",41,43,false,"        return states_for_all_episodes, actions_for_all_episodes, rewards_for_all_episodes, objects_for_all_episodes

    def __call__(self, n):
        exploration = max(0.0, random.uniform(self.exploration_epsilon / 3.0, self.exploration_epsilon * 3.0))
        return self.play_1_episode(exploration)

    def play_1_episode(self, epsilon_exploration):
","",1,""
"Method:utilities/Parallel_Experience_Generator.py:Parallel_Experience_Generator.play_1_episode#1","play_1_episode","utilities/Parallel_Experience_Generator.py",45,65,true,"        return self.play_1_episode(exploration)

    def play_1_episode(self, epsilon_exploration):
        """"""
        Plays 1 episode using the fixed policy and returns the data|一条轨迹
        """"""
        state = self.environment.reset()
        done = False
        episode_states = []
        episode_actions = []
        episode_rewards = []
        objects = []
        while not done:
            action = self.pick_action(self.policy, state, epsilon_exploration)
            next_state, reward, done = self.environment.step(action)
            if self.hyper_parameters[""clip_rewards""]:
                reward = max(min(reward, 1.0), -1.0)
            episode_states.append(state)
            episode_actions.append(action)
            episode_rewards.append(reward)
            state = next_state
        objects.append(self.environment.delay_time_sum)
        return episode_states, episode_actions, episode_rewards, objects

    def reset_game(self):
","Plays 1 episode using the fixed policy and returns the data|一条轨迹",1,""
"Method:utilities/Parallel_Experience_Generator.py:Parallel_Experience_Generator.reset_game#0","reset_game","utilities/Parallel_Experience_Generator.py",67,76,true,"        return episode_states, episode_actions, episode_rewards, objects

    def reset_game(self):
        """"""
        Resets the game environment so it is ready to play a new episode
        """"""
        seed = randint(0, sys.maxsize)
        torch.manual_seed(seed)  # Need to do this otherwise each worker generates same experience
        state = self.environment.reset()
        if self.action_types == ""CONTINUOUS"":
            self.noise.reset()
        return state

    def pick_action(self, policy, state, epsilon_exploration=None):
","Resets the game environment so it is ready to play a new episode",0,""
"Method:utilities/Parallel_Experience_Generator.py:Parallel_Experience_Generator.pick_action#3","pick_action","utilities/Parallel_Experience_Generator.py",78,96,true,"        return state

    def pick_action(self, policy, state, epsilon_exploration=None):
        """"""Picks an action using the policy""""""
        if self.action_types == ""DISCRETE"":
            if random.random() <= epsilon_exploration:
                action = random.randint(0, self.action_size - 1)
                return action

        state = torch.from_numpy(state).float().unsqueeze(0)
        actor_output = policy.forward(state)
        if self.action_choice_output_columns is not None:
            actor_output = actor_output[:, self.action_choice_output_columns]
        action_distribution = create_actor_distribution(self.action_types, actor_output, self.action_size)
        action = action_distribution.sample().cpu()

        if self.action_types == ""CONTINUOUS"":
            action += torch.Tensor(self.noise.sample())
        else:
            action = action.item()
        return action","Picks an action using the policy",3,""
"Method:utilities/Utility_Class.py:PlotFigure.__init__#0","__init__","utilities/Utility_Class.py",22,23,false,"class PlotFigure():
    """"""画图类""""""
    def __init__(self):
        self.figure_name = ['帕累托前沿图', '甘特图', '收敛曲线图']

    def Pareto_figure(self, solutions_dict, algorithms, instance, algorithm_names=None, local='upper left'):
","",0,""
"Method:utilities/Utility_Class.py:PlotFigure.Pareto_figure#5","Pareto_figure","utilities/Utility_Class.py",25,48,true,"        self.figure_name = ['帕累托前沿图', '甘特图', '收敛曲线图']

    def Pareto_figure(self, solutions_dict, algorithms, instance, algorithm_names=None, local='upper left'):
        """"""画帕累托图""""""
        color_symbols = ['b', 'g', 'r', 'c', 'm', 'y', 'k', 'orange', 'purple', 'brown', 'pink', 'gray']
        marker_symbols = ['*', 'o', 's', '<', 'D', 'p', 'h', 'x', '+', 'v', '^', '>']
        fig, ax = plt.subplots()
        for algorithm in algorithms:
            indexed = algorithms.index(algorithm)
            algorithm_data = np.array(solutions_dict[(algorithm, instance)])
            if algorithm_names is None:
                ax.scatter(algorithm_data[:, 0], algorithm_data[:, 1], c=color_symbols[indexed],
                           marker=marker_symbols[indexed], label=algorithm)
            else:
                algorithm_index = algorithms.index(algorithm)
                ax.scatter(algorithm_data[:, 0], algorithm_data[:, 1], c=color_symbols[indexed],
                           marker=marker_symbols[indexed], label=algorithm_names[algorithm_index])

        # 添加标题、轴标题和图例
        ax.set_title('Pareto Front')
        ax.set_xlabel('Makespan')
        ax.set_ylabel('Total tardiness')
        ax.legend(prop=FontProperties(family='Times New Roman'), loc=local)
        plt.title(instance)
        plt.tight_layout()
        plt.savefig(instance + 'pareto_front.svg', format='svg')

    def Pareto_figure_2D(self, solutions_dict, algorithms, instance, objectives, algorithm_names=None, local='upper left'):
","画帕累托图",5,""
"Method:utilities/Utility_Class.py:PlotFigure.Pareto_figure_2D#6","Pareto_figure_2D","utilities/Utility_Class.py",50,73,true,"        plt.savefig(instance + 'pareto_front.svg', format='svg')

    def Pareto_figure_2D(self, solutions_dict, algorithms, instance, objectives, algorithm_names=None, local='upper left'):
        """"""画帕累托图""""""
        objectives_list = ['Makespan', 'Tardiness', 'Energy']
        color_symbols = ['b', 'g', 'r', 'c', 'm', 'y', 'k', 'orange', 'purple', 'brown', 'pink', 'gray']
        marker_symbols = ['*', 'o', 's', '<', 'D', 'p', 'h', 'x', '+', 'v', '^', '>']
        fig, ax = plt.subplots()
        for algorithm in algorithms:
            indexed = algorithms.index(algorithm)
            algorithm_data = np.array(solutions_dict[(algorithm, instance)])
            if algorithm_names is None:
                ax.scatter(algorithm_data[:, objectives[0]], algorithm_data[:, objectives[1]], c=color_symbols[indexed],
                           marker=marker_symbols[indexed], label=algorithm)
            else:
                algorithm_index = algorithms.index(algorithm)
                ax.scatter(algorithm_data[:, objectives[0]], algorithm_data[:, objectives[1]], c=color_symbols[indexed],
                           marker=marker_symbols[indexed], label=algorithm_names[algorithm_index])

        # 添加标题、轴标题和图例
        ax.set_title('Pareto Front')
        ax.set_xlabel(objectives_list[objectives[0]])
        ax.set_ylabel(objectives_list[objectives[1]])
        ax.legend(prop=FontProperties(family='Times New Roman'), loc=local)
        plt.title(instance)
        plt.savefig(instance + '_front_{}{}.svg'.format(objectives[0], objectives[1]), format='svg')

    def Pareto_figure_3D(self, solutions_dict, algorithms, instance, algorithm_names=None, local='upper left'):
","画帕累托图",6,""
"Method:utilities/Utility_Class.py:PlotFigure.Pareto_figure_3D#5","Pareto_figure_3D","utilities/Utility_Class.py",75,115,true,"        plt.savefig(instance + '_front_{}{}.svg'.format(objectives[0], objectives[1]), format='svg')

    def Pareto_figure_3D(self, solutions_dict, algorithms, instance, algorithm_names=None, local='upper left'):
        """"""画帕累托图""""""
        color_symbols = ['b', 'g', 'r', 'c', 'm', 'y', 'k', 'orange', 'purple', 'brown', 'pink', 'gray']
        marker_symbols = ['*', 'o', 's', '<', 'D', 'p', 'h', 'x', '+', 'v', '^', '>']
        fig = plt.figure()
        ax = fig.add_subplot(111, projection='3d')
        for algorithm in algorithms:
            indexed = algorithms.index(algorithm)
            algorithm_data = np.array(solutions_dict[(algorithm, instance)])
            if algorithm_names is None:
                ax.scatter(algorithm_data[:, 0], algorithm_data[:, 1], algorithm_data[:, 2], c=color_symbols[indexed],
                           marker=marker_symbols[indexed], label=algorithm)
            else:
                algorithm_index = algorithms.index(algorithm)
                ax.scatter(algorithm_data[:, 0], algorithm_data[:, 1], algorithm_data[:, 2], c=color_symbols[indexed],
                           marker=marker_symbols[indexed], label=algorithm_names[algorithm_index])

        # 添加标题、轴标题和图例
        ax.set_title('Pareto Front')
        ax.set_xlabel('Makespan')
        ax.set_ylabel('Tardiness')
        ax.set_zlabel('Energy')
        ax.legend(prop=FontProperties(family='Times New Roman'), loc=local)
        # 设置显示
        ax.xaxis._axinfo[""color""] = (0.925, 0.125, 0.90, 0.25)
        ax.xaxis.pane.set_color(""none"")
        ax.yaxis.pane.set_color(""none"")
        ax.zaxis.pane.set_color(""none"")
        ax.xaxis._axinfo[""grid""].update({""linewidth"": .3, ""color"": ""gray""})
        ax.yaxis._axinfo[""grid""].update({""linewidth"": .3, ""color"": ""gray""})
        ax.zaxis._axinfo[""grid""].update({""linewidth"": .3, ""color"": ""gray""})
        # 设置Z轴刻度位置
        ax.zaxis._axinfo['juggled'] = (1, 2, 0)
        # 使用 ScalarFormatter 来设置科学计数法
        formatter = ScalarFormatter(useMathText=True)
        ax.xaxis.set_major_formatter(formatter)
        ax.yaxis.set_major_formatter(formatter)
        ax.zaxis.set_major_formatter(formatter)
        # 添加图标题
        plt.title(instance)
        plt.savefig(instance + 'pareto.svg', format='svg', bbox_inches='tight')


","画帕累托图",5,""
"Method:utilities/Utility_Class.py:DataProcess.__init__#0","__init__","utilities/Utility_Class.py",120,121,false,"class DataProcess:
    """"""数据处理类""""""
    def __init__(self):
        self.function = ['计算帕累托解', 'GD', 'IGD', 'Spread', '写入pickle', '读取pickle']

    def normalized_data(self, data, max_values):
","",0,""
"Method:utilities/Utility_Class.py:DataProcess.normalized_data#2","normalized_data","utilities/Utility_Class.py",123,129,true,"        self.function = ['计算帕累托解', 'GD', 'IGD', 'Spread', '写入pickle', '读取pickle']

    def normalized_data(self, data, max_values):
        """"""根据各目标最大值归一化数据""""""
        max_values = self.to_numpy_array(max_values)
        data = self.to_numpy_array(data)
        # 对每个元素进行归一化操作
        normalized_data = data / max_values
        return normalized_data

    def filter_pareto_front(self, population):
","根据各目标最大值归一化数据",2,""
"Method:utilities/Utility_Class.py:DataProcess.filter_pareto_front#1","filter_pareto_front","utilities/Utility_Class.py",131,145,true,"        return normalized_data

    def filter_pareto_front(self, population):
        """"""返回解集中的帕累托前沿解""""""
        population = self.to_numpy_array(population)
        pareto_front = []
        n = len(population)
        for i in range(n):
            dominated = False
            for j in range(n):
                if all(population[j] <= population[i]) and any(population[j] < population[i]):
                    dominated = True
                    break
            if not dominated:
                pareto_front.append(population[i])
        pareto_front = np.unique(pareto_front, axis=0)
        return pareto_front

    def pareto_count_delete_one(self, solution, solutions_all):
","返回解集中的帕累托前沿解",1,""
"Method:utilities/Utility_Class.py:DataProcess.pareto_count_delete_one#2","pareto_count_delete_one","utilities/Utility_Class.py",147,155,true,"        return pareto_front

    def pareto_count_delete_one(self, solution, solutions_all):
        """"""
        :param solution: 删除的解
        :param solutions_all: 解集
        :return: 删除一个解后的非支配解数量
        """"""
        solutions_all.remove(solution)
        solutions_pareto = self.filter_pareto_front(solutions_all).tolist()
        return len(solutions_pareto)

    def to_numpy_array(self, lst):
",":param solution: 删除的解 :param solutions_all: 解集 :return: 删除一个解后的非支配解数量",2,""
"Method:utilities/Utility_Class.py:DataProcess.to_numpy_array#1","to_numpy_array","utilities/Utility_Class.py",157,161,true,"        return len(solutions_pareto)

    def to_numpy_array(self, lst):
        if isinstance(lst, np.ndarray):
            return lst
        else:
            return np.array(lst)

    def distance_square(self, point1, point2):
","",1,""
"Method:utilities/Utility_Class.py:DataProcess.distance_square#2","distance_square","utilities/Utility_Class.py",163,165,true,"            return np.array(lst)

    def distance_square(self, point1, point2):
        """"""计算两个点之间的欧氏距离""""""
        return np.sum((point1 - point2) ** 2)

    def calculate_igd(self, true_front, population):
","计算两个点之间的欧氏距离",2,""
"Method:utilities/Utility_Class.py:DataProcess.calculate_igd#2","calculate_igd","utilities/Utility_Class.py",167,181,true,"        return np.sum((point1 - point2) ** 2)

    def calculate_igd(self, true_front, population):
        """"""计算 IGD 值""""""
        true_front = self.to_numpy_array(true_front)
        population = self.to_numpy_array(population)
        igd = 0.0
        for true_point in true_front:
            min_distance = np.inf
            for point in population:
                distance = self.distance_square(true_point, point)
                distance = np.sqrt(distance)
                if distance < min_distance:
                    min_distance = distance
            igd += min_distance
        igd /= len(true_front)
        return igd

    def calculate_gd(self, true_front, population):
","计算 IGD 值",2,""
"Method:utilities/Utility_Class.py:DataProcess.calculate_gd#2","calculate_gd","utilities/Utility_Class.py",183,197,true,"        return igd

    def calculate_gd(self, true_front, population):
        """"""计算 GD 值""""""
        true_front = self.to_numpy_array(true_front)
        population = self.to_numpy_array(population)
        gd = 0.0
        for point in population:
            min_distance = np.inf
            for true_point in true_front:
                distance = self.distance_square(point, true_point)
                if distance < min_distance:
                    min_distance = distance
            gd += min_distance
        gd = np.sqrt(gd)
        gd /= len(population)
        return gd

    def calculate_spread(self, population, true_front):
","计算 GD 值",2,""
"Method:utilities/Utility_Class.py:DataProcess.calculate_spread#2","calculate_spread","utilities/Utility_Class.py",199,226,true,"        return gd

    def calculate_spread(self, population, true_front):
        """"""计算 Spread 值""""""
        true_front = self.to_numpy_array(true_front)
        population = self.to_numpy_array(population)
        diaa = []
        for point1 in population:
            min_distance = np.inf
            for point2 in population:
                distance = self.distance_square(point1, point2)
                distance = np.sqrt(distance)
                if distance < min_distance and distance != 0.0:
                    min_distance = distance
            diaa.append(min_distance)
        daa = np.mean(np.array(diaa))
        min_objectives_population = []
        min_objectives_true_front = []
        for i in range(len(true_front[0])):
            min_index_population = np.argmin(population[:, i])
            min_index_true_front = np.argmin(true_front[:, i])
            min_objectives_population.append(population[min_index_population])
            min_objectives_true_front.append(true_front[min_index_true_front])
        distance_sum = 0
        for point1, point2 in zip(min_objectives_population, min_objectives_true_front):
            distance = self.distance_square(point1, point2)
            distance = np.sqrt(distance)
            distance_sum += distance
        spread = (distance_sum + np.sum(np.abs(np.array(diaa) - daa))) / (distance_sum + len(population) * daa)
        return spread

    def pickle_save(self, file_path, solutions):
","计算 Spread 值",2,""
"Method:utilities/Utility_Class.py:DataProcess.pickle_save#2","pickle_save","utilities/Utility_Class.py",228,232,true,"        return spread

    def pickle_save(self, file_path, solutions):
        """"""将字典保存到文件中""""""
        file_pkl = file_path + "".pkl""
        with open(file_pkl, ""wb"") as f:
            pickle.dump(solutions, f)

    def pickle_read(self, file_path):
","将字典保存到文件中",2,""
"Method:utilities/Utility_Class.py:DataProcess.pickle_read#1","pickle_read","utilities/Utility_Class.py",234,239,true,"            pickle.dump(solutions, f)

    def pickle_read(self, file_path):
        """""" 从文件加载保存的字典""""""
        file_pkl = file_path + "".pkl""
        with open(file_pkl, ""rb"") as f:
            loaded_solutions = pickle.load(f)
        return loaded_solutions

    def csv_read(self, file_path, column_name):
","从文件加载保存的字典",1,""
"Method:utilities/Utility_Class.py:DataProcess.csv_read#2","csv_read","utilities/Utility_Class.py",241,245,true,"        return loaded_solutions

    def csv_read(self, file_path, column_name):
        """"""读取csv文件的某列数据并存入列表""""""
        data_frame = pd.read_csv(file_path)
        column_data = data_frame[column_name].tolist()
        return column_data


","读取csv文件的某列数据并存入列表",2,""
"Method:utilities/Utility_Class.py:PlotCsvCurve.__init__#3","__init__","utilities/Utility_Class.py",250,253,false,"class PlotCsvCurve():
    """"""收敛曲线图类""""""
    def __init__(self, csv_file, x_column, y_column):
        self.csv_file = csv_file
        self.x_column = x_column
        self.y_column = y_column

    def plot_csv_data(self):
","",3,""
"Method:utilities/Utility_Class.py:PlotCsvCurve.plot_csv_data#0","plot_csv_data","utilities/Utility_Class.py",255,268,true,"        self.y_column = y_column

    def plot_csv_data(self):
        x_data = []
        y_data = []

        with open(self.csv_file, 'r') as file:
            reader = csv.reader(file)
            header = next(reader)  # 跳过表头
            x_index = header.index(self.x_column)
            y_index = header.index(self.y_column)

            for row in reader:
                x_data.append(float(row[x_index]))
                y_data.append(float(row[y_index]))
        return x_data, y_data


","",0,""
"Method:utilities/Utility_Class.py:MyError.__init__#1","__init__","utilities/Utility_Class.py",273,275,false,"class MyError(Exception):
    """"""异常类""""""
    def __init__(self, message):
        self.message = message
        super().__init__(self.message)


","",1,""
"Method:utilities/Utility_Class.py:FigGan.__init__#1","__init__","utilities/Utility_Class.py",280,285,false,"class FigGan():
    """"""画甘特图类""""""
    def __init__(self, object):
        self.object = object  # 环境对象
        self.machine_dict = self.object.machine_dict  # 工件类型字典
        self.machine_tuple = self.object.machine_tuple  # 机器元组
        self.file_name = self.object.file_name  # 文件名
        self.order_count = self.object.order_count  # 新订单数

    def figure(self):
","",1,""
"Method:utilities/Utility_Class.py:FigGan.figure#0","figure","utilities/Utility_Class.py",287,320,true,"        self.order_count = self.object.order_count  # 新订单数

    def figure(self):
        """"""画甘特图""""""
        width = 12
        fig, ax = plt.subplots(figsize=(width, 6))  # Create a subplot with more vertical space
        colors = ['#1f77b4', '#ff7f0e', '#2ca02c']  # Professional color palette
        kinds = ['K38A', 'K38B', 'K50']
        machines = ['M' + str(m + 1) for m in self.machine_tuple]

        # Plot tasks
        for machine, machine_object in self.machine_dict.items():
            for task_object in machine_object.task_list:
                kind = task_object.kind
                bar_width = task_object.time_end - task_object.time_begin
                bar_mid = task_object.time_begin + bar_width / 2
                ax.barh(machines[machine], bar_width,
                        left=task_object.time_begin, height=0.4,  # Less height for a slimmer bar
                        align='center', color=colors[kind % len(colors)],  # Cycle through colors
                        edgecolor='black', lw=0.5)  # Grey edge for a softer look
                # Position task label above the bar to avoid overlap and increase readability
                # ax.text(bar_mid, machines[machine], f'({task_object.number}-{task_object.task})',
                #         ha='center', va='bottom', color='black', fontsize=3)

        # Create the legend with hatch pattern for 'Machine breakdown'
        legend_patches = [mpatches.Patch(color=colors[i], label=kinds[i]) for i in range(len(kinds))]
        ax.legend(handles=legend_patches, loc='best', fontsize='medium', handlelength=2, handletextpad=1)

        # Customize the axis ticks for a cleaner look
        ax.xaxis.set_tick_params(labelsize=10)
        ax.yaxis.set_tick_params(labelsize=10)

        # Save the Gantt chart as a vector graphic
        plt.savefig(self.file_name + '_gantt.svg', bbox_inches='tight')
        # Optionally, show the plot if needed
        plt.show()

    def figure_gpt(self):
","画甘特图",0,""
"Method:utilities/Utility_Class.py:FigGan.figure_gpt#0","figure_gpt","utilities/Utility_Class.py",322,355,true,"        plt.show()

    def figure_gpt(self):
        """"""Draw Gantt chart with an improved style for scientific papers.""""""
        width = 12
        fig, ax = plt.subplots(figsize=(width, 6))  # Create a subplot with more vertical space
        colors = ['#1f77b4', '#ff7f0e', '#2ca02c']  # Professional color palette
        kinds = ['K38A', 'K38B', 'K50']
        machines = ['M' + str(m + 1) for m in self.machine_tuple]

        # Plot tasks
        for machine, machine_object in self.machine_dict.items():
            for task_object in machine_object.task_list:
                kind = task_object.kind
                bar_width = task_object.time_end - task_object.time_begin
                bar_mid = task_object.time_begin + bar_width / 2
                ax.barh(machines[machine], bar_width,
                        left=task_object.time_begin, height=0.4,  # Less height for a slimmer bar
                        align='center', color=colors[kind % len(colors)],  # Cycle through colors
                        edgecolor='black', lw=0.5)  # Grey edge for a softer look
                # Position task label above the bar to avoid overlap and increase readability
                ax.text(bar_mid, machine + 0.3, f'({task_object.number + 1}-{task_object.task + 1})',
                        ha='center', va='bottom', color='black', fontsize=6)

        # Create the legend with hatch pattern for 'Machine breakdown'
        legend_patches = [mpatches.Patch(color=colors[i], label=kinds[i]) for i in range(len(kinds))]
        ax.legend(handles=legend_patches, loc='best', fontsize='medium', handlelength=2, handletextpad=1)

        # Customize the axis ticks for a cleaner look
        ax.xaxis.set_tick_params(labelsize=10)
        ax.yaxis.set_tick_params(labelsize=10)

        # Save the Gantt chart as a vector graphic
        plt.savefig(self.file_name + '_gantt.svg', bbox_inches='tight')
        # Optionally, show the plot if needed
        plt.show()

    def figure_gpt_breakdown(self):
","Draw Gantt chart with an improved style for scientific papers.",0,""
"Method:utilities/Utility_Class.py:FigGan.figure_gpt_breakdown#0","figure_gpt_breakdown","utilities/Utility_Class.py",357,401,true,"        plt.show()

    def figure_gpt_breakdown(self):
        """"""Draw Gantt chart with an improved style for scientific papers.""""""
        width = 12
        fig, ax = plt.subplots(figsize=(width, 6))  # Create a subplot with more vertical space
        colors = ['#1f77b4', '#ff7f0e', '#2ca02c', '#d62728']  # Professional color palette
        kinds = ['K38A', 'K38B', 'K50', 'Machine breakdown']
        machines = ['M' + str(m + 1) for m in self.machine_tuple]
        breakdown_hatch = '//'  # Hatch pattern for breakdowns

        # Plot tasks
        for machine, machine_object in self.machine_dict.items():
            for task_object in machine_object.task_list:
                bar_width = task_object.time_end - task_object.time_begin
                bar_mid = task_object.time_begin + bar_width / 2
                ax.barh(machines[machine], bar_width,
                        left=task_object.time_begin, height=0.4,  # Less height for a slimmer bar
                        align='center',  # Cycle through colors
                        edgecolor='black', lw=0.5)  # Grey edge for a softer look
                # Position task label above the bar to avoid overlap and increase readability
                ax.text(bar_mid, machine + 0.3, f'({task_object.kind}-{task_object.number}-{task_object.task})',
                        ha='center', va='bottom', color='black', fontsize=6)

        # Plot breakdown times
        for machine in self.machine_tuple:
            breakdowns = self.object.breakdown_m_dict.get(machine, [])
            for breakdown_start, breakdown_end in breakdowns:
                if breakdown_start < self.object.machine_dict[machine].time_end:
                    ax.barh(machines[machine], breakdown_end - breakdown_start,
                            left=breakdown_start, height=0.4,
                            align='center', color='grey', hatch='//',  # Hatch pattern for breakdowns
                            edgecolor='black', lw=0.5)

        # Create the legend with hatch pattern for 'Machine breakdown'
        legend_patches = [mpatches.Patch(color=colors[i], label=kinds[i]) for i in range(len(kinds) - 1)]
        legend_patches.append(mpatches.Patch(facecolor='grey', label=kinds[-1], hatch=breakdown_hatch))
        ax.legend(handles=legend_patches, loc='best', fontsize='medium', handlelength=2, handletextpad=1)

        # Customize the axis ticks for a cleaner look
        ax.xaxis.set_tick_params(labelsize=10)
        ax.yaxis.set_tick_params(labelsize=10)

        # Save the Gantt chart as a vector graphic
        plt.savefig(self.file_name + '_gantt.svg', bbox_inches='tight')
        # Optionally, show the plot if needed
        plt.show()


","Draw Gantt chart with an improved style for scientific papers.",0,""
"Method:utilities/Utility_Class.py:AddData.__init__#1","__init__","utilities/Utility_Class.py",406,407,false,"class AddData():
    """"""添加训练数据""""""
    def __init__(self, path_file_name):
        self.file_name = path_file_name

    def add_data(self, data):
","",1,""
"Method:utilities/Utility_Class.py:AddData.add_data#1","add_data","utilities/Utility_Class.py",409,412,true,"        self.file_name = path_file_name

    def add_data(self, data):
        with open(self.file_name, mode='a', newline='') as file:
            writer = csv.writer(file)
            writer.writerow(data)


","",1,""
"Method:utilities/Utility_Class.py:Data.__init__#2","__init__","utilities/Utility_Class.py",417,430,false,"class Data():
    """"""读取csv文件数据类""""""
    def __init__(self, path=None, file_name=None):
        self.file_name = file_name  # 算例文件名
        self.csv_name_list = ['based_data.csv', 'process_data.csv', 'order_data.csv']
        self.path = path  # 路径
        # 基础数据信息 工件类型数， 机器数， 订单数, 延期度
        self.kind_count, self.machine_count, self.order_count, self.DDT = self.read(self.csv_name_list[0])
        self.machine_tuple = tuple(m for m in range(self.machine_count))  # 机器元组
        self.order_tuple = tuple(s for s in range(self.order_count))  # 订单元组
        self.kind_tuple = tuple(r for r in range(self.kind_count))  # 工件类型元组
        # 订单信息 订单中各类型工件数量， 订单到达时间， 订单交期时间
        self.count_sr_dict, self.time_arrive_s_dict, self.time_delivery_s_dict = self.read(self.csv_name_list[2])
        # 加工信息 工序元组索引，可选机器元组索引，在各机器上的加工时间
        self.task_r_dict, self.machine_rj_dict, self.time_rjm_dict = self.read(self.csv_name_list[1])
        self.kind_task_m_dict, self.kind_task_tuple, self.time_mrj_dict, self.time_rj_dict = self.process()

    def process(self):
","",2,""
"Method:utilities/Utility_Class.py:Data.process#0","process","utilities/Utility_Class.py",432,438,true,"        self.kind_task_m_dict, self.kind_task_tuple, self.time_mrj_dict, self.time_rj_dict = self.process()

    def process(self):
        """"""生成额外索引""""""
        kind_task_tuple = tuple((r, j) for r in self.kind_tuple for j in self.task_r_dict[r])  # 工序类型元组
        kind_task_m_dict = {m: tuple((r, j) for (r, j) in kind_task_tuple if m in self.machine_rj_dict[(r, j)]) for m in self.machine_tuple}
        time_mrj_dict = {m: {(r, j): self.time_rjm_dict[(r, j)][m] for (r, j) in kind_task_m_dict[m]} for m in self.machine_tuple}
        time_rj_dict = {(r, j): sum([time_mrj_dict[m][(r, j)] for m in self.machine_rj_dict[(r, j)]]) / len(self.machine_rj_dict[(r, j)]) for (r, j) in kind_task_tuple}
        return kind_task_m_dict, kind_task_tuple, time_mrj_dict, time_rj_dict

    def str_int_tuple(self, s):
","生成额外索引",0,""
"Method:utilities/Utility_Class.py:Data.str_int_tuple#1","str_int_tuple","utilities/Utility_Class.py",440,443,true,"        return kind_task_m_dict, kind_task_tuple, time_mrj_dict, time_rj_dict

    def str_int_tuple(self, s):
        """"""字符串中提取数字并转为int类型元组""""""
        nums = [int(i) for i in re.findall(r'\d+', s)]
        return tuple(nums)

    def str_int(self, s):
","字符串中提取数字并转为int类型元组",1,""
"Method:utilities/Utility_Class.py:Data.str_int#1","str_int","utilities/Utility_Class.py",445,448,true,"        return tuple(nums)

    def str_int(self, s):
        """"""字符串中提取数字并转为int类型""""""
        nums = [int(i) for i in re.findall(r'\d+', s)]
        return nums[0]

    def read(self, csv_name):
","字符串中提取数字并转为int类型",1,""
"Method:utilities/Utility_Class.py:Data.read#1","read","utilities/Utility_Class.py",450,498,true,"        return nums[0]

    def read(self, csv_name):
        """"""读取文件数据""""""
        data_file = os.path.join(self.path, self.file_name, csv_name)
        with open(data_file, 'r') as f:
            reader = csv.reader(f)
            rows = []
            for row in reader:
                rows.append(row)
        if csv_name == 'based_data.csv':
            kind_count = self.str_int(rows[1][0])
            machine_count = self.str_int(rows[1][1])
            order_count = self.str_int(rows[1][2])
            DDT = self.str_int(rows[1][3])
            return kind_count, machine_count, order_count, DDT
        elif csv_name == 'process_data.csv':
            task_r_dict = {kind: [] for kind in self.kind_tuple}
            machine_rj_dict = {}
            time_rjm_dict = {}
            for row in rows[1:]:
                kind = self.str_int(row[0])
                task = self.str_int(row[1])
                machine_str = self.str_int_tuple(row[2])
                time_str = self.str_int_tuple(row[3])
                task_r_dict[kind].append(task)
                machine_rj_dict[(kind, task)] = machine_str
                time_rjm_dict[(kind, task)] = time_str
            # 预处理数据
            for key, value in task_r_dict.items():
                task_r_dict[key] = tuple(value)
            for kind in self.kind_tuple:
                for task in task_r_dict[kind]:
                    time_machine = {}
                    for machine, time in zip(machine_rj_dict[(kind, task)], time_rjm_dict[(kind, task)]):
                        time_machine[machine] = time
                    time_rjm_dict[(kind, task)] = copy.deepcopy(time_machine)
            return task_r_dict, machine_rj_dict, time_rjm_dict
        else:
            count_sr_dict = {}
            time_arrive_s_dict = {}
            time_delivery_s_dict = {}
            for row in rows[1:]:
                order = self.str_int(row[0])
                time_arrive = self.str_int(row[1])
                time_delivery = self.str_int(row[2])
                kind_count = self.str_int_tuple(row[3])
                count_sr_dict[order] = kind_count
                time_arrive_s_dict[order] = time_arrive
                time_delivery_s_dict[order] = time_delivery
            return count_sr_dict, time_arrive_s_dict, time_delivery_s_dict


","读取文件数据",1,""
"Method:utilities/Utility_Functions.py:SharedAdam.__init__#6","__init__","utilities/Utility_Functions.py",58,65,false,"    创建可在进程之间共享的adam优化器对象。对于像A3C这样的算法很有用.
    """"""
    def __init__(self, params, lr=1e-3, betas=(0.9, 0.999), eps=1e-8, weight_decay=0, amsgrad=False):
        super(SharedAdam, self).__init__(params, lr=lr, betas=betas, eps=eps, weight_decay=weight_decay, amsgrad=amsgrad)
        for group in self.param_groups:
            for p in group['params']:
                state = self.state[p]
                state['step'] = torch.zeros(1)
                state['exp_avg'] = p.data.new().resize_as_(p.data).zero_()
                state['exp_avg_sq'] = p.data.new().resize_as_(p.data).zero_()

    def share_memory(self):
","",6,""
"Method:utilities/Utility_Functions.py:SharedAdam.share_memory#0","share_memory","utilities/Utility_Functions.py",67,73,true,"                state['exp_avg_sq'] = p.data.new().resize_as_(p.data).zero_()

    def share_memory(self):
        for group in self.param_groups:
            for p in group['params']:
                state = self.state[p]
                state['step'].share_memory_()
                state['exp_avg'].share_memory_()
                state['exp_avg_sq'].share_memory_()

    def step(self, closure=None):
","",0,""
"Method:utilities/Utility_Functions.py:SharedAdam.step#1","step","utilities/Utility_Functions.py",75,111,true,"                state['exp_avg_sq'].share_memory_()

    def step(self, closure=None):
        """"""Performs a single optimization step.
        Arguments:
            closure (callable, optional): A closure that reevaluates the model and returns the loss.
        """"""
        loss = None
        if closure is not None:
            loss = closure()
        for group in self.param_groups:
            for p in group['params']:
                if p.grad is None:
                    continue
                grad = p.grad
                amsgrad = group['amsgrad']
                state = self.state[p]
                exp_avg, exp_avg_sq = state['exp_avg'], state['exp_avg_sq']
                if amsgrad:
                    max_exp_avg_sq = state['max_exp_avg_sq']
                beta1, beta2 = group['betas']
                state['step'] += 1
                if group['weight_decay'] != 0:
                    grad = grad.add(group['weight_decay'], p.data)
                # 衰减一、二矩运行平均系数
                exp_avg.mul_(beta1).add_(grad, alpha=1 - beta1)
                exp_avg_sq.mul_(beta2).addcmul_(grad, grad, value=1 - beta2)
                if amsgrad:
                    # Maintains the maximum of all 2nd moment running avg. till now
                    torch.max(max_exp_avg_sq, exp_avg_sq, out=max_exp_avg_sq)
                    # Use the max. for normalizing running avg. of gradient
                    denom = max_exp_avg_sq.sqrt().add_(group['eps'])
                else:
                    denom = exp_avg_sq.sqrt().add_(group['eps'])
                bias_correction1 = 1 - beta1 ** state['step'].item()
                bias_correction2 = 1 - beta2 ** state['step'].item()
                step_size = group['lr'] * math.sqrt(bias_correction2) / bias_correction1
                p.data.addcdiv_(exp_avg, denom, value=-step_size)
        return loss


","Performs a single optimization step. Arguments: closure (callable, optional): A closure that reevaluates the model and returns the loss.",1,""
"Method:utilities/data_structures/Config.py:Config.__init__#0","__init__","utilities/data_structures/Config.py",5,15,false,"class Config():
    """"""对象来保存代理/游戏的配置要求""""""
    def __init__(self):
        self.seed = random.randint(1, 100)  # 随机种子
        self.environment_test = None  # 环境名称
        self.requirements_to_solve_game = None  # 配置需求
        self.num_episodes_to_run = None  # 运行周期
        self.file_to_save_data_results = None  # 保存结果数据的位置
        self.file_to_save_results_graph = None  # 保存结果图的位置
        self.use_GPU = None  # 是否使用GPU
        self.overwrite_existing_results_file = None  # 是否覆盖存在的结果文件
        self.save_model = True  # 是否保存模型
        self.hyper_parameters = self.hyper_parameter()  # 算法超参数

    def hyper_parameter(self):
","",0,""
"Method:utilities/data_structures/Config.py:Config.hyper_parameter#0","hyper_parameter","utilities/data_structures/Config.py",17,138,true,"        self.hyper_parameters = self.hyper_parameter()  # 算法超参数

    def hyper_parameter(self):
        """"""算法超参数""""""
        parameters = {
            ""PPO"": {
                ""policy_update_round"": 10,
                ""num_episodes_to_run"": 2000,
                ""tau"": 0.005,
                ""learning_rate"": 0.003,
                ""discount_rate"": 1.0,
                ""buffer_size"": 10000,
                ""episodes_per_learning_round"": 10,
                ""learning_iterations_per_round"": 10,
                ""learning_iterations_per_round_actor"": 10,
                ""learning_iterations_per_round_critic"": 10,
                ""clip_epsilon"": 0.2,
                ""mu"": 0,
                ""theta"": 0.15,
                ""sigma"": 0.2,
                ""epsilon_decay_rate_denominator"": 10,
                ""clip_rewards"": False,
                ""normalized_rewards"": True,
                ""standardized_rewards"": True,
                ""gradient_clipping_norm"": 10.0
            },
            ""A3C"": {
                ""learning_rate"": 0.0005,
                ""discount_rate"": 0.99,
                ""num_episodes_to_run"": 1200,
                ""gradient_clipping_norm"": 1.0,
                ""clip_rewards"": True,
                ""normalise_rewards"": True,
                ""epsilon_decay_rate_denominator"": 1.0,
                ""exploration_worker_difference"": 2.0
            },
            ""DA3C"": {
                ""learning_rate"": 0.003,
                ""discount_rate"": 0.99,
                ""num_episodes_to_run"": 1200,
                ""gradient_clipping_norm"": 1.0,
                ""clip_rewards"": True,
                ""normalise_rewards"": True,
                ""epsilon_decay_rate_denominator"": 1.0,
                ""exploration_worker_difference"": 2.0
            },
            ""MP_PPO"": {
                ""actor_number"": 5,
                ""policy_update_round"": 10,
                ""num_episodes_to_run"": 1000,
                ""tau"": 0.005,
                ""learning_rate"": 0.0003,
                ""discount_rate"": 0.99,
                ""buffer_size"": 10000,
                ""batch_size"": 256,
                ""episodes_per_learning_round"": 10,
                ""learning_iterations_per_round"": 10,
                ""learning_iterations_per_round_actor"": 10,
                ""learning_iterations_per_round_critic"": 10,
                ""clip_epsilon"": 0.2,
                ""mu"": 0,
                ""theta"": 0.15,
                ""sigma"": 0.2,
                ""epsilon_decay_rate_denominator"": 10,
                ""clip_rewards"": False,
                ""normalized_rewards"": True,
                ""standardized_rewards"": True,
                ""gradient_clipping_norm"": 1.0
            },
            ""HMP_SAC"": {
                ""num_episodes_to_run"": 2000,
                ""learning_rate"": 0.0003,
                ""discount_rate"": 0.99,
                ""buffer_size"": 10000,
                ""batch_size"": 256,
                ""gradient_clipping_norm"": 1.0,
                ""min_steps_before_learning"": 10000,
                ""tau"": 0.005,
                ""learning_updates_per_learning_session"": 10,
                ""update_every_n_steps"": 1000,
                ""add_extra_noise"": False,
                ""do_evaluation_iterations"": False,
                ""entropy_term_weight"": 0,
                ""normalized_rewards"": True,
                ""standardized_rewards"": True,
                ""automatically_tune_entropy_hyper_parameter"": True
            },
            ""DDQN"": {
                ""num_episodes_to_run"": 1000,
                ""gradient_clipping_norm"": 5.0,
                ""tau"": 0.005,
                ""buffer_size"": 100000,
                ""batch_size"": 1280,
                ""learning_iterations"": 1,
                ""update_every_n_steps"": 10,
                ""epsilon_decay_rate_denominator"": 10,
                ""learning_rate"": 0.000001,
                ""discount_rate"": 1
            },
            ""MPTD3"": {
                ""learning_rate"": 0.0003,
                ""discount_rate"": 0.99,
                ""gradient_clipping_norm"": 5.0,
                ""tau"": 0.005,
                ""actor_number"": 5,
                ""action_size"": 1,
                ""state_size"": 24,
                ""num_episodes_to_run"": 2000,
                ""buffer_size"": 10000,
                ""batch_size"": 256,
                ""buffer_size_critic"": 50000,
                ""batch_size_critic"": 1280,
                ""mu"": 0,
                ""theta"": 0.15,
                ""sigma"": 0.2,
                ""action_noise_std"": 0.2,
                ""action_noise_clipping_range"": 0.5,
                ""update_every_n_steps"": 5,
                ""learning_updates_per_learning_session"": 5,
                ""delay_update"": 20
            }
        }

        return parameters


","算法超参数",0,""
"Method:utilities/data_structures/Replay_Buffer.py:Replay_Buffer.__init__#3","__init__","utilities/data_structures/Replay_Buffer.py",8,17,false,"class Replay_Buffer():
    """"""重放缓存区类""""""
    def __init__(self, buffer_size, batch_size, device=None):

        self.memory = deque(maxlen=buffer_size)
        self.batch_size = batch_size
        self.experience = namedtuple(""Experience"", field_names=[""state"", ""action"", ""reward"", ""next_state"", ""done""])

        if device:
            self.device = torch.device(device)
        else:
            self.device = torch.device(""cuda:0"" if torch.cuda.is_available() else ""cpu"")

    def add_experience(self, states, actions, rewards, next_states, dones):
","",3,""
"Method:utilities/data_structures/Replay_Buffer.py:Replay_Buffer.add_experience#5","add_experience","utilities/data_structures/Replay_Buffer.py",19,28,true,"            self.device = torch.device(""cuda:0"" if torch.cuda.is_available() else ""cpu"")

    def add_experience(self, states, actions, rewards, next_states, dones):
        """"""将经验添加到重放缓冲区中""""""
        if type(dones) == list:
            assert type(dones[0]) != list, ""A done shouldn't be a list""
            experiences = [self.experience(state, action, reward, next_state, done)
                           for state, action, reward, next_state, done in zip(states, actions, rewards, next_states, dones)]
            self.memory.extend(experiences)
        else:
            experience = self.experience(states, actions, rewards, next_states, dones)
            self.memory.append(experience)

    def sample(self, num_experiences=None, separate_out_data_types=True):
","将经验添加到重放缓冲区中",5,""
"Method:utilities/data_structures/Replay_Buffer.py:Replay_Buffer.sample#2","sample","utilities/data_structures/Replay_Buffer.py",30,37,true,"            self.memory.append(experience)

    def sample(self, num_experiences=None, separate_out_data_types=True):
        """"""从重放缓冲中抽取经验的随机样本""""""
        experiences = self.pick_experiences(num_experiences)
        if separate_out_data_types:
            states, actions, rewards, next_states, dones = self.separate_out_data_types(experiences)
            return states, actions, rewards, next_states, dones
        else:
            return experiences

    def separate_out_data_types(self, experiences):
","从重放缓冲中抽取经验的随机样本",2,""
"Method:utilities/data_structures/Replay_Buffer.py:Replay_Buffer.separate_out_data_types#1","separate_out_data_types","utilities/data_structures/Replay_Buffer.py",39,47,true,"            return experiences

    def separate_out_data_types(self, experiences):
        """"""将采样经验转换为PyTorch神经网络的正确格式""""""
        states = torch.from_numpy(np.vstack([e.state for e in experiences if e is not None])).float().to(self.device)
        actions = torch.from_numpy(np.vstack([e.action for e in experiences if e is not None])).float().to(self.device)
        rewards = torch.from_numpy(np.vstack([e.reward for e in experiences if e is not None])).float().to(self.device)
        next_states = torch.from_numpy(np.vstack([e.next_state for e in experiences if e is not None])).float().to(self.device)
        dones = torch.from_numpy(np.vstack([int(e.done) for e in experiences if e is not None])).float().to(self.device)
        
        return states, actions, rewards, next_states, dones

    def pick_experiences(self, num_experiences=None):
","将采样经验转换为PyTorch神经网络的正确格式",1,""
"Method:utilities/data_structures/Replay_Buffer.py:Replay_Buffer.pick_experiences#1","pick_experiences","utilities/data_structures/Replay_Buffer.py",49,55,true,"        return states, actions, rewards, next_states, dones

    def pick_experiences(self, num_experiences=None):
        """"""随机采样batch_size条经验""""""
        if num_experiences is not None:
            batch_size = num_experiences
        else:
            batch_size = self.batch_size
        return random.sample(self.memory, k=batch_size)  # 随机选取batch_size个经验

    def __len__(self):
","随机采样batch_size条经验",1,""
"Method:utilities/data_structures/Replay_Buffer.py:Replay_Buffer.__len__#0","__len__","utilities/data_structures/Replay_Buffer.py",57,58,false,"        return random.sample(self.memory, k=batch_size)  # 随机选取batch_size个经验

    def __len__(self):
        return len(self.memory)
","",0,""
