from,to,type,confidence,reason,step
"Folder:utilities","File:utilities/Utility_Functions.py","CONTAINS",1,"",0
"Folder:utilities","File:utilities/Utility_Class.py","CONTAINS",1,"",0
"Folder:utilities","File:utilities/Parallel_Experience_Generator.py","CONTAINS",1,"",0
"Folder:utilities","File:utilities/OU_Noise.py","CONTAINS",1,"",0
"Folder:environments","File:environments/MO_DFJSP_instance_read.py","CONTAINS",1,"",0
"Folder:environments","File:environments/MO_DFJSP_breakdown.py","CONTAINS",1,"",0
"Folder:environments","File:environments/Instance_generate.py","CONTAINS",1,"",0
"Folder:environments","File:environments/class_MODFJSP.py","CONTAINS",1,"",0
"Folder:agents","File:agents/Base_Agent.py","CONTAINS",1,"",0
"Folder:exploration_strategies","File:exploration_strategies/OU_Noise_Exploration.py","CONTAINS",1,"",0
"Folder:exploration_strategies","File:exploration_strategies/Gaussian_Exploration.py","CONTAINS",1,"",0
"Folder:exploration_strategies","File:exploration_strategies/Epsilon_Greedy_Exploration.py","CONTAINS",1,"",0
"Folder:exploration_strategies","File:exploration_strategies/Base_Exploration_Strategy.py","CONTAINS",1,"",0
"Folder:utilities","Folder:utilities/data_structures","CONTAINS",1,"",0
"Folder:utilities/data_structures","File:utilities/data_structures/Replay_Buffer.py","CONTAINS",1,"",0
"Folder:utilities/data_structures","File:utilities/data_structures/Config.py","CONTAINS",1,"",0
"Folder:results","Folder:results/HMPSAC_T","CONTAINS",1,"",0
"Folder:results/HMPSAC_T","File:results/HMPSAC_T/actor_task_model.path","CONTAINS",1,"",0
"Folder:results/HMPSAC_T","File:results/HMPSAC_T/actor_machine_model.path","CONTAINS",1,"",0
"Folder:results","Folder:results/HMPSAC_E","CONTAINS",1,"",0
"Folder:results/HMPSAC_E","File:results/HMPSAC_E/actor_task_model.path","CONTAINS",1,"",0
"Folder:results/HMPSAC_E","File:results/HMPSAC_E/actor_machine_model.path","CONTAINS",1,"",0
"Folder:results","Folder:results/HMPSAC","CONTAINS",1,"",0
"Folder:results/HMPSAC","File:results/HMPSAC/control_policy_network.path","CONTAINS",1,"",0
"Folder:agents","Folder:agents/HMPSAC","CONTAINS",1,"",0
"Folder:agents/HMPSAC","File:agents/HMPSAC/SAC.py","CONTAINS",1,"",0
"Folder:agents/HMPSAC","File:agents/HMPSAC/Buffer.py","CONTAINS",1,"",0
"Folder:agents/HMPSAC","File:agents/HMPSAC/A2C_v5.3.py","CONTAINS",1,"",0
"Folder:agents/HMPSAC","File:agents/HMPSAC/A2C_v5.2.py","CONTAINS",1,"",0
"Folder:agents/HMPSAC","File:agents/HMPSAC/A2C_v5.1.py","CONTAINS",1,"",0
"File:README.md","Section:README.md:L1:HMPSAC_Fluid_Model_MOMDFJSP","CONTAINS",1,"markdown-heading",0
"Section:README.md:L1:HMPSAC_Fluid_Model_MOMDFJSP","Section:README.md:L7:Requirements:","CONTAINS",1,"markdown-heading",0
"Section:README.md:L1:HMPSAC_Fluid_Model_MOMDFJSP","Section:README.md:L15:Tips:","CONTAINS",1,"markdown-heading",0
"Section:README.md:L1:HMPSAC_Fluid_Model_MOMDFJSP","Section:README.md:L22:Citation","CONTAINS",1,"markdown-heading",0
"Section:README.md:L1:HMPSAC_Fluid_Model_MOMDFJSP","Section:README.md:L35:contact","CONTAINS",1,"markdown-heading",0
"File:agents/Base_Agent.py","Class:agents/Base_Agent.py:Base_Agent","DEFINES",1,"",0
"File:agents/Base_Agent.py","Method:agents/Base_Agent.py:Base_Agent.__init__#0","DEFINES",1,"",0
"Class:agents/Base_Agent.py:Base_Agent","Method:agents/Base_Agent.py:Base_Agent.__init__#0","HAS_METHOD",1,"",0
"File:agents/Base_Agent.py","Method:agents/Base_Agent.py:Base_Agent.step#0","DEFINES",1,"",0
"Class:agents/Base_Agent.py:Base_Agent","Method:agents/Base_Agent.py:Base_Agent.step#0","HAS_METHOD",1,"",0
"File:agents/Base_Agent.py","Method:agents/Base_Agent.py:Base_Agent.get_state_size#0","DEFINES",1,"",0
"Class:agents/Base_Agent.py:Base_Agent","Method:agents/Base_Agent.py:Base_Agent.get_state_size#0","HAS_METHOD",1,"",0
"File:agents/Base_Agent.py","Method:agents/Base_Agent.py:Base_Agent.reset_game#0","DEFINES",1,"",0
"Class:agents/Base_Agent.py:Base_Agent","Method:agents/Base_Agent.py:Base_Agent.reset_game#0","HAS_METHOD",1,"",0
"File:agents/Base_Agent.py","Method:agents/Base_Agent.py:Base_Agent.track_episodes_data#0","DEFINES",1,"",0
"Class:agents/Base_Agent.py:Base_Agent","Method:agents/Base_Agent.py:Base_Agent.track_episodes_data#0","HAS_METHOD",1,"",0
"File:agents/Base_Agent.py","Method:agents/Base_Agent.py:Base_Agent.enough_experiences_to_learn_from#2","DEFINES",1,"",0
"Class:agents/Base_Agent.py:Base_Agent","Method:agents/Base_Agent.py:Base_Agent.enough_experiences_to_learn_from#2","HAS_METHOD",1,"",0
"File:agents/Base_Agent.py","Method:agents/Base_Agent.py:Base_Agent.save_experience#2","DEFINES",1,"",0
"Class:agents/Base_Agent.py:Base_Agent","Method:agents/Base_Agent.py:Base_Agent.save_experience#2","HAS_METHOD",1,"",0
"File:agents/Base_Agent.py","Variable:agents/Base_Agent.py:experience","DEFINES",1,"",0
"File:agents/Base_Agent.py","Method:agents/Base_Agent.py:Base_Agent.take_optimisation_step#5","DEFINES",1,"",0
"Class:agents/Base_Agent.py:Base_Agent","Method:agents/Base_Agent.py:Base_Agent.take_optimisation_step#5","HAS_METHOD",1,"",0
"File:agents/Base_Agent.py","Variable:agents/Base_Agent.py:network","DEFINES",1,"",0
"File:agents/Base_Agent.py","Method:agents/Base_Agent.py:Base_Agent.soft_update_of_target_network#3","DEFINES",1,"",0
"Class:agents/Base_Agent.py:Base_Agent","Method:agents/Base_Agent.py:Base_Agent.soft_update_of_target_network#3","HAS_METHOD",1,"",0
"File:agents/Base_Agent.py","Method:agents/Base_Agent.py:Base_Agent.turn_on_any_epsilon_greedy_exploration#0","DEFINES",1,"",0
"Class:agents/Base_Agent.py:Base_Agent","Method:agents/Base_Agent.py:Base_Agent.turn_on_any_epsilon_greedy_exploration#0","HAS_METHOD",1,"",0
"File:agents/Base_Agent.py","Method:agents/Base_Agent.py:Base_Agent.turn_off_any_epsilon_greedy_exploration#0","DEFINES",1,"",0
"Class:agents/Base_Agent.py:Base_Agent","Method:agents/Base_Agent.py:Base_Agent.turn_off_any_epsilon_greedy_exploration#0","HAS_METHOD",1,"",0
"File:agents/Base_Agent.py","Method:agents/Base_Agent.py:Base_Agent.freeze_all_but_output_layers#1","DEFINES",1,"",0
"Class:agents/Base_Agent.py:Base_Agent","Method:agents/Base_Agent.py:Base_Agent.freeze_all_but_output_layers#1","HAS_METHOD",1,"",0
"File:agents/Base_Agent.py","Variable:agents/Base_Agent.py:param_name","DEFINES",1,"",0
"File:agents/Base_Agent.py","Method:agents/Base_Agent.py:Base_Agent.unfreeze_all_layers#1","DEFINES",1,"",0
"Class:agents/Base_Agent.py:Base_Agent","Method:agents/Base_Agent.py:Base_Agent.unfreeze_all_layers#1","HAS_METHOD",1,"",0
"File:agents/Base_Agent.py","Method:agents/Base_Agent.py:Base_Agent.move_gradients_one_model_to_another#3","DEFINES",1,"",0
"Class:agents/Base_Agent.py:Base_Agent","Method:agents/Base_Agent.py:Base_Agent.move_gradients_one_model_to_another#3","HAS_METHOD",1,"",0
"File:agents/Base_Agent.py","Method:agents/Base_Agent.py:Base_Agent.copy_model_over#2","DEFINES",1,"",0
"Class:agents/Base_Agent.py:Base_Agent","Method:agents/Base_Agent.py:Base_Agent.copy_model_over#2","HAS_METHOD",1,"",0
"File:agents/Base_Agent.py","Method:agents/Base_Agent.py:Base_Agent.copy_model_over_dict#2","DEFINES",1,"",0
"Class:agents/Base_Agent.py:Base_Agent","Method:agents/Base_Agent.py:Base_Agent.copy_model_over_dict#2","HAS_METHOD",1,"",0
"File:agents/Base_Agent.py","Variable:agents/Base_Agent.py:to_model_state_dict","DEFINES",1,"",0
"File:agents/Base_Agent.py","Variable:agents/Base_Agent.py:from_model_state_dict","DEFINES",1,"",0
"File:agents/HMPSAC/A2C_v5.1.py","Variable:agents/HMPSAC/A2C_v5.1.py:agent_version","DEFINES",1,"",0
"File:agents/HMPSAC/A2C_v5.1.py","Variable:agents/HMPSAC/A2C_v5.1.py:path_file_name","DEFINES",1,"",0
"File:agents/HMPSAC/A2C_v5.1.py","Variable:agents/HMPSAC/A2C_v5.1.py:add_data_object","DEFINES",1,"",0
"File:agents/HMPSAC/A2C_v5.1.py","Variable:agents/HMPSAC/A2C_v5.1.py:window_name","DEFINES",1,"",0
"File:agents/HMPSAC/A2C_v5.1.py","Variable:agents/HMPSAC/A2C_v5.1.py:vis","DEFINES",1,"",0
"File:agents/HMPSAC/A2C_v5.1.py","Variable:agents/HMPSAC/A2C_v5.1.py:win","DEFINES",1,"",0
"File:agents/HMPSAC/A2C_v5.1.py","Variable:agents/HMPSAC/A2C_v5.1.py:title","DEFINES",1,"",0
"File:agents/HMPSAC/A2C_v5.1.py","Class:agents/HMPSAC/A2C_v5.1.py:TaskPolicyNet","DEFINES",1,"",0
"File:agents/HMPSAC/A2C_v5.1.py","Method:agents/HMPSAC/A2C_v5.1.py:TaskPolicyNet.__init__#4","DEFINES",1,"",0
"Class:agents/HMPSAC/A2C_v5.1.py:TaskPolicyNet","Method:agents/HMPSAC/A2C_v5.1.py:TaskPolicyNet.__init__#4","HAS_METHOD",1,"",0
"File:agents/HMPSAC/A2C_v5.1.py","Method:agents/HMPSAC/A2C_v5.1.py:TaskPolicyNet.forward#1","DEFINES",1,"",0
"Class:agents/HMPSAC/A2C_v5.1.py:TaskPolicyNet","Method:agents/HMPSAC/A2C_v5.1.py:TaskPolicyNet.forward#1","HAS_METHOD",1,"",0
"File:agents/HMPSAC/A2C_v5.1.py","Variable:agents/HMPSAC/A2C_v5.1.py:x","DEFINES",1,"",0
"File:agents/HMPSAC/A2C_v5.1.py","Class:agents/HMPSAC/A2C_v5.1.py:MachinePolicyNet","DEFINES",1,"",0
"File:agents/HMPSAC/A2C_v5.1.py","Method:agents/HMPSAC/A2C_v5.1.py:MachinePolicyNet.__init__#4","DEFINES",1,"",0
"Class:agents/HMPSAC/A2C_v5.1.py:MachinePolicyNet","Method:agents/HMPSAC/A2C_v5.1.py:MachinePolicyNet.__init__#4","HAS_METHOD",1,"",0
"File:agents/HMPSAC/A2C_v5.1.py","Method:agents/HMPSAC/A2C_v5.1.py:MachinePolicyNet.forward#1","DEFINES",1,"",0
"Class:agents/HMPSAC/A2C_v5.1.py:MachinePolicyNet","Method:agents/HMPSAC/A2C_v5.1.py:MachinePolicyNet.forward#1","HAS_METHOD",1,"",0
"File:agents/HMPSAC/A2C_v5.1.py","Class:agents/HMPSAC/A2C_v5.1.py:CriticNet","DEFINES",1,"",0
"File:agents/HMPSAC/A2C_v5.1.py","Method:agents/HMPSAC/A2C_v5.1.py:CriticNet.__init__#4","DEFINES",1,"",0
"Class:agents/HMPSAC/A2C_v5.1.py:CriticNet","Method:agents/HMPSAC/A2C_v5.1.py:CriticNet.__init__#4","HAS_METHOD",1,"",0
"File:agents/HMPSAC/A2C_v5.1.py","Method:agents/HMPSAC/A2C_v5.1.py:CriticNet.forward#1","DEFINES",1,"",0
"Class:agents/HMPSAC/A2C_v5.1.py:CriticNet","Method:agents/HMPSAC/A2C_v5.1.py:CriticNet.forward#1","HAS_METHOD",1,"",0
"File:agents/HMPSAC/A2C_v5.1.py","Class:agents/HMPSAC/A2C_v5.1.py:DA3C","DEFINES",1,"",0
"File:agents/HMPSAC/A2C_v5.1.py","Variable:agents/HMPSAC/A2C_v5.1.py:agent_name","DEFINES",1,"",0
"File:agents/HMPSAC/A2C_v5.1.py","Method:agents/HMPSAC/A2C_v5.1.py:DA3C.__init__#0","DEFINES",1,"",0
"Class:agents/HMPSAC/A2C_v5.1.py:DA3C","Method:agents/HMPSAC/A2C_v5.1.py:DA3C.__init__#0","HAS_METHOD",1,"",0
"File:agents/HMPSAC/A2C_v5.1.py","Method:agents/HMPSAC/A2C_v5.1.py:DA3C.run_n_episodes#0","DEFINES",1,"",0
"Class:agents/HMPSAC/A2C_v5.1.py:DA3C","Method:agents/HMPSAC/A2C_v5.1.py:DA3C.run_n_episodes#0","HAS_METHOD",1,"",0
"File:agents/HMPSAC/A2C_v5.1.py","Variable:agents/HMPSAC/A2C_v5.1.py:start","DEFINES",1,"",0
"File:agents/HMPSAC/A2C_v5.1.py","Variable:agents/HMPSAC/A2C_v5.1.py:gradient_updates_queue_actor_task","DEFINES",1,"",0
"File:agents/HMPSAC/A2C_v5.1.py","Variable:agents/HMPSAC/A2C_v5.1.py:gradient_updates_queue_actor_machine","DEFINES",1,"",0
"File:agents/HMPSAC/A2C_v5.1.py","Variable:agents/HMPSAC/A2C_v5.1.py:gradient_updates_queue_critic","DEFINES",1,"",0
"File:agents/HMPSAC/A2C_v5.1.py","Variable:agents/HMPSAC/A2C_v5.1.py:episodes_per_process","DEFINES",1,"",0
"File:agents/HMPSAC/A2C_v5.1.py","Variable:agents/HMPSAC/A2C_v5.1.py:processes","DEFINES",1,"",0
"File:agents/HMPSAC/A2C_v5.1.py","Variable:agents/HMPSAC/A2C_v5.1.py:optimizer_worker","DEFINES",1,"",0
"File:agents/HMPSAC/A2C_v5.1.py","Variable:agents/HMPSAC/A2C_v5.1.py:worker","DEFINES",1,"",0
"File:agents/HMPSAC/A2C_v5.1.py","Variable:agents/HMPSAC/A2C_v5.1.py:time_taken","DEFINES",1,"",0
"File:agents/HMPSAC/A2C_v5.1.py","Method:agents/HMPSAC/A2C_v5.1.py:DA3C.update_shared_model#3","DEFINES",1,"",0
"Class:agents/HMPSAC/A2C_v5.1.py:DA3C","Method:agents/HMPSAC/A2C_v5.1.py:DA3C.update_shared_model#3","HAS_METHOD",1,"",0
"File:agents/HMPSAC/A2C_v5.1.py","Variable:agents/HMPSAC/A2C_v5.1.py:gradients_actor_task","DEFINES",1,"",0
"File:agents/HMPSAC/A2C_v5.1.py","Variable:agents/HMPSAC/A2C_v5.1.py:gradients_actor_machine","DEFINES",1,"",0
"File:agents/HMPSAC/A2C_v5.1.py","Variable:agents/HMPSAC/A2C_v5.1.py:gradients_critic","DEFINES",1,"",0
"File:agents/HMPSAC/A2C_v5.1.py","Class:agents/HMPSAC/A2C_v5.1.py:Actor_Critic_Worker","DEFINES",1,"",0
"File:agents/HMPSAC/A2C_v5.1.py","Method:agents/HMPSAC/A2C_v5.1.py:Actor_Critic_Worker.__init__#19","DEFINES",1,"",0
"Class:agents/HMPSAC/A2C_v5.1.py:Actor_Critic_Worker","Method:agents/HMPSAC/A2C_v5.1.py:Actor_Critic_Worker.__init__#19","HAS_METHOD",1,"",0
"File:agents/HMPSAC/A2C_v5.1.py","Method:agents/HMPSAC/A2C_v5.1.py:Actor_Critic_Worker.save_actor_model#1","DEFINES",1,"",0
"Class:agents/HMPSAC/A2C_v5.1.py:Actor_Critic_Worker","Method:agents/HMPSAC/A2C_v5.1.py:Actor_Critic_Worker.save_actor_model#1","HAS_METHOD",1,"",0
"File:agents/HMPSAC/A2C_v5.1.py","Variable:agents/HMPSAC/A2C_v5.1.py:file_path","DEFINES",1,"",0
"File:agents/HMPSAC/A2C_v5.1.py","Method:agents/HMPSAC/A2C_v5.1.py:Actor_Critic_Worker.generated_new_environment#0","DEFINES",1,"",0
"Class:agents/HMPSAC/A2C_v5.1.py:Actor_Critic_Worker","Method:agents/HMPSAC/A2C_v5.1.py:Actor_Critic_Worker.generated_new_environment#0","HAS_METHOD",1,"",0
"File:agents/HMPSAC/A2C_v5.1.py","Variable:agents/HMPSAC/A2C_v5.1.py:DDT","DEFINES",1,"",0
"File:agents/HMPSAC/A2C_v5.1.py","Variable:agents/HMPSAC/A2C_v5.1.py:M","DEFINES",1,"",0
"File:agents/HMPSAC/A2C_v5.1.py","Variable:agents/HMPSAC/A2C_v5.1.py:S","DEFINES",1,"",0
"File:agents/HMPSAC/A2C_v5.1.py","Method:agents/HMPSAC/A2C_v5.1.py:Actor_Critic_Worker.run#0","DEFINES",1,"",0
"Class:agents/HMPSAC/A2C_v5.1.py:Actor_Critic_Worker","Method:agents/HMPSAC/A2C_v5.1.py:Actor_Critic_Worker.run#0","HAS_METHOD",1,"",0
"File:agents/HMPSAC/A2C_v5.1.py","Variable:agents/HMPSAC/A2C_v5.1.py:epsilon_exploration","DEFINES",1,"",0
"File:agents/HMPSAC/A2C_v5.1.py","Variable:agents/HMPSAC/A2C_v5.1.py:state","DEFINES",1,"",0
"File:agents/HMPSAC/A2C_v5.1.py","Variable:agents/HMPSAC/A2C_v5.1.py:done","DEFINES",1,"",0
"File:agents/HMPSAC/A2C_v5.1.py","Variable:agents/HMPSAC/A2C_v5.1.py:state_add","DEFINES",1,"",0
"File:agents/HMPSAC/A2C_v5.1.py","Variable:agents/HMPSAC/A2C_v5.1.py:critic_outputs","DEFINES",1,"",0
"File:agents/HMPSAC/A2C_v5.1.py","Variable:agents/HMPSAC/A2C_v5.1.py:actions","DEFINES",1,"",0
"File:agents/HMPSAC/A2C_v5.1.py","Variable:agents/HMPSAC/A2C_v5.1.py:action_task","DEFINES",1,"",0
"File:agents/HMPSAC/A2C_v5.1.py","Variable:agents/HMPSAC/A2C_v5.1.py:action_machine","DEFINES",1,"",0
"File:agents/HMPSAC/A2C_v5.1.py","Method:agents/HMPSAC/A2C_v5.1.py:Actor_Critic_Worker.calculate_new_exploration#0","DEFINES",1,"",0
"Class:agents/HMPSAC/A2C_v5.1.py:Actor_Critic_Worker","Method:agents/HMPSAC/A2C_v5.1.py:Actor_Critic_Worker.calculate_new_exploration#0","HAS_METHOD",1,"",0
"File:agents/HMPSAC/A2C_v5.1.py","Variable:agents/HMPSAC/A2C_v5.1.py:epsilon","DEFINES",1,"",0
"File:agents/HMPSAC/A2C_v5.1.py","Method:agents/HMPSAC/A2C_v5.1.py:Actor_Critic_Worker.pick_action_and_log_prob#3","DEFINES",1,"",0
"Class:agents/HMPSAC/A2C_v5.1.py:Actor_Critic_Worker","Method:agents/HMPSAC/A2C_v5.1.py:Actor_Critic_Worker.pick_action_and_log_prob#3","HAS_METHOD",1,"",0
"File:agents/HMPSAC/A2C_v5.1.py","Variable:agents/HMPSAC/A2C_v5.1.py:actor_output","DEFINES",1,"",0
"File:agents/HMPSAC/A2C_v5.1.py","Variable:agents/HMPSAC/A2C_v5.1.py:action_size","DEFINES",1,"",0
"File:agents/HMPSAC/A2C_v5.1.py","Variable:agents/HMPSAC/A2C_v5.1.py:action_distribution","DEFINES",1,"",0
"File:agents/HMPSAC/A2C_v5.1.py","Variable:agents/HMPSAC/A2C_v5.1.py:action","DEFINES",1,"",0
"File:agents/HMPSAC/A2C_v5.1.py","Variable:agents/HMPSAC/A2C_v5.1.py:action_log_prob","DEFINES",1,"",0
"File:agents/HMPSAC/A2C_v5.1.py","Method:agents/HMPSAC/A2C_v5.1.py:Actor_Critic_Worker.pick_action#2","DEFINES",1,"",0
"Class:agents/HMPSAC/A2C_v5.1.py:Actor_Critic_Worker","Method:agents/HMPSAC/A2C_v5.1.py:Actor_Critic_Worker.pick_action#2","HAS_METHOD",1,"",0
"File:agents/HMPSAC/A2C_v5.1.py","Method:agents/HMPSAC/A2C_v5.1.py:Actor_Critic_Worker.get_critic_value#2","DEFINES",1,"",0
"Class:agents/HMPSAC/A2C_v5.1.py:Actor_Critic_Worker","Method:agents/HMPSAC/A2C_v5.1.py:Actor_Critic_Worker.get_critic_value#2","HAS_METHOD",1,"",0
"File:agents/HMPSAC/A2C_v5.1.py","Variable:agents/HMPSAC/A2C_v5.1.py:critic_output","DEFINES",1,"",0
"File:agents/HMPSAC/A2C_v5.1.py","Method:agents/HMPSAC/A2C_v5.1.py:Actor_Critic_Worker.calculate_log_action_probability#2","DEFINES",1,"",0
"Class:agents/HMPSAC/A2C_v5.1.py:Actor_Critic_Worker","Method:agents/HMPSAC/A2C_v5.1.py:Actor_Critic_Worker.calculate_log_action_probability#2","HAS_METHOD",1,"",0
"File:agents/HMPSAC/A2C_v5.1.py","Variable:agents/HMPSAC/A2C_v5.1.py:policy_distribution_log_prob","DEFINES",1,"",0
"File:agents/HMPSAC/A2C_v5.1.py","Method:agents/HMPSAC/A2C_v5.1.py:Actor_Critic_Worker.calculate_total_loss#0","DEFINES",1,"",0
"Class:agents/HMPSAC/A2C_v5.1.py:Actor_Critic_Worker","Method:agents/HMPSAC/A2C_v5.1.py:Actor_Critic_Worker.calculate_total_loss#0","HAS_METHOD",1,"",0
"File:agents/HMPSAC/A2C_v5.1.py","Variable:agents/HMPSAC/A2C_v5.1.py:discounted_returns","DEFINES",1,"",0
"File:agents/HMPSAC/A2C_v5.1.py","Variable:agents/HMPSAC/A2C_v5.1.py:actor_task_loss","DEFINES",1,"",0
"File:agents/HMPSAC/A2C_v5.1.py","Variable:agents/HMPSAC/A2C_v5.1.py:actor_machine_loss","DEFINES",1,"",0
"File:agents/HMPSAC/A2C_v5.1.py","Method:agents/HMPSAC/A2C_v5.1.py:Actor_Critic_Worker.calculate_discounted_returns#0","DEFINES",1,"",0
"Class:agents/HMPSAC/A2C_v5.1.py:Actor_Critic_Worker","Method:agents/HMPSAC/A2C_v5.1.py:Actor_Critic_Worker.calculate_discounted_returns#0","HAS_METHOD",1,"",0
"File:agents/HMPSAC/A2C_v5.1.py","Variable:agents/HMPSAC/A2C_v5.1.py:return_value","DEFINES",1,"",0
"File:agents/HMPSAC/A2C_v5.1.py","Method:agents/HMPSAC/A2C_v5.1.py:Actor_Critic_Worker.normalise_discounted_returns#1","DEFINES",1,"",0
"Class:agents/HMPSAC/A2C_v5.1.py:Actor_Critic_Worker","Method:agents/HMPSAC/A2C_v5.1.py:Actor_Critic_Worker.normalise_discounted_returns#1","HAS_METHOD",1,"",0
"File:agents/HMPSAC/A2C_v5.1.py","Variable:agents/HMPSAC/A2C_v5.1.py:mean","DEFINES",1,"",0
"File:agents/HMPSAC/A2C_v5.1.py","Variable:agents/HMPSAC/A2C_v5.1.py:std","DEFINES",1,"",0
"File:agents/HMPSAC/A2C_v5.1.py","Method:agents/HMPSAC/A2C_v5.1.py:Actor_Critic_Worker.normalization_discounted_returns#1","DEFINES",1,"",0
"Class:agents/HMPSAC/A2C_v5.1.py:Actor_Critic_Worker","Method:agents/HMPSAC/A2C_v5.1.py:Actor_Critic_Worker.normalization_discounted_returns#1","HAS_METHOD",1,"",0
"File:agents/HMPSAC/A2C_v5.1.py","Variable:agents/HMPSAC/A2C_v5.1.py:min_value","DEFINES",1,"",0
"File:agents/HMPSAC/A2C_v5.1.py","Variable:agents/HMPSAC/A2C_v5.1.py:max_value","DEFINES",1,"",0
"File:agents/HMPSAC/A2C_v5.1.py","Variable:agents/HMPSAC/A2C_v5.1.py:range_value","DEFINES",1,"",0
"File:agents/HMPSAC/A2C_v5.1.py","Method:agents/HMPSAC/A2C_v5.1.py:Actor_Critic_Worker.calculate_critic_loss_and_advantages#1","DEFINES",1,"",0
"Class:agents/HMPSAC/A2C_v5.1.py:Actor_Critic_Worker","Method:agents/HMPSAC/A2C_v5.1.py:Actor_Critic_Worker.calculate_critic_loss_and_advantages#1","HAS_METHOD",1,"",0
"File:agents/HMPSAC/A2C_v5.1.py","Variable:agents/HMPSAC/A2C_v5.1.py:critic_values","DEFINES",1,"",0
"File:agents/HMPSAC/A2C_v5.1.py","Variable:agents/HMPSAC/A2C_v5.1.py:advantages","DEFINES",1,"",0
"File:agents/HMPSAC/A2C_v5.1.py","Variable:agents/HMPSAC/A2C_v5.1.py:critic_loss","DEFINES",1,"",0
"File:agents/HMPSAC/A2C_v5.1.py","Method:agents/HMPSAC/A2C_v5.1.py:Actor_Critic_Worker.calculate_actor_loss#2","DEFINES",1,"",0
"Class:agents/HMPSAC/A2C_v5.1.py:Actor_Critic_Worker","Method:agents/HMPSAC/A2C_v5.1.py:Actor_Critic_Worker.calculate_actor_loss#2","HAS_METHOD",1,"",0
"File:agents/HMPSAC/A2C_v5.1.py","Variable:agents/HMPSAC/A2C_v5.1.py:action_log_probabilities_for_all_episodes","DEFINES",1,"",0
"File:agents/HMPSAC/A2C_v5.1.py","Variable:agents/HMPSAC/A2C_v5.1.py:actor_loss","DEFINES",1,"",0
"File:agents/HMPSAC/A2C_v5.1.py","Method:agents/HMPSAC/A2C_v5.1.py:Actor_Critic_Worker.put_gradients_in_queue#3","DEFINES",1,"",0
"Class:agents/HMPSAC/A2C_v5.1.py:Actor_Critic_Worker","Method:agents/HMPSAC/A2C_v5.1.py:Actor_Critic_Worker.put_gradients_in_queue#3","HAS_METHOD",1,"",0
"File:agents/HMPSAC/A2C_v5.1.py","Variable:agents/HMPSAC/A2C_v5.1.py:gradients","DEFINES",1,"",0
"File:agents/HMPSAC/A2C_v5.1.py","Variable:agents/HMPSAC/A2C_v5.1.py:da3c_object","DEFINES",1,"",0
"File:agents/HMPSAC/A2C_v5.2.py","Variable:agents/HMPSAC/A2C_v5.2.py:agent_version","DEFINES",1,"",0
"File:agents/HMPSAC/A2C_v5.2.py","Variable:agents/HMPSAC/A2C_v5.2.py:path_file_name","DEFINES",1,"",0
"File:agents/HMPSAC/A2C_v5.2.py","Variable:agents/HMPSAC/A2C_v5.2.py:add_data_object","DEFINES",1,"",0
"File:agents/HMPSAC/A2C_v5.2.py","Variable:agents/HMPSAC/A2C_v5.2.py:window_name","DEFINES",1,"",0
"File:agents/HMPSAC/A2C_v5.2.py","Variable:agents/HMPSAC/A2C_v5.2.py:vis","DEFINES",1,"",0
"File:agents/HMPSAC/A2C_v5.2.py","Variable:agents/HMPSAC/A2C_v5.2.py:win","DEFINES",1,"",0
"File:agents/HMPSAC/A2C_v5.2.py","Variable:agents/HMPSAC/A2C_v5.2.py:title","DEFINES",1,"",0
"File:agents/HMPSAC/A2C_v5.2.py","Class:agents/HMPSAC/A2C_v5.2.py:TaskPolicyNet","DEFINES",1,"",0
"File:agents/HMPSAC/A2C_v5.2.py","Method:agents/HMPSAC/A2C_v5.2.py:TaskPolicyNet.__init__#4","DEFINES",1,"",0
"Class:agents/HMPSAC/A2C_v5.2.py:TaskPolicyNet","Method:agents/HMPSAC/A2C_v5.2.py:TaskPolicyNet.__init__#4","HAS_METHOD",1,"",0
"File:agents/HMPSAC/A2C_v5.2.py","Method:agents/HMPSAC/A2C_v5.2.py:TaskPolicyNet.forward#1","DEFINES",1,"",0
"Class:agents/HMPSAC/A2C_v5.2.py:TaskPolicyNet","Method:agents/HMPSAC/A2C_v5.2.py:TaskPolicyNet.forward#1","HAS_METHOD",1,"",0
"File:agents/HMPSAC/A2C_v5.2.py","Variable:agents/HMPSAC/A2C_v5.2.py:x","DEFINES",1,"",0
"File:agents/HMPSAC/A2C_v5.2.py","Class:agents/HMPSAC/A2C_v5.2.py:MachinePolicyNet","DEFINES",1,"",0
"File:agents/HMPSAC/A2C_v5.2.py","Method:agents/HMPSAC/A2C_v5.2.py:MachinePolicyNet.__init__#4","DEFINES",1,"",0
"Class:agents/HMPSAC/A2C_v5.2.py:MachinePolicyNet","Method:agents/HMPSAC/A2C_v5.2.py:MachinePolicyNet.__init__#4","HAS_METHOD",1,"",0
"File:agents/HMPSAC/A2C_v5.2.py","Method:agents/HMPSAC/A2C_v5.2.py:MachinePolicyNet.forward#1","DEFINES",1,"",0
"Class:agents/HMPSAC/A2C_v5.2.py:MachinePolicyNet","Method:agents/HMPSAC/A2C_v5.2.py:MachinePolicyNet.forward#1","HAS_METHOD",1,"",0
"File:agents/HMPSAC/A2C_v5.2.py","Class:agents/HMPSAC/A2C_v5.2.py:CriticNet","DEFINES",1,"",0
"File:agents/HMPSAC/A2C_v5.2.py","Method:agents/HMPSAC/A2C_v5.2.py:CriticNet.__init__#4","DEFINES",1,"",0
"Class:agents/HMPSAC/A2C_v5.2.py:CriticNet","Method:agents/HMPSAC/A2C_v5.2.py:CriticNet.__init__#4","HAS_METHOD",1,"",0
"File:agents/HMPSAC/A2C_v5.2.py","Method:agents/HMPSAC/A2C_v5.2.py:CriticNet.forward#1","DEFINES",1,"",0
"Class:agents/HMPSAC/A2C_v5.2.py:CriticNet","Method:agents/HMPSAC/A2C_v5.2.py:CriticNet.forward#1","HAS_METHOD",1,"",0
"File:agents/HMPSAC/A2C_v5.2.py","Class:agents/HMPSAC/A2C_v5.2.py:DA3C","DEFINES",1,"",0
"File:agents/HMPSAC/A2C_v5.2.py","Variable:agents/HMPSAC/A2C_v5.2.py:agent_name","DEFINES",1,"",0
"File:agents/HMPSAC/A2C_v5.2.py","Method:agents/HMPSAC/A2C_v5.2.py:DA3C.__init__#0","DEFINES",1,"",0
"Class:agents/HMPSAC/A2C_v5.2.py:DA3C","Method:agents/HMPSAC/A2C_v5.2.py:DA3C.__init__#0","HAS_METHOD",1,"",0
"File:agents/HMPSAC/A2C_v5.2.py","Method:agents/HMPSAC/A2C_v5.2.py:DA3C.run_n_episodes#0","DEFINES",1,"",0
"Class:agents/HMPSAC/A2C_v5.2.py:DA3C","Method:agents/HMPSAC/A2C_v5.2.py:DA3C.run_n_episodes#0","HAS_METHOD",1,"",0
"File:agents/HMPSAC/A2C_v5.2.py","Variable:agents/HMPSAC/A2C_v5.2.py:start","DEFINES",1,"",0
"File:agents/HMPSAC/A2C_v5.2.py","Variable:agents/HMPSAC/A2C_v5.2.py:gradient_updates_queue_actor_task","DEFINES",1,"",0
"File:agents/HMPSAC/A2C_v5.2.py","Variable:agents/HMPSAC/A2C_v5.2.py:gradient_updates_queue_actor_machine","DEFINES",1,"",0
"File:agents/HMPSAC/A2C_v5.2.py","Variable:agents/HMPSAC/A2C_v5.2.py:gradient_updates_queue_critic","DEFINES",1,"",0
"File:agents/HMPSAC/A2C_v5.2.py","Variable:agents/HMPSAC/A2C_v5.2.py:episodes_per_process","DEFINES",1,"",0
"File:agents/HMPSAC/A2C_v5.2.py","Variable:agents/HMPSAC/A2C_v5.2.py:processes","DEFINES",1,"",0
"File:agents/HMPSAC/A2C_v5.2.py","Variable:agents/HMPSAC/A2C_v5.2.py:optimizer_worker","DEFINES",1,"",0
"File:agents/HMPSAC/A2C_v5.2.py","Variable:agents/HMPSAC/A2C_v5.2.py:worker","DEFINES",1,"",0
"File:agents/HMPSAC/A2C_v5.2.py","Variable:agents/HMPSAC/A2C_v5.2.py:time_taken","DEFINES",1,"",0
"File:agents/HMPSAC/A2C_v5.2.py","Method:agents/HMPSAC/A2C_v5.2.py:DA3C.update_shared_model#3","DEFINES",1,"",0
"Class:agents/HMPSAC/A2C_v5.2.py:DA3C","Method:agents/HMPSAC/A2C_v5.2.py:DA3C.update_shared_model#3","HAS_METHOD",1,"",0
"File:agents/HMPSAC/A2C_v5.2.py","Variable:agents/HMPSAC/A2C_v5.2.py:gradients_actor_task","DEFINES",1,"",0
"File:agents/HMPSAC/A2C_v5.2.py","Variable:agents/HMPSAC/A2C_v5.2.py:gradients_actor_machine","DEFINES",1,"",0
"File:agents/HMPSAC/A2C_v5.2.py","Variable:agents/HMPSAC/A2C_v5.2.py:gradients_critic","DEFINES",1,"",0
"File:agents/HMPSAC/A2C_v5.2.py","Class:agents/HMPSAC/A2C_v5.2.py:Actor_Critic_Worker","DEFINES",1,"",0
"File:agents/HMPSAC/A2C_v5.2.py","Method:agents/HMPSAC/A2C_v5.2.py:Actor_Critic_Worker.__init__#19","DEFINES",1,"",0
"Class:agents/HMPSAC/A2C_v5.2.py:Actor_Critic_Worker","Method:agents/HMPSAC/A2C_v5.2.py:Actor_Critic_Worker.__init__#19","HAS_METHOD",1,"",0
"File:agents/HMPSAC/A2C_v5.2.py","Method:agents/HMPSAC/A2C_v5.2.py:Actor_Critic_Worker.save_actor_model#1","DEFINES",1,"",0
"Class:agents/HMPSAC/A2C_v5.2.py:Actor_Critic_Worker","Method:agents/HMPSAC/A2C_v5.2.py:Actor_Critic_Worker.save_actor_model#1","HAS_METHOD",1,"",0
"File:agents/HMPSAC/A2C_v5.2.py","Variable:agents/HMPSAC/A2C_v5.2.py:file_path","DEFINES",1,"",0
"File:agents/HMPSAC/A2C_v5.2.py","Method:agents/HMPSAC/A2C_v5.2.py:Actor_Critic_Worker.generated_new_environment#0","DEFINES",1,"",0
"Class:agents/HMPSAC/A2C_v5.2.py:Actor_Critic_Worker","Method:agents/HMPSAC/A2C_v5.2.py:Actor_Critic_Worker.generated_new_environment#0","HAS_METHOD",1,"",0
"File:agents/HMPSAC/A2C_v5.2.py","Variable:agents/HMPSAC/A2C_v5.2.py:DDT","DEFINES",1,"",0
"File:agents/HMPSAC/A2C_v5.2.py","Variable:agents/HMPSAC/A2C_v5.2.py:M","DEFINES",1,"",0
"File:agents/HMPSAC/A2C_v5.2.py","Variable:agents/HMPSAC/A2C_v5.2.py:S","DEFINES",1,"",0
"File:agents/HMPSAC/A2C_v5.2.py","Method:agents/HMPSAC/A2C_v5.2.py:Actor_Critic_Worker.run#0","DEFINES",1,"",0
"Class:agents/HMPSAC/A2C_v5.2.py:Actor_Critic_Worker","Method:agents/HMPSAC/A2C_v5.2.py:Actor_Critic_Worker.run#0","HAS_METHOD",1,"",0
"File:agents/HMPSAC/A2C_v5.2.py","Variable:agents/HMPSAC/A2C_v5.2.py:epsilon_exploration","DEFINES",1,"",0
"File:agents/HMPSAC/A2C_v5.2.py","Variable:agents/HMPSAC/A2C_v5.2.py:state","DEFINES",1,"",0
"File:agents/HMPSAC/A2C_v5.2.py","Variable:agents/HMPSAC/A2C_v5.2.py:done","DEFINES",1,"",0
"File:agents/HMPSAC/A2C_v5.2.py","Variable:agents/HMPSAC/A2C_v5.2.py:state_add","DEFINES",1,"",0
"File:agents/HMPSAC/A2C_v5.2.py","Variable:agents/HMPSAC/A2C_v5.2.py:critic_outputs","DEFINES",1,"",0
"File:agents/HMPSAC/A2C_v5.2.py","Variable:agents/HMPSAC/A2C_v5.2.py:actions","DEFINES",1,"",0
"File:agents/HMPSAC/A2C_v5.2.py","Variable:agents/HMPSAC/A2C_v5.2.py:action_task","DEFINES",1,"",0
"File:agents/HMPSAC/A2C_v5.2.py","Variable:agents/HMPSAC/A2C_v5.2.py:action_machine","DEFINES",1,"",0
"File:agents/HMPSAC/A2C_v5.2.py","Method:agents/HMPSAC/A2C_v5.2.py:Actor_Critic_Worker.calculate_new_exploration#0","DEFINES",1,"",0
"Class:agents/HMPSAC/A2C_v5.2.py:Actor_Critic_Worker","Method:agents/HMPSAC/A2C_v5.2.py:Actor_Critic_Worker.calculate_new_exploration#0","HAS_METHOD",1,"",0
"File:agents/HMPSAC/A2C_v5.2.py","Variable:agents/HMPSAC/A2C_v5.2.py:epsilon","DEFINES",1,"",0
"File:agents/HMPSAC/A2C_v5.2.py","Method:agents/HMPSAC/A2C_v5.2.py:Actor_Critic_Worker.pick_action_and_log_prob#3","DEFINES",1,"",0
"Class:agents/HMPSAC/A2C_v5.2.py:Actor_Critic_Worker","Method:agents/HMPSAC/A2C_v5.2.py:Actor_Critic_Worker.pick_action_and_log_prob#3","HAS_METHOD",1,"",0
"File:agents/HMPSAC/A2C_v5.2.py","Variable:agents/HMPSAC/A2C_v5.2.py:actor_output","DEFINES",1,"",0
"File:agents/HMPSAC/A2C_v5.2.py","Variable:agents/HMPSAC/A2C_v5.2.py:action_size","DEFINES",1,"",0
"File:agents/HMPSAC/A2C_v5.2.py","Variable:agents/HMPSAC/A2C_v5.2.py:action_distribution","DEFINES",1,"",0
"File:agents/HMPSAC/A2C_v5.2.py","Variable:agents/HMPSAC/A2C_v5.2.py:action","DEFINES",1,"",0
"File:agents/HMPSAC/A2C_v5.2.py","Variable:agents/HMPSAC/A2C_v5.2.py:action_log_prob","DEFINES",1,"",0
"File:agents/HMPSAC/A2C_v5.2.py","Method:agents/HMPSAC/A2C_v5.2.py:Actor_Critic_Worker.pick_action#2","DEFINES",1,"",0
"Class:agents/HMPSAC/A2C_v5.2.py:Actor_Critic_Worker","Method:agents/HMPSAC/A2C_v5.2.py:Actor_Critic_Worker.pick_action#2","HAS_METHOD",1,"",0
"File:agents/HMPSAC/A2C_v5.2.py","Method:agents/HMPSAC/A2C_v5.2.py:Actor_Critic_Worker.get_critic_value#2","DEFINES",1,"",0
"Class:agents/HMPSAC/A2C_v5.2.py:Actor_Critic_Worker","Method:agents/HMPSAC/A2C_v5.2.py:Actor_Critic_Worker.get_critic_value#2","HAS_METHOD",1,"",0
"File:agents/HMPSAC/A2C_v5.2.py","Variable:agents/HMPSAC/A2C_v5.2.py:critic_output","DEFINES",1,"",0
"File:agents/HMPSAC/A2C_v5.2.py","Method:agents/HMPSAC/A2C_v5.2.py:Actor_Critic_Worker.calculate_log_action_probability#2","DEFINES",1,"",0
"Class:agents/HMPSAC/A2C_v5.2.py:Actor_Critic_Worker","Method:agents/HMPSAC/A2C_v5.2.py:Actor_Critic_Worker.calculate_log_action_probability#2","HAS_METHOD",1,"",0
"File:agents/HMPSAC/A2C_v5.2.py","Variable:agents/HMPSAC/A2C_v5.2.py:policy_distribution_log_prob","DEFINES",1,"",0
"File:agents/HMPSAC/A2C_v5.2.py","Method:agents/HMPSAC/A2C_v5.2.py:Actor_Critic_Worker.calculate_total_loss#0","DEFINES",1,"",0
"Class:agents/HMPSAC/A2C_v5.2.py:Actor_Critic_Worker","Method:agents/HMPSAC/A2C_v5.2.py:Actor_Critic_Worker.calculate_total_loss#0","HAS_METHOD",1,"",0
"File:agents/HMPSAC/A2C_v5.2.py","Variable:agents/HMPSAC/A2C_v5.2.py:discounted_returns","DEFINES",1,"",0
"File:agents/HMPSAC/A2C_v5.2.py","Variable:agents/HMPSAC/A2C_v5.2.py:actor_task_loss","DEFINES",1,"",0
"File:agents/HMPSAC/A2C_v5.2.py","Variable:agents/HMPSAC/A2C_v5.2.py:actor_machine_loss","DEFINES",1,"",0
"File:agents/HMPSAC/A2C_v5.2.py","Method:agents/HMPSAC/A2C_v5.2.py:Actor_Critic_Worker.calculate_discounted_returns#0","DEFINES",1,"",0
"Class:agents/HMPSAC/A2C_v5.2.py:Actor_Critic_Worker","Method:agents/HMPSAC/A2C_v5.2.py:Actor_Critic_Worker.calculate_discounted_returns#0","HAS_METHOD",1,"",0
"File:agents/HMPSAC/A2C_v5.2.py","Variable:agents/HMPSAC/A2C_v5.2.py:return_value","DEFINES",1,"",0
"File:agents/HMPSAC/A2C_v5.2.py","Method:agents/HMPSAC/A2C_v5.2.py:Actor_Critic_Worker.normalise_discounted_returns#1","DEFINES",1,"",0
"Class:agents/HMPSAC/A2C_v5.2.py:Actor_Critic_Worker","Method:agents/HMPSAC/A2C_v5.2.py:Actor_Critic_Worker.normalise_discounted_returns#1","HAS_METHOD",1,"",0
"File:agents/HMPSAC/A2C_v5.2.py","Variable:agents/HMPSAC/A2C_v5.2.py:mean","DEFINES",1,"",0
"File:agents/HMPSAC/A2C_v5.2.py","Variable:agents/HMPSAC/A2C_v5.2.py:std","DEFINES",1,"",0
"File:agents/HMPSAC/A2C_v5.2.py","Method:agents/HMPSAC/A2C_v5.2.py:Actor_Critic_Worker.normalization_discounted_returns#1","DEFINES",1,"",0
"Class:agents/HMPSAC/A2C_v5.2.py:Actor_Critic_Worker","Method:agents/HMPSAC/A2C_v5.2.py:Actor_Critic_Worker.normalization_discounted_returns#1","HAS_METHOD",1,"",0
"File:agents/HMPSAC/A2C_v5.2.py","Variable:agents/HMPSAC/A2C_v5.2.py:min_value","DEFINES",1,"",0
"File:agents/HMPSAC/A2C_v5.2.py","Variable:agents/HMPSAC/A2C_v5.2.py:max_value","DEFINES",1,"",0
"File:agents/HMPSAC/A2C_v5.2.py","Variable:agents/HMPSAC/A2C_v5.2.py:range_value","DEFINES",1,"",0
"File:agents/HMPSAC/A2C_v5.2.py","Method:agents/HMPSAC/A2C_v5.2.py:Actor_Critic_Worker.calculate_critic_loss_and_advantages#1","DEFINES",1,"",0
"Class:agents/HMPSAC/A2C_v5.2.py:Actor_Critic_Worker","Method:agents/HMPSAC/A2C_v5.2.py:Actor_Critic_Worker.calculate_critic_loss_and_advantages#1","HAS_METHOD",1,"",0
"File:agents/HMPSAC/A2C_v5.2.py","Variable:agents/HMPSAC/A2C_v5.2.py:critic_values","DEFINES",1,"",0
"File:agents/HMPSAC/A2C_v5.2.py","Variable:agents/HMPSAC/A2C_v5.2.py:advantages","DEFINES",1,"",0
"File:agents/HMPSAC/A2C_v5.2.py","Variable:agents/HMPSAC/A2C_v5.2.py:critic_loss","DEFINES",1,"",0
"File:agents/HMPSAC/A2C_v5.2.py","Method:agents/HMPSAC/A2C_v5.2.py:Actor_Critic_Worker.calculate_actor_loss#2","DEFINES",1,"",0
"Class:agents/HMPSAC/A2C_v5.2.py:Actor_Critic_Worker","Method:agents/HMPSAC/A2C_v5.2.py:Actor_Critic_Worker.calculate_actor_loss#2","HAS_METHOD",1,"",0
"File:agents/HMPSAC/A2C_v5.2.py","Variable:agents/HMPSAC/A2C_v5.2.py:action_log_probabilities_for_all_episodes","DEFINES",1,"",0
"File:agents/HMPSAC/A2C_v5.2.py","Variable:agents/HMPSAC/A2C_v5.2.py:actor_loss","DEFINES",1,"",0
"File:agents/HMPSAC/A2C_v5.2.py","Method:agents/HMPSAC/A2C_v5.2.py:Actor_Critic_Worker.put_gradients_in_queue#3","DEFINES",1,"",0
"Class:agents/HMPSAC/A2C_v5.2.py:Actor_Critic_Worker","Method:agents/HMPSAC/A2C_v5.2.py:Actor_Critic_Worker.put_gradients_in_queue#3","HAS_METHOD",1,"",0
"File:agents/HMPSAC/A2C_v5.2.py","Variable:agents/HMPSAC/A2C_v5.2.py:gradients","DEFINES",1,"",0
"File:agents/HMPSAC/A2C_v5.2.py","Variable:agents/HMPSAC/A2C_v5.2.py:da3c_object","DEFINES",1,"",0
"File:agents/HMPSAC/A2C_v5.3.py","Variable:agents/HMPSAC/A2C_v5.3.py:agent_version","DEFINES",1,"",0
"File:agents/HMPSAC/A2C_v5.3.py","Variable:agents/HMPSAC/A2C_v5.3.py:path_file_name","DEFINES",1,"",0
"File:agents/HMPSAC/A2C_v5.3.py","Variable:agents/HMPSAC/A2C_v5.3.py:add_data_object","DEFINES",1,"",0
"File:agents/HMPSAC/A2C_v5.3.py","Variable:agents/HMPSAC/A2C_v5.3.py:window_name","DEFINES",1,"",0
"File:agents/HMPSAC/A2C_v5.3.py","Variable:agents/HMPSAC/A2C_v5.3.py:vis","DEFINES",1,"",0
"File:agents/HMPSAC/A2C_v5.3.py","Variable:agents/HMPSAC/A2C_v5.3.py:win","DEFINES",1,"",0
"File:agents/HMPSAC/A2C_v5.3.py","Variable:agents/HMPSAC/A2C_v5.3.py:title","DEFINES",1,"",0
"File:agents/HMPSAC/A2C_v5.3.py","Class:agents/HMPSAC/A2C_v5.3.py:TaskPolicyNet","DEFINES",1,"",0
"File:agents/HMPSAC/A2C_v5.3.py","Method:agents/HMPSAC/A2C_v5.3.py:TaskPolicyNet.__init__#4","DEFINES",1,"",0
"Class:agents/HMPSAC/A2C_v5.3.py:TaskPolicyNet","Method:agents/HMPSAC/A2C_v5.3.py:TaskPolicyNet.__init__#4","HAS_METHOD",1,"",0
"File:agents/HMPSAC/A2C_v5.3.py","Method:agents/HMPSAC/A2C_v5.3.py:TaskPolicyNet.forward#1","DEFINES",1,"",0
"Class:agents/HMPSAC/A2C_v5.3.py:TaskPolicyNet","Method:agents/HMPSAC/A2C_v5.3.py:TaskPolicyNet.forward#1","HAS_METHOD",1,"",0
"File:agents/HMPSAC/A2C_v5.3.py","Variable:agents/HMPSAC/A2C_v5.3.py:x","DEFINES",1,"",0
"File:agents/HMPSAC/A2C_v5.3.py","Class:agents/HMPSAC/A2C_v5.3.py:MachinePolicyNet","DEFINES",1,"",0
"File:agents/HMPSAC/A2C_v5.3.py","Method:agents/HMPSAC/A2C_v5.3.py:MachinePolicyNet.__init__#4","DEFINES",1,"",0
"Class:agents/HMPSAC/A2C_v5.3.py:MachinePolicyNet","Method:agents/HMPSAC/A2C_v5.3.py:MachinePolicyNet.__init__#4","HAS_METHOD",1,"",0
"File:agents/HMPSAC/A2C_v5.3.py","Method:agents/HMPSAC/A2C_v5.3.py:MachinePolicyNet.forward#1","DEFINES",1,"",0
"Class:agents/HMPSAC/A2C_v5.3.py:MachinePolicyNet","Method:agents/HMPSAC/A2C_v5.3.py:MachinePolicyNet.forward#1","HAS_METHOD",1,"",0
"File:agents/HMPSAC/A2C_v5.3.py","Class:agents/HMPSAC/A2C_v5.3.py:CriticNet","DEFINES",1,"",0
"File:agents/HMPSAC/A2C_v5.3.py","Method:agents/HMPSAC/A2C_v5.3.py:CriticNet.__init__#4","DEFINES",1,"",0
"Class:agents/HMPSAC/A2C_v5.3.py:CriticNet","Method:agents/HMPSAC/A2C_v5.3.py:CriticNet.__init__#4","HAS_METHOD",1,"",0
"File:agents/HMPSAC/A2C_v5.3.py","Method:agents/HMPSAC/A2C_v5.3.py:CriticNet.forward#1","DEFINES",1,"",0
"Class:agents/HMPSAC/A2C_v5.3.py:CriticNet","Method:agents/HMPSAC/A2C_v5.3.py:CriticNet.forward#1","HAS_METHOD",1,"",0
"File:agents/HMPSAC/A2C_v5.3.py","Class:agents/HMPSAC/A2C_v5.3.py:DA3C","DEFINES",1,"",0
"File:agents/HMPSAC/A2C_v5.3.py","Variable:agents/HMPSAC/A2C_v5.3.py:agent_name","DEFINES",1,"",0
"File:agents/HMPSAC/A2C_v5.3.py","Method:agents/HMPSAC/A2C_v5.3.py:DA3C.__init__#0","DEFINES",1,"",0
"Class:agents/HMPSAC/A2C_v5.3.py:DA3C","Method:agents/HMPSAC/A2C_v5.3.py:DA3C.__init__#0","HAS_METHOD",1,"",0
"File:agents/HMPSAC/A2C_v5.3.py","Method:agents/HMPSAC/A2C_v5.3.py:DA3C.run_n_episodes#0","DEFINES",1,"",0
"Class:agents/HMPSAC/A2C_v5.3.py:DA3C","Method:agents/HMPSAC/A2C_v5.3.py:DA3C.run_n_episodes#0","HAS_METHOD",1,"",0
"File:agents/HMPSAC/A2C_v5.3.py","Variable:agents/HMPSAC/A2C_v5.3.py:start","DEFINES",1,"",0
"File:agents/HMPSAC/A2C_v5.3.py","Variable:agents/HMPSAC/A2C_v5.3.py:gradient_updates_queue_actor_task","DEFINES",1,"",0
"File:agents/HMPSAC/A2C_v5.3.py","Variable:agents/HMPSAC/A2C_v5.3.py:gradient_updates_queue_actor_machine","DEFINES",1,"",0
"File:agents/HMPSAC/A2C_v5.3.py","Variable:agents/HMPSAC/A2C_v5.3.py:gradient_updates_queue_critic","DEFINES",1,"",0
"File:agents/HMPSAC/A2C_v5.3.py","Variable:agents/HMPSAC/A2C_v5.3.py:episodes_per_process","DEFINES",1,"",0
"File:agents/HMPSAC/A2C_v5.3.py","Variable:agents/HMPSAC/A2C_v5.3.py:processes","DEFINES",1,"",0
"File:agents/HMPSAC/A2C_v5.3.py","Variable:agents/HMPSAC/A2C_v5.3.py:optimizer_worker","DEFINES",1,"",0
"File:agents/HMPSAC/A2C_v5.3.py","Variable:agents/HMPSAC/A2C_v5.3.py:worker","DEFINES",1,"",0
"File:agents/HMPSAC/A2C_v5.3.py","Variable:agents/HMPSAC/A2C_v5.3.py:time_taken","DEFINES",1,"",0
"File:agents/HMPSAC/A2C_v5.3.py","Method:agents/HMPSAC/A2C_v5.3.py:DA3C.update_shared_model#3","DEFINES",1,"",0
"Class:agents/HMPSAC/A2C_v5.3.py:DA3C","Method:agents/HMPSAC/A2C_v5.3.py:DA3C.update_shared_model#3","HAS_METHOD",1,"",0
"File:agents/HMPSAC/A2C_v5.3.py","Variable:agents/HMPSAC/A2C_v5.3.py:gradients_actor_task","DEFINES",1,"",0
"File:agents/HMPSAC/A2C_v5.3.py","Variable:agents/HMPSAC/A2C_v5.3.py:gradients_actor_machine","DEFINES",1,"",0
"File:agents/HMPSAC/A2C_v5.3.py","Variable:agents/HMPSAC/A2C_v5.3.py:gradients_critic","DEFINES",1,"",0
"File:agents/HMPSAC/A2C_v5.3.py","Class:agents/HMPSAC/A2C_v5.3.py:Actor_Critic_Worker","DEFINES",1,"",0
"File:agents/HMPSAC/A2C_v5.3.py","Method:agents/HMPSAC/A2C_v5.3.py:Actor_Critic_Worker.__init__#19","DEFINES",1,"",0
"Class:agents/HMPSAC/A2C_v5.3.py:Actor_Critic_Worker","Method:agents/HMPSAC/A2C_v5.3.py:Actor_Critic_Worker.__init__#19","HAS_METHOD",1,"",0
"File:agents/HMPSAC/A2C_v5.3.py","Method:agents/HMPSAC/A2C_v5.3.py:Actor_Critic_Worker.save_actor_model#1","DEFINES",1,"",0
"Class:agents/HMPSAC/A2C_v5.3.py:Actor_Critic_Worker","Method:agents/HMPSAC/A2C_v5.3.py:Actor_Critic_Worker.save_actor_model#1","HAS_METHOD",1,"",0
"File:agents/HMPSAC/A2C_v5.3.py","Variable:agents/HMPSAC/A2C_v5.3.py:file_path","DEFINES",1,"",0
"File:agents/HMPSAC/A2C_v5.3.py","Method:agents/HMPSAC/A2C_v5.3.py:Actor_Critic_Worker.generated_new_environment#0","DEFINES",1,"",0
"Class:agents/HMPSAC/A2C_v5.3.py:Actor_Critic_Worker","Method:agents/HMPSAC/A2C_v5.3.py:Actor_Critic_Worker.generated_new_environment#0","HAS_METHOD",1,"",0
"File:agents/HMPSAC/A2C_v5.3.py","Variable:agents/HMPSAC/A2C_v5.3.py:DDT","DEFINES",1,"",0
"File:agents/HMPSAC/A2C_v5.3.py","Variable:agents/HMPSAC/A2C_v5.3.py:M","DEFINES",1,"",0
"File:agents/HMPSAC/A2C_v5.3.py","Variable:agents/HMPSAC/A2C_v5.3.py:S","DEFINES",1,"",0
"File:agents/HMPSAC/A2C_v5.3.py","Method:agents/HMPSAC/A2C_v5.3.py:Actor_Critic_Worker.run#0","DEFINES",1,"",0
"Class:agents/HMPSAC/A2C_v5.3.py:Actor_Critic_Worker","Method:agents/HMPSAC/A2C_v5.3.py:Actor_Critic_Worker.run#0","HAS_METHOD",1,"",0
"File:agents/HMPSAC/A2C_v5.3.py","Variable:agents/HMPSAC/A2C_v5.3.py:epsilon_exploration","DEFINES",1,"",0
"File:agents/HMPSAC/A2C_v5.3.py","Variable:agents/HMPSAC/A2C_v5.3.py:state","DEFINES",1,"",0
"File:agents/HMPSAC/A2C_v5.3.py","Variable:agents/HMPSAC/A2C_v5.3.py:done","DEFINES",1,"",0
"File:agents/HMPSAC/A2C_v5.3.py","Variable:agents/HMPSAC/A2C_v5.3.py:state_add","DEFINES",1,"",0
"File:agents/HMPSAC/A2C_v5.3.py","Variable:agents/HMPSAC/A2C_v5.3.py:critic_outputs","DEFINES",1,"",0
"File:agents/HMPSAC/A2C_v5.3.py","Variable:agents/HMPSAC/A2C_v5.3.py:actions","DEFINES",1,"",0
"File:agents/HMPSAC/A2C_v5.3.py","Variable:agents/HMPSAC/A2C_v5.3.py:action_task","DEFINES",1,"",0
"File:agents/HMPSAC/A2C_v5.3.py","Variable:agents/HMPSAC/A2C_v5.3.py:action_machine","DEFINES",1,"",0
"File:agents/HMPSAC/A2C_v5.3.py","Method:agents/HMPSAC/A2C_v5.3.py:Actor_Critic_Worker.calculate_new_exploration#0","DEFINES",1,"",0
"Class:agents/HMPSAC/A2C_v5.3.py:Actor_Critic_Worker","Method:agents/HMPSAC/A2C_v5.3.py:Actor_Critic_Worker.calculate_new_exploration#0","HAS_METHOD",1,"",0
"File:agents/HMPSAC/A2C_v5.3.py","Variable:agents/HMPSAC/A2C_v5.3.py:epsilon","DEFINES",1,"",0
"File:agents/HMPSAC/A2C_v5.3.py","Method:agents/HMPSAC/A2C_v5.3.py:Actor_Critic_Worker.pick_action_and_log_prob#3","DEFINES",1,"",0
"Class:agents/HMPSAC/A2C_v5.3.py:Actor_Critic_Worker","Method:agents/HMPSAC/A2C_v5.3.py:Actor_Critic_Worker.pick_action_and_log_prob#3","HAS_METHOD",1,"",0
"File:agents/HMPSAC/A2C_v5.3.py","Variable:agents/HMPSAC/A2C_v5.3.py:actor_output","DEFINES",1,"",0
"File:agents/HMPSAC/A2C_v5.3.py","Variable:agents/HMPSAC/A2C_v5.3.py:action_size","DEFINES",1,"",0
"File:agents/HMPSAC/A2C_v5.3.py","Variable:agents/HMPSAC/A2C_v5.3.py:action_distribution","DEFINES",1,"",0
"File:agents/HMPSAC/A2C_v5.3.py","Variable:agents/HMPSAC/A2C_v5.3.py:action","DEFINES",1,"",0
"File:agents/HMPSAC/A2C_v5.3.py","Variable:agents/HMPSAC/A2C_v5.3.py:action_log_prob","DEFINES",1,"",0
"File:agents/HMPSAC/A2C_v5.3.py","Method:agents/HMPSAC/A2C_v5.3.py:Actor_Critic_Worker.pick_action#2","DEFINES",1,"",0
"Class:agents/HMPSAC/A2C_v5.3.py:Actor_Critic_Worker","Method:agents/HMPSAC/A2C_v5.3.py:Actor_Critic_Worker.pick_action#2","HAS_METHOD",1,"",0
"File:agents/HMPSAC/A2C_v5.3.py","Method:agents/HMPSAC/A2C_v5.3.py:Actor_Critic_Worker.get_critic_value#2","DEFINES",1,"",0
"Class:agents/HMPSAC/A2C_v5.3.py:Actor_Critic_Worker","Method:agents/HMPSAC/A2C_v5.3.py:Actor_Critic_Worker.get_critic_value#2","HAS_METHOD",1,"",0
"File:agents/HMPSAC/A2C_v5.3.py","Variable:agents/HMPSAC/A2C_v5.3.py:critic_output","DEFINES",1,"",0
"File:agents/HMPSAC/A2C_v5.3.py","Method:agents/HMPSAC/A2C_v5.3.py:Actor_Critic_Worker.calculate_log_action_probability#2","DEFINES",1,"",0
"Class:agents/HMPSAC/A2C_v5.3.py:Actor_Critic_Worker","Method:agents/HMPSAC/A2C_v5.3.py:Actor_Critic_Worker.calculate_log_action_probability#2","HAS_METHOD",1,"",0
"File:agents/HMPSAC/A2C_v5.3.py","Variable:agents/HMPSAC/A2C_v5.3.py:policy_distribution_log_prob","DEFINES",1,"",0
"File:agents/HMPSAC/A2C_v5.3.py","Method:agents/HMPSAC/A2C_v5.3.py:Actor_Critic_Worker.calculate_total_loss#0","DEFINES",1,"",0
"Class:agents/HMPSAC/A2C_v5.3.py:Actor_Critic_Worker","Method:agents/HMPSAC/A2C_v5.3.py:Actor_Critic_Worker.calculate_total_loss#0","HAS_METHOD",1,"",0
"File:agents/HMPSAC/A2C_v5.3.py","Variable:agents/HMPSAC/A2C_v5.3.py:discounted_returns","DEFINES",1,"",0
"File:agents/HMPSAC/A2C_v5.3.py","Variable:agents/HMPSAC/A2C_v5.3.py:actor_task_loss","DEFINES",1,"",0
"File:agents/HMPSAC/A2C_v5.3.py","Variable:agents/HMPSAC/A2C_v5.3.py:actor_machine_loss","DEFINES",1,"",0
"File:agents/HMPSAC/A2C_v5.3.py","Method:agents/HMPSAC/A2C_v5.3.py:Actor_Critic_Worker.calculate_discounted_returns#0","DEFINES",1,"",0
"Class:agents/HMPSAC/A2C_v5.3.py:Actor_Critic_Worker","Method:agents/HMPSAC/A2C_v5.3.py:Actor_Critic_Worker.calculate_discounted_returns#0","HAS_METHOD",1,"",0
"File:agents/HMPSAC/A2C_v5.3.py","Variable:agents/HMPSAC/A2C_v5.3.py:return_value","DEFINES",1,"",0
"File:agents/HMPSAC/A2C_v5.3.py","Method:agents/HMPSAC/A2C_v5.3.py:Actor_Critic_Worker.normalise_discounted_returns#1","DEFINES",1,"",0
"Class:agents/HMPSAC/A2C_v5.3.py:Actor_Critic_Worker","Method:agents/HMPSAC/A2C_v5.3.py:Actor_Critic_Worker.normalise_discounted_returns#1","HAS_METHOD",1,"",0
"File:agents/HMPSAC/A2C_v5.3.py","Variable:agents/HMPSAC/A2C_v5.3.py:mean","DEFINES",1,"",0
"File:agents/HMPSAC/A2C_v5.3.py","Variable:agents/HMPSAC/A2C_v5.3.py:std","DEFINES",1,"",0
"File:agents/HMPSAC/A2C_v5.3.py","Method:agents/HMPSAC/A2C_v5.3.py:Actor_Critic_Worker.normalization_discounted_returns#1","DEFINES",1,"",0
"Class:agents/HMPSAC/A2C_v5.3.py:Actor_Critic_Worker","Method:agents/HMPSAC/A2C_v5.3.py:Actor_Critic_Worker.normalization_discounted_returns#1","HAS_METHOD",1,"",0
"File:agents/HMPSAC/A2C_v5.3.py","Variable:agents/HMPSAC/A2C_v5.3.py:min_value","DEFINES",1,"",0
"File:agents/HMPSAC/A2C_v5.3.py","Variable:agents/HMPSAC/A2C_v5.3.py:max_value","DEFINES",1,"",0
"File:agents/HMPSAC/A2C_v5.3.py","Variable:agents/HMPSAC/A2C_v5.3.py:range_value","DEFINES",1,"",0
"File:agents/HMPSAC/A2C_v5.3.py","Method:agents/HMPSAC/A2C_v5.3.py:Actor_Critic_Worker.calculate_critic_loss_and_advantages#1","DEFINES",1,"",0
"Class:agents/HMPSAC/A2C_v5.3.py:Actor_Critic_Worker","Method:agents/HMPSAC/A2C_v5.3.py:Actor_Critic_Worker.calculate_critic_loss_and_advantages#1","HAS_METHOD",1,"",0
"File:agents/HMPSAC/A2C_v5.3.py","Variable:agents/HMPSAC/A2C_v5.3.py:critic_values","DEFINES",1,"",0
"File:agents/HMPSAC/A2C_v5.3.py","Variable:agents/HMPSAC/A2C_v5.3.py:advantages","DEFINES",1,"",0
"File:agents/HMPSAC/A2C_v5.3.py","Variable:agents/HMPSAC/A2C_v5.3.py:critic_loss","DEFINES",1,"",0
"File:agents/HMPSAC/A2C_v5.3.py","Method:agents/HMPSAC/A2C_v5.3.py:Actor_Critic_Worker.calculate_actor_loss#2","DEFINES",1,"",0
"Class:agents/HMPSAC/A2C_v5.3.py:Actor_Critic_Worker","Method:agents/HMPSAC/A2C_v5.3.py:Actor_Critic_Worker.calculate_actor_loss#2","HAS_METHOD",1,"",0
"File:agents/HMPSAC/A2C_v5.3.py","Variable:agents/HMPSAC/A2C_v5.3.py:action_log_probabilities_for_all_episodes","DEFINES",1,"",0
"File:agents/HMPSAC/A2C_v5.3.py","Variable:agents/HMPSAC/A2C_v5.3.py:actor_loss","DEFINES",1,"",0
"File:agents/HMPSAC/A2C_v5.3.py","Method:agents/HMPSAC/A2C_v5.3.py:Actor_Critic_Worker.put_gradients_in_queue#3","DEFINES",1,"",0
"Class:agents/HMPSAC/A2C_v5.3.py:Actor_Critic_Worker","Method:agents/HMPSAC/A2C_v5.3.py:Actor_Critic_Worker.put_gradients_in_queue#3","HAS_METHOD",1,"",0
"File:agents/HMPSAC/A2C_v5.3.py","Variable:agents/HMPSAC/A2C_v5.3.py:gradients","DEFINES",1,"",0
"File:agents/HMPSAC/A2C_v5.3.py","Variable:agents/HMPSAC/A2C_v5.3.py:da3c_object","DEFINES",1,"",0
"File:agents/HMPSAC/Buffer.py","Class:agents/HMPSAC/Buffer.py:Replay_Buffer","DEFINES",1,"",0
"File:agents/HMPSAC/Buffer.py","Method:agents/HMPSAC/Buffer.py:Replay_Buffer.__init__#1","DEFINES",1,"",0
"Class:agents/HMPSAC/Buffer.py:Replay_Buffer","Method:agents/HMPSAC/Buffer.py:Replay_Buffer.__init__#1","HAS_METHOD",1,"",0
"File:agents/HMPSAC/Buffer.py","Method:agents/HMPSAC/Buffer.py:Replay_Buffer.add_experience#5","DEFINES",1,"",0
"Class:agents/HMPSAC/Buffer.py:Replay_Buffer","Method:agents/HMPSAC/Buffer.py:Replay_Buffer.add_experience#5","HAS_METHOD",1,"",0
"File:agents/HMPSAC/Buffer.py","Variable:agents/HMPSAC/Buffer.py:experiences","DEFINES",1,"",0
"File:agents/HMPSAC/Buffer.py","Variable:agents/HMPSAC/Buffer.py:experience","DEFINES",1,"",0
"File:agents/HMPSAC/Buffer.py","Method:agents/HMPSAC/Buffer.py:Replay_Buffer.sample#1","DEFINES",1,"",0
"Class:agents/HMPSAC/Buffer.py:Replay_Buffer","Method:agents/HMPSAC/Buffer.py:Replay_Buffer.sample#1","HAS_METHOD",1,"",0
"File:agents/HMPSAC/Buffer.py","Method:agents/HMPSAC/Buffer.py:Replay_Buffer.separate_out_data_types#1","DEFINES",1,"",0
"Class:agents/HMPSAC/Buffer.py:Replay_Buffer","Method:agents/HMPSAC/Buffer.py:Replay_Buffer.separate_out_data_types#1","HAS_METHOD",1,"",0
"File:agents/HMPSAC/Buffer.py","Variable:agents/HMPSAC/Buffer.py:states","DEFINES",1,"",0
"File:agents/HMPSAC/Buffer.py","Variable:agents/HMPSAC/Buffer.py:actions","DEFINES",1,"",0
"File:agents/HMPSAC/Buffer.py","Variable:agents/HMPSAC/Buffer.py:rewards","DEFINES",1,"",0
"File:agents/HMPSAC/Buffer.py","Variable:agents/HMPSAC/Buffer.py:next_states","DEFINES",1,"",0
"File:agents/HMPSAC/Buffer.py","Variable:agents/HMPSAC/Buffer.py:dones","DEFINES",1,"",0
"File:agents/HMPSAC/Buffer.py","Method:agents/HMPSAC/Buffer.py:Replay_Buffer.pick_experiences#0","DEFINES",1,"",0
"Class:agents/HMPSAC/Buffer.py:Replay_Buffer","Method:agents/HMPSAC/Buffer.py:Replay_Buffer.pick_experiences#0","HAS_METHOD",1,"",0
"File:agents/HMPSAC/Buffer.py","Method:agents/HMPSAC/Buffer.py:Replay_Buffer.clear#0","DEFINES",1,"",0
"Class:agents/HMPSAC/Buffer.py:Replay_Buffer","Method:agents/HMPSAC/Buffer.py:Replay_Buffer.clear#0","HAS_METHOD",1,"",0
"File:agents/HMPSAC/Buffer.py","Method:agents/HMPSAC/Buffer.py:Replay_Buffer.__len__#0","DEFINES",1,"",0
"Class:agents/HMPSAC/Buffer.py:Replay_Buffer","Method:agents/HMPSAC/Buffer.py:Replay_Buffer.__len__#0","HAS_METHOD",1,"",0
"File:agents/HMPSAC/SAC.py","Variable:agents/HMPSAC/SAC.py:agent_version","DEFINES",1,"",0
"File:agents/HMPSAC/SAC.py","Variable:agents/HMPSAC/SAC.py:path_file_name","DEFINES",1,"",0
"File:agents/HMPSAC/SAC.py","Variable:agents/HMPSAC/SAC.py:add_data_object","DEFINES",1,"",0
"File:agents/HMPSAC/SAC.py","Variable:agents/HMPSAC/SAC.py:vis","DEFINES",1,"",0
"File:agents/HMPSAC/SAC.py","Variable:agents/HMPSAC/SAC.py:window_1","DEFINES",1,"",0
"File:agents/HMPSAC/SAC.py","Variable:agents/HMPSAC/SAC.py:title_1","DEFINES",1,"",0
"File:agents/HMPSAC/SAC.py","Variable:agents/HMPSAC/SAC.py:window_2","DEFINES",1,"",0
"File:agents/HMPSAC/SAC.py","Variable:agents/HMPSAC/SAC.py:title_2","DEFINES",1,"",0
"File:agents/HMPSAC/SAC.py","Variable:agents/HMPSAC/SAC.py:window_3","DEFINES",1,"",0
"File:agents/HMPSAC/SAC.py","Variable:agents/HMPSAC/SAC.py:title_3","DEFINES",1,"",0
"File:agents/HMPSAC/SAC.py","Variable:agents/HMPSAC/SAC.py:LOG_SIG_MAX","DEFINES",1,"",0
"File:agents/HMPSAC/SAC.py","Variable:agents/HMPSAC/SAC.py:LOG_SIG_MIN","DEFINES",1,"",0
"File:agents/HMPSAC/SAC.py","Variable:agents/HMPSAC/SAC.py:TRAINING_EPISODES_PER_EVAL_EPISODE","DEFINES",1,"",0
"File:agents/HMPSAC/SAC.py","Variable:agents/HMPSAC/SAC.py:EPSILON","DEFINES",1,"",0
"File:agents/HMPSAC/SAC.py","Class:agents/HMPSAC/SAC.py:TaskPolicyNet","DEFINES",1,"",0
"File:agents/HMPSAC/SAC.py","Method:agents/HMPSAC/SAC.py:TaskPolicyNet.__init__#4","DEFINES",1,"",0
"Class:agents/HMPSAC/SAC.py:TaskPolicyNet","Method:agents/HMPSAC/SAC.py:TaskPolicyNet.__init__#4","HAS_METHOD",1,"",0
"File:agents/HMPSAC/SAC.py","Method:agents/HMPSAC/SAC.py:TaskPolicyNet.forward#1","DEFINES",1,"",0
"Class:agents/HMPSAC/SAC.py:TaskPolicyNet","Method:agents/HMPSAC/SAC.py:TaskPolicyNet.forward#1","HAS_METHOD",1,"",0
"File:agents/HMPSAC/SAC.py","Variable:agents/HMPSAC/SAC.py:x","DEFINES",1,"",0
"File:agents/HMPSAC/SAC.py","Class:agents/HMPSAC/SAC.py:MachinePolicyNet","DEFINES",1,"",0
"File:agents/HMPSAC/SAC.py","Method:agents/HMPSAC/SAC.py:MachinePolicyNet.__init__#4","DEFINES",1,"",0
"Class:agents/HMPSAC/SAC.py:MachinePolicyNet","Method:agents/HMPSAC/SAC.py:MachinePolicyNet.__init__#4","HAS_METHOD",1,"",0
"File:agents/HMPSAC/SAC.py","Method:agents/HMPSAC/SAC.py:MachinePolicyNet.forward#1","DEFINES",1,"",0
"Class:agents/HMPSAC/SAC.py:MachinePolicyNet","Method:agents/HMPSAC/SAC.py:MachinePolicyNet.forward#1","HAS_METHOD",1,"",0
"File:agents/HMPSAC/SAC.py","Class:agents/HMPSAC/SAC.py:PolicyNet","DEFINES",1,"",0
"File:agents/HMPSAC/SAC.py","Method:agents/HMPSAC/SAC.py:PolicyNet.__init__#4","DEFINES",1,"",0
"Class:agents/HMPSAC/SAC.py:PolicyNet","Method:agents/HMPSAC/SAC.py:PolicyNet.__init__#4","HAS_METHOD",1,"",0
"File:agents/HMPSAC/SAC.py","Method:agents/HMPSAC/SAC.py:PolicyNet.forward#1","DEFINES",1,"",0
"Class:agents/HMPSAC/SAC.py:PolicyNet","Method:agents/HMPSAC/SAC.py:PolicyNet.forward#1","HAS_METHOD",1,"",0
"File:agents/HMPSAC/SAC.py","Class:agents/HMPSAC/SAC.py:CriticNet","DEFINES",1,"",0
"File:agents/HMPSAC/SAC.py","Method:agents/HMPSAC/SAC.py:CriticNet.__init__#5","DEFINES",1,"",0
"Class:agents/HMPSAC/SAC.py:CriticNet","Method:agents/HMPSAC/SAC.py:CriticNet.__init__#5","HAS_METHOD",1,"",0
"File:agents/HMPSAC/SAC.py","Method:agents/HMPSAC/SAC.py:CriticNet.forward#1","DEFINES",1,"",0
"Class:agents/HMPSAC/SAC.py:CriticNet","Method:agents/HMPSAC/SAC.py:CriticNet.forward#1","HAS_METHOD",1,"",0
"File:agents/HMPSAC/SAC.py","Class:agents/HMPSAC/SAC.py:SAC_Discrete","DEFINES",1,"",0
"File:agents/HMPSAC/SAC.py","Method:agents/HMPSAC/SAC.py:SAC_Discrete.__init__#0","DEFINES",1,"",0
"Class:agents/HMPSAC/SAC.py:SAC_Discrete","Method:agents/HMPSAC/SAC.py:SAC_Discrete.__init__#0","HAS_METHOD",1,"",0
"File:agents/HMPSAC/SAC.py","Method:agents/HMPSAC/SAC.py:SAC_Discrete.load_policy_model#0","DEFINES",1,"",0
"Class:agents/HMPSAC/SAC.py:SAC_Discrete","Method:agents/HMPSAC/SAC.py:SAC_Discrete.load_policy_model#0","HAS_METHOD",1,"",0
"File:agents/HMPSAC/SAC.py","Variable:agents/HMPSAC/SAC.py:file_path","DEFINES",1,"",0
"File:agents/HMPSAC/SAC.py","Variable:agents/HMPSAC/SAC.py:actor_net_task","DEFINES",1,"",0
"File:agents/HMPSAC/SAC.py","Variable:agents/HMPSAC/SAC.py:actor_net_machine","DEFINES",1,"",0
"File:agents/HMPSAC/SAC.py","Method:agents/HMPSAC/SAC.py:SAC_Discrete.run_n_episodes#0","DEFINES",1,"",0
"Class:agents/HMPSAC/SAC.py:SAC_Discrete","Method:agents/HMPSAC/SAC.py:SAC_Discrete.run_n_episodes#0","HAS_METHOD",1,"",0
"File:agents/HMPSAC/SAC.py","Variable:agents/HMPSAC/SAC.py:environment","DEFINES",1,"",0
"File:agents/HMPSAC/SAC.py","Variable:agents/HMPSAC/SAC.py:objectives_values","DEFINES",1,"",0
"File:agents/HMPSAC/SAC.py","Variable:agents/HMPSAC/SAC.py:action_task","DEFINES",1,"",0
"File:agents/HMPSAC/SAC.py","Variable:agents/HMPSAC/SAC.py:state_machine","DEFINES",1,"",0
"File:agents/HMPSAC/SAC.py","Variable:agents/HMPSAC/SAC.py:action_machine","DEFINES",1,"",0
"File:agents/HMPSAC/SAC.py","Variable:agents/HMPSAC/SAC.py:action_task_machine","DEFINES",1,"",0
"File:agents/HMPSAC/SAC.py","Variable:agents/HMPSAC/SAC.py:objectives_arr","DEFINES",1,"",0
"File:agents/HMPSAC/SAC.py","Variable:agents/HMPSAC/SAC.py:objectives_value","DEFINES",1,"",0
"File:agents/HMPSAC/SAC.py","Method:agents/HMPSAC/SAC.py:SAC_Discrete.pick_action#1","DEFINES",1,"",0
"Class:agents/HMPSAC/SAC.py:SAC_Discrete","Method:agents/HMPSAC/SAC.py:SAC_Discrete.pick_action#1","HAS_METHOD",1,"",0
"File:agents/HMPSAC/SAC.py","Variable:agents/HMPSAC/SAC.py:action","DEFINES",1,"",0
"File:agents/HMPSAC/SAC.py","Method:agents/HMPSAC/SAC.py:SAC_Discrete.actor_pick_action#1","DEFINES",1,"",0
"Class:agents/HMPSAC/SAC.py:SAC_Discrete","Method:agents/HMPSAC/SAC.py:SAC_Discrete.actor_pick_action#1","HAS_METHOD",1,"",0
"File:agents/HMPSAC/SAC.py","Variable:agents/HMPSAC/SAC.py:state","DEFINES",1,"",0
"File:agents/HMPSAC/SAC.py","Method:agents/HMPSAC/SAC.py:SAC_Discrete.produce_action_and_action_info#1","DEFINES",1,"",0
"Class:agents/HMPSAC/SAC.py:SAC_Discrete","Method:agents/HMPSAC/SAC.py:SAC_Discrete.produce_action_and_action_info#1","HAS_METHOD",1,"",0
"File:agents/HMPSAC/SAC.py","Variable:agents/HMPSAC/SAC.py:action_probabilities","DEFINES",1,"",0
"File:agents/HMPSAC/SAC.py","Variable:agents/HMPSAC/SAC.py:max_probability_action","DEFINES",1,"",0
"File:agents/HMPSAC/SAC.py","Variable:agents/HMPSAC/SAC.py:action_distribution","DEFINES",1,"",0
"File:agents/HMPSAC/SAC.py","Variable:agents/HMPSAC/SAC.py:z","DEFINES",1,"",0
"File:agents/HMPSAC/SAC.py","Variable:agents/HMPSAC/SAC.py:log_action_probabilities","DEFINES",1,"",0
"File:agents/HMPSAC/SAC.py","Method:agents/HMPSAC/SAC.py:SAC_Discrete.pick_lower_action#3","DEFINES",1,"",0
"Class:agents/HMPSAC/SAC.py:SAC_Discrete","Method:agents/HMPSAC/SAC.py:SAC_Discrete.pick_lower_action#3","HAS_METHOD",1,"",0
"File:agents/HMPSAC/SAC.py","Variable:agents/HMPSAC/SAC.py:actor_output","DEFINES",1,"",0
"File:agents/HMPSAC/SAC.py","Method:agents/HMPSAC/SAC.py:SAC_Discrete.time_for_critic_and_actor_to_learn#0","DEFINES",1,"",0
"Class:agents/HMPSAC/SAC.py:SAC_Discrete","Method:agents/HMPSAC/SAC.py:SAC_Discrete.time_for_critic_and_actor_to_learn#0","HAS_METHOD",1,"",0
"File:agents/HMPSAC/SAC.py","Method:agents/HMPSAC/SAC.py:SAC_Discrete.learn#0","DEFINES",1,"",0
"Class:agents/HMPSAC/SAC.py:SAC_Discrete","Method:agents/HMPSAC/SAC.py:SAC_Discrete.learn#0","HAS_METHOD",1,"",0
"File:agents/HMPSAC/SAC.py","Variable:agents/HMPSAC/SAC.py:alpha_loss","DEFINES",1,"",0
"File:agents/HMPSAC/SAC.py","Method:agents/HMPSAC/SAC.py:SAC_Discrete.sample_experiences#0","DEFINES",1,"",0
"Class:agents/HMPSAC/SAC.py:SAC_Discrete","Method:agents/HMPSAC/SAC.py:SAC_Discrete.sample_experiences#0","HAS_METHOD",1,"",0
"File:agents/HMPSAC/SAC.py","Method:agents/HMPSAC/SAC.py:SAC_Discrete.calculate_critic_losses#5","DEFINES",1,"",0
"Class:agents/HMPSAC/SAC.py:SAC_Discrete","Method:agents/HMPSAC/SAC.py:SAC_Discrete.calculate_critic_losses#5","HAS_METHOD",1,"",0
"File:agents/HMPSAC/SAC.py","Variable:agents/HMPSAC/SAC.py:qf1_next_target","DEFINES",1,"",0
"File:agents/HMPSAC/SAC.py","Variable:agents/HMPSAC/SAC.py:qf2_next_target","DEFINES",1,"",0
"File:agents/HMPSAC/SAC.py","Variable:agents/HMPSAC/SAC.py:min_qf_next_target","DEFINES",1,"",0
"File:agents/HMPSAC/SAC.py","Variable:agents/HMPSAC/SAC.py:next_q_value","DEFINES",1,"",0
"File:agents/HMPSAC/SAC.py","Variable:agents/HMPSAC/SAC.py:qf1","DEFINES",1,"",0
"File:agents/HMPSAC/SAC.py","Variable:agents/HMPSAC/SAC.py:qf2","DEFINES",1,"",0
"File:agents/HMPSAC/SAC.py","Variable:agents/HMPSAC/SAC.py:qf1_loss","DEFINES",1,"",0
"File:agents/HMPSAC/SAC.py","Variable:agents/HMPSAC/SAC.py:qf2_loss","DEFINES",1,"",0
"File:agents/HMPSAC/SAC.py","Method:agents/HMPSAC/SAC.py:SAC_Discrete.calculate_actor_loss#1","DEFINES",1,"",0
"Class:agents/HMPSAC/SAC.py:SAC_Discrete","Method:agents/HMPSAC/SAC.py:SAC_Discrete.calculate_actor_loss#1","HAS_METHOD",1,"",0
"File:agents/HMPSAC/SAC.py","Variable:agents/HMPSAC/SAC.py:qf1_pi","DEFINES",1,"",0
"File:agents/HMPSAC/SAC.py","Variable:agents/HMPSAC/SAC.py:qf2_pi","DEFINES",1,"",0
"File:agents/HMPSAC/SAC.py","Variable:agents/HMPSAC/SAC.py:min_qf_pi","DEFINES",1,"",0
"File:agents/HMPSAC/SAC.py","Variable:agents/HMPSAC/SAC.py:inside_term","DEFINES",1,"",0
"File:agents/HMPSAC/SAC.py","Variable:agents/HMPSAC/SAC.py:policy_loss","DEFINES",1,"",0
"File:agents/HMPSAC/SAC.py","Method:agents/HMPSAC/SAC.py:SAC_Discrete.calculate_entropy_tuning_loss#1","DEFINES",1,"",0
"Class:agents/HMPSAC/SAC.py:SAC_Discrete","Method:agents/HMPSAC/SAC.py:SAC_Discrete.calculate_entropy_tuning_loss#1","HAS_METHOD",1,"",0
"File:agents/HMPSAC/SAC.py","Method:agents/HMPSAC/SAC.py:SAC_Discrete.update_critic_parameters#2","DEFINES",1,"",0
"Class:agents/HMPSAC/SAC.py:SAC_Discrete","Method:agents/HMPSAC/SAC.py:SAC_Discrete.update_critic_parameters#2","HAS_METHOD",1,"",0
"File:agents/HMPSAC/SAC.py","Method:agents/HMPSAC/SAC.py:SAC_Discrete.update_actor_parameters#2","DEFINES",1,"",0
"Class:agents/HMPSAC/SAC.py:SAC_Discrete","Method:agents/HMPSAC/SAC.py:SAC_Discrete.update_actor_parameters#2","HAS_METHOD",1,"",0
"File:agents/HMPSAC/SAC.py","Variable:agents/HMPSAC/SAC.py:sac_object","DEFINES",1,"",0
"File:environments/Instance_generate.py","Variable:environments/Instance_generate.py:font","DEFINES",1,"",0
"File:environments/Instance_generate.py","Class:environments/Instance_generate.py:Instance","DEFINES",1,"",0
"File:environments/Instance_generate.py","Method:environments/Instance_generate.py:Instance.__init__#3","DEFINES",1,"",0
"Class:environments/Instance_generate.py:Instance","Method:environments/Instance_generate.py:Instance.__init__#3","HAS_METHOD",1,"",0
"File:environments/Instance_generate.py","Method:environments/Instance_generate.py:Instance.kind_count_random#0","DEFINES",1,"",0
"Class:environments/Instance_generate.py:Instance","Method:environments/Instance_generate.py:Instance.kind_count_random#0","HAS_METHOD",1,"",0
"File:environments/Instance_generate.py","Method:environments/Instance_generate.py:Instance.J_r#0","DEFINES",1,"",0
"Class:environments/Instance_generate.py:Instance","Method:environments/Instance_generate.py:Instance.J_r#0","HAS_METHOD",1,"",0
"File:environments/Instance_generate.py","Method:environments/Instance_generate.py:Instance.t_rjm#0","DEFINES",1,"",0
"Class:environments/Instance_generate.py:Instance","Method:environments/Instance_generate.py:Instance.t_rjm#0","HAS_METHOD",1,"",0
"File:environments/Instance_generate.py","Method:environments/Instance_generate.py:Instance.N_sr#0","DEFINES",1,"",0
"Class:environments/Instance_generate.py:Instance","Method:environments/Instance_generate.py:Instance.N_sr#0","HAS_METHOD",1,"",0
"File:environments/Instance_generate.py","Method:environments/Instance_generate.py:Instance.t_si#0","DEFINES",1,"",0
"Class:environments/Instance_generate.py:Instance","Method:environments/Instance_generate.py:Instance.t_si#0","HAS_METHOD",1,"",0
"File:environments/Instance_generate.py","Method:environments/Instance_generate.py:Instance.p_rjm#0","DEFINES",1,"",0
"Class:environments/Instance_generate.py:Instance","Method:environments/Instance_generate.py:Instance.p_rjm#0","HAS_METHOD",1,"",0
"File:environments/Instance_generate.py","Method:environments/Instance_generate.py:Instance.p_m_idle#0","DEFINES",1,"",0
"Class:environments/Instance_generate.py:Instance","Method:environments/Instance_generate.py:Instance.p_m_idle#0","HAS_METHOD",1,"",0
"File:environments/Instance_generate.py","Method:environments/Instance_generate.py:Instance.process_information#0","DEFINES",1,"",0
"Class:environments/Instance_generate.py:Instance","Method:environments/Instance_generate.py:Instance.process_information#0","HAS_METHOD",1,"",0
"File:environments/Instance_generate.py","Variable:environments/Instance_generate.py:task_r_dict","DEFINES",1,"",0
"File:environments/Instance_generate.py","Variable:environments/Instance_generate.py:kind_task_tuple","DEFINES",1,"",0
"File:environments/Instance_generate.py","Variable:environments/Instance_generate.py:machine_rj_dict","DEFINES",1,"",0
"File:environments/Instance_generate.py","Variable:environments/Instance_generate.py:time_rjm_dict","DEFINES",1,"",0
"File:environments/Instance_generate.py","Variable:environments/Instance_generate.py:kind_task_m_dict","DEFINES",1,"",0
"File:environments/Instance_generate.py","Variable:environments/Instance_generate.py:time_mrj_dict","DEFINES",1,"",0
"File:environments/Instance_generate.py","Variable:environments/Instance_generate.py:time_rj_dict","DEFINES",1,"",0
"File:environments/Instance_generate.py","Variable:environments/Instance_generate.py:count_sr_dict","DEFINES",1,"",0
"File:environments/Instance_generate.py","Variable:environments/Instance_generate.py:time_gap_s_dict","DEFINES",1,"",0
"File:environments/Instance_generate.py","Variable:environments/Instance_generate.py:time_interval_list","DEFINES",1,"",0
"File:environments/Instance_generate.py","Variable:environments/Instance_generate.py:time_arrive_s_dict","DEFINES",1,"",0
"File:environments/Instance_generate.py","Variable:environments/Instance_generate.py:time_delivery_list","DEFINES",1,"",0
"File:environments/Instance_generate.py","Variable:environments/Instance_generate.py:time_delivery_s_dict","DEFINES",1,"",0
"File:environments/Instance_generate.py","Variable:environments/Instance_generate.py:power_mrj_dict","DEFINES",1,"",0
"File:environments/Instance_generate.py","Variable:environments/Instance_generate.py:power_m_dict","DEFINES",1,"",0
"File:environments/Instance_generate.py","Method:environments/Instance_generate.py:Instance.write_file#0","DEFINES",1,"",0
"Class:environments/Instance_generate.py:Instance","Method:environments/Instance_generate.py:Instance.write_file#0","HAS_METHOD",1,"",0
"File:environments/Instance_generate.py","Variable:environments/Instance_generate.py:file_csv","DEFINES",1,"",0
"File:environments/Instance_generate.py","Variable:environments/Instance_generate.py:data_file","DEFINES",1,"",0
"File:environments/Instance_generate.py","Variable:environments/Instance_generate.py:writer","DEFINES",1,"",0
"File:environments/Instance_generate.py","Variable:environments/Instance_generate.py:rows","DEFINES",1,"",0
"File:environments/Instance_generate.py","Variable:environments/Instance_generate.py:time_machine_tuple","DEFINES",1,"",0
"File:environments/Instance_generate.py","Variable:environments/Instance_generate.py:DDT_list","DEFINES",1,"",0
"File:environments/Instance_generate.py","Variable:environments/Instance_generate.py:machine_count_list","DEFINES",1,"",0
"File:environments/Instance_generate.py","Variable:environments/Instance_generate.py:order_count_list","DEFINES",1,"",0
"File:environments/Instance_generate.py","Variable:environments/Instance_generate.py:file_name_list","DEFINES",1,"",0
"File:environments/Instance_generate.py","Variable:environments/Instance_generate.py:instance_object","DEFINES",1,"",0
"File:environments/MO_DFJSP_breakdown.py","Class:environments/MO_DFJSP_breakdown.py:MO_DFJSP_Environment","DEFINES",1,"",0
"File:environments/MO_DFJSP_breakdown.py","Method:environments/MO_DFJSP_breakdown.py:MO_DFJSP_Environment.__init__","DEFINES",1,"",0
"Class:environments/MO_DFJSP_breakdown.py:MO_DFJSP_Environment","Method:environments/MO_DFJSP_breakdown.py:MO_DFJSP_Environment.__init__","HAS_METHOD",1,"",0
"File:environments/MO_DFJSP_breakdown.py","Method:environments/MO_DFJSP_breakdown.py:MO_DFJSP_Environment.reset#0","DEFINES",1,"",0
"Class:environments/MO_DFJSP_breakdown.py:MO_DFJSP_Environment","Method:environments/MO_DFJSP_breakdown.py:MO_DFJSP_Environment.reset#0","HAS_METHOD",1,"",0
"File:environments/MO_DFJSP_breakdown.py","Method:environments/MO_DFJSP_breakdown.py:MO_DFJSP_Environment.state_extract#0","DEFINES",1,"",0
"Class:environments/MO_DFJSP_breakdown.py:MO_DFJSP_Environment","Method:environments/MO_DFJSP_breakdown.py:MO_DFJSP_Environment.state_extract#0","HAS_METHOD",1,"",0
"File:environments/MO_DFJSP_breakdown.py","Variable:environments/MO_DFJSP_breakdown.py:DDT","DEFINES",1,"",0
"File:environments/MO_DFJSP_breakdown.py","Variable:environments/MO_DFJSP_breakdown.py:M","DEFINES",1,"",0
"File:environments/MO_DFJSP_breakdown.py","Variable:environments/MO_DFJSP_breakdown.py:S","DEFINES",1,"",0
"File:environments/MO_DFJSP_breakdown.py","Variable:environments/MO_DFJSP_breakdown.py:utilize_rate_ave","DEFINES",1,"",0
"File:environments/MO_DFJSP_breakdown.py","Variable:environments/MO_DFJSP_breakdown.py:utilize_rate_std","DEFINES",1,"",0
"File:environments/MO_DFJSP_breakdown.py","Variable:environments/MO_DFJSP_breakdown.py:ct_m_ave","DEFINES",1,"",0
"File:environments/MO_DFJSP_breakdown.py","Variable:environments/MO_DFJSP_breakdown.py:ct_m_std","DEFINES",1,"",0
"File:environments/MO_DFJSP_breakdown.py","Variable:environments/MO_DFJSP_breakdown.py:ratio_idle","DEFINES",1,"",0
"File:environments/MO_DFJSP_breakdown.py","Variable:environments/MO_DFJSP_breakdown.py:cro_ave","DEFINES",1,"",0
"File:environments/MO_DFJSP_breakdown.py","Variable:environments/MO_DFJSP_breakdown.py:cro_std","DEFINES",1,"",0
"File:environments/MO_DFJSP_breakdown.py","Variable:environments/MO_DFJSP_breakdown.py:gap_ave","DEFINES",1,"",0
"File:environments/MO_DFJSP_breakdown.py","Variable:environments/MO_DFJSP_breakdown.py:gap_std","DEFINES",1,"",0
"File:environments/MO_DFJSP_breakdown.py","Variable:environments/MO_DFJSP_breakdown.py:gap_m_ave","DEFINES",1,"",0
"File:environments/MO_DFJSP_breakdown.py","Variable:environments/MO_DFJSP_breakdown.py:gap_m_std","DEFINES",1,"",0
"File:environments/MO_DFJSP_breakdown.py","Method:environments/MO_DFJSP_breakdown.py:MO_DFJSP_Environment.update_parameter#0","DEFINES",1,"",0
"Class:environments/MO_DFJSP_breakdown.py:MO_DFJSP_Environment","Method:environments/MO_DFJSP_breakdown.py:MO_DFJSP_Environment.update_parameter#0","HAS_METHOD",1,"",0
"File:environments/MO_DFJSP_breakdown.py","Variable:environments/MO_DFJSP_breakdown.py:delay_task_number_a","DEFINES",1,"",0
"File:environments/MO_DFJSP_breakdown.py","Variable:environments/MO_DFJSP_breakdown.py:delay_task_number_e","DEFINES",1,"",0
"File:environments/MO_DFJSP_breakdown.py","Variable:environments/MO_DFJSP_breakdown.py:task_number","DEFINES",1,"",0
"File:environments/MO_DFJSP_breakdown.py","Variable:environments/MO_DFJSP_breakdown.py:delay_job_number_a","DEFINES",1,"",0
"File:environments/MO_DFJSP_breakdown.py","Variable:environments/MO_DFJSP_breakdown.py:delay_job_number_e","DEFINES",1,"",0
"File:environments/MO_DFJSP_breakdown.py","Variable:environments/MO_DFJSP_breakdown.py:job_number","DEFINES",1,"",0
"File:environments/MO_DFJSP_breakdown.py","Variable:environments/MO_DFJSP_breakdown.py:time_start_point","DEFINES",1,"",0
"File:environments/MO_DFJSP_breakdown.py","Variable:environments/MO_DFJSP_breakdown.py:kind_end_task_object","DEFINES",1,"",0
"File:environments/MO_DFJSP_breakdown.py","Variable:environments/MO_DFJSP_breakdown.py:task_residue_rj","DEFINES",1,"",0
"File:environments/MO_DFJSP_breakdown.py","Variable:environments/MO_DFJSP_breakdown.py:task_delay_rj_a","DEFINES",1,"",0
"File:environments/MO_DFJSP_breakdown.py","Variable:environments/MO_DFJSP_breakdown.py:task_delay_rj_e","DEFINES",1,"",0
"File:environments/MO_DFJSP_breakdown.py","Variable:environments/MO_DFJSP_breakdown.py:task_delay_time_rj_a","DEFINES",1,"",0
"File:environments/MO_DFJSP_breakdown.py","Variable:environments/MO_DFJSP_breakdown.py:task_delay_time_rj_e","DEFINES",1,"",0
"File:environments/MO_DFJSP_breakdown.py","Variable:environments/MO_DFJSP_breakdown.py:dro_a","DEFINES",1,"",0
"File:environments/MO_DFJSP_breakdown.py","Variable:environments/MO_DFJSP_breakdown.py:dro_e","DEFINES",1,"",0
"File:environments/MO_DFJSP_breakdown.py","Variable:environments/MO_DFJSP_breakdown.py:drj_a","DEFINES",1,"",0
"File:environments/MO_DFJSP_breakdown.py","Variable:environments/MO_DFJSP_breakdown.py:drj_e","DEFINES",1,"",0
"File:environments/MO_DFJSP_breakdown.py","Method:environments/MO_DFJSP_breakdown.py:MO_DFJSP_Environment.step#5","DEFINES",1,"",0
"Class:environments/MO_DFJSP_breakdown.py:MO_DFJSP_Environment","Method:environments/MO_DFJSP_breakdown.py:MO_DFJSP_Environment.step#5","HAS_METHOD",1,"",0
"File:environments/MO_DFJSP_breakdown.py","Variable:environments/MO_DFJSP_breakdown.py:action","DEFINES",1,"",0
"File:environments/MO_DFJSP_breakdown.py","Variable:environments/MO_DFJSP_breakdown.py:task_rule","DEFINES",1,"",0
"File:environments/MO_DFJSP_breakdown.py","Variable:environments/MO_DFJSP_breakdown.py:machine_rule","DEFINES",1,"",0
"File:environments/MO_DFJSP_breakdown.py","Variable:environments/MO_DFJSP_breakdown.py:rj_selected","DEFINES",1,"",0
"File:environments/MO_DFJSP_breakdown.py","Variable:environments/MO_DFJSP_breakdown.py:m_selected","DEFINES",1,"",0
"File:environments/MO_DFJSP_breakdown.py","Variable:environments/MO_DFJSP_breakdown.py:job_object_selected","DEFINES",1,"",0
"File:environments/MO_DFJSP_breakdown.py","Variable:environments/MO_DFJSP_breakdown.py:task_object_selected","DEFINES",1,"",0
"File:environments/MO_DFJSP_breakdown.py","Variable:environments/MO_DFJSP_breakdown.py:kind_task_object_selected","DEFINES",1,"",0
"File:environments/MO_DFJSP_breakdown.py","Variable:environments/MO_DFJSP_breakdown.py:kind_object_selected","DEFINES",1,"",0
"File:environments/MO_DFJSP_breakdown.py","Variable:environments/MO_DFJSP_breakdown.py:machine_object_selected","DEFINES",1,"",0
"File:environments/MO_DFJSP_breakdown.py","Variable:environments/MO_DFJSP_breakdown.py:current_time","DEFINES",1,"",0
"File:environments/MO_DFJSP_breakdown.py","Variable:environments/MO_DFJSP_breakdown.py:task_duration","DEFINES",1,"",0
"File:environments/MO_DFJSP_breakdown.py","Variable:environments/MO_DFJSP_breakdown.py:task_start_time","DEFINES",1,"",0
"File:environments/MO_DFJSP_breakdown.py","Variable:environments/MO_DFJSP_breakdown.py:task_end_time","DEFINES",1,"",0
"File:environments/MO_DFJSP_breakdown.py","Variable:environments/MO_DFJSP_breakdown.py:breakdowns","DEFINES",1,"",0
"File:environments/MO_DFJSP_breakdown.py","Variable:environments/MO_DFJSP_breakdown.py:machine_end_time","DEFINES",1,"",0
"File:environments/MO_DFJSP_breakdown.py","Variable:environments/MO_DFJSP_breakdown.py:delay","DEFINES",1,"",0
"File:environments/MO_DFJSP_breakdown.py","Variable:environments/MO_DFJSP_breakdown.py:time_point_list","DEFINES",1,"",0
"File:environments/MO_DFJSP_breakdown.py","Variable:environments/MO_DFJSP_breakdown.py:job_object","DEFINES",1,"",0
"File:environments/MO_DFJSP_breakdown.py","Variable:environments/MO_DFJSP_breakdown.py:task_object","DEFINES",1,"",0
"File:environments/MO_DFJSP_breakdown.py","Variable:environments/MO_DFJSP_breakdown.py:kind_task_object","DEFINES",1,"",0
"File:environments/MO_DFJSP_breakdown.py","Variable:environments/MO_DFJSP_breakdown.py:order_object","DEFINES",1,"",0
"File:environments/MO_DFJSP_breakdown.py","Variable:environments/MO_DFJSP_breakdown.py:gap_time","DEFINES",1,"",0
"File:environments/MO_DFJSP_breakdown.py","Method:environments/MO_DFJSP_breakdown.py:MO_DFJSP_Environment.task_select#1","DEFINES",1,"",0
"Class:environments/MO_DFJSP_breakdown.py:MO_DFJSP_Environment","Method:environments/MO_DFJSP_breakdown.py:MO_DFJSP_Environment.task_select#1","HAS_METHOD",1,"",0
"File:environments/MO_DFJSP_breakdown.py","Variable:environments/MO_DFJSP_breakdown.py:rj","DEFINES",1,"",0
"File:environments/MO_DFJSP_breakdown.py","Method:environments/MO_DFJSP_breakdown.py:MO_DFJSP_Environment.machine_select#2","DEFINES",1,"",0
"Class:environments/MO_DFJSP_breakdown.py:MO_DFJSP_Environment","Method:environments/MO_DFJSP_breakdown.py:MO_DFJSP_Environment.machine_select#2","HAS_METHOD",1,"",0
"File:environments/MO_DFJSP_breakdown.py","Variable:environments/MO_DFJSP_breakdown.py:machine_selectable_list","DEFINES",1,"",0
"File:environments/MO_DFJSP_breakdown.py","Variable:environments/MO_DFJSP_breakdown.py:fluid_machine_selectable_list","DEFINES",1,"",0
"File:environments/MO_DFJSP_breakdown.py","Variable:environments/MO_DFJSP_breakdown.py:m","DEFINES",1,"",0
"File:environments/MO_DFJSP_breakdown.py","Method:environments/MO_DFJSP_breakdown.py:MO_DFJSP_Environment.compute_reward#4","DEFINES",1,"",0
"Class:environments/MO_DFJSP_breakdown.py:MO_DFJSP_Environment","Method:environments/MO_DFJSP_breakdown.py:MO_DFJSP_Environment.compute_reward#4","HAS_METHOD",1,"",0
"File:environments/MO_DFJSP_breakdown.py","Method:environments/MO_DFJSP_breakdown.py:MO_DFJSP_Environment.machine_available_rj_selectable#1","DEFINES",1,"",0
"Class:environments/MO_DFJSP_breakdown.py:MO_DFJSP_Environment","Method:environments/MO_DFJSP_breakdown.py:MO_DFJSP_Environment.machine_available_rj_selectable#1","HAS_METHOD",1,"",0
"File:environments/MO_DFJSP_breakdown.py","Method:environments/MO_DFJSP_breakdown.py:MO_DFJSP_Environment.machine_fluid_available_rj_selectable#1","DEFINES",1,"",0
"Class:environments/MO_DFJSP_breakdown.py:MO_DFJSP_Environment","Method:environments/MO_DFJSP_breakdown.py:MO_DFJSP_Environment.machine_fluid_available_rj_selectable#1","HAS_METHOD",1,"",0
"File:environments/MO_DFJSP_breakdown.py","Method:environments/MO_DFJSP_breakdown.py:MO_DFJSP_Environment.time_min_rj#1","DEFINES",1,"",0
"Class:environments/MO_DFJSP_breakdown.py:MO_DFJSP_Environment","Method:environments/MO_DFJSP_breakdown.py:MO_DFJSP_Environment.time_min_rj#1","HAS_METHOD",1,"",0
"File:environments/MO_DFJSP_breakdown.py","Variable:environments/MO_DFJSP_breakdown.py:machine_min_time","DEFINES",1,"",0
"File:environments/MO_DFJSP_breakdown.py","Method:environments/MO_DFJSP_breakdown.py:MO_DFJSP_Environment.time_min_fluid_rj#1","DEFINES",1,"",0
"Class:environments/MO_DFJSP_breakdown.py:MO_DFJSP_Environment","Method:environments/MO_DFJSP_breakdown.py:MO_DFJSP_Environment.time_min_fluid_rj#1","HAS_METHOD",1,"",0
"File:environments/MO_DFJSP_breakdown.py","Method:environments/MO_DFJSP_breakdown.py:MO_DFJSP_Environment.energy_min_rj#1","DEFINES",1,"",0
"Class:environments/MO_DFJSP_breakdown.py:MO_DFJSP_Environment","Method:environments/MO_DFJSP_breakdown.py:MO_DFJSP_Environment.energy_min_rj#1","HAS_METHOD",1,"",0
"File:environments/MO_DFJSP_breakdown.py","Variable:environments/MO_DFJSP_breakdown.py:machine_min_power","DEFINES",1,"",0
"File:environments/MO_DFJSP_breakdown.py","Method:environments/MO_DFJSP_breakdown.py:MO_DFJSP_Environment.energy_min_fluid_rj#1","DEFINES",1,"",0
"Class:environments/MO_DFJSP_breakdown.py:MO_DFJSP_Environment","Method:environments/MO_DFJSP_breakdown.py:MO_DFJSP_Environment.energy_min_fluid_rj#1","HAS_METHOD",1,"",0
"File:environments/MO_DFJSP_breakdown.py","Method:environments/MO_DFJSP_breakdown.py:MO_DFJSP_Environment.utilize_rate_ave#0","DEFINES",1,"",0
"Class:environments/MO_DFJSP_breakdown.py:MO_DFJSP_Environment","Method:environments/MO_DFJSP_breakdown.py:MO_DFJSP_Environment.utilize_rate_ave#0","HAS_METHOD",1,"",0
"File:environments/MO_DFJSP_breakdown.py","Method:environments/MO_DFJSP_breakdown.py:MO_DFJSP_Environment.machine_idle_list#0","DEFINES",1,"",0
"Class:environments/MO_DFJSP_breakdown.py:MO_DFJSP_Environment","Method:environments/MO_DFJSP_breakdown.py:MO_DFJSP_Environment.machine_idle_list#0","HAS_METHOD",1,"",0
"File:environments/MO_DFJSP_breakdown.py","Method:environments/MO_DFJSP_breakdown.py:MO_DFJSP_Environment.kind_task_available_list#0","DEFINES",1,"",0
"Class:environments/MO_DFJSP_breakdown.py:MO_DFJSP_Environment","Method:environments/MO_DFJSP_breakdown.py:MO_DFJSP_Environment.kind_task_available_list#0","HAS_METHOD",1,"",0
"File:environments/MO_DFJSP_breakdown.py","Method:environments/MO_DFJSP_breakdown.py:MO_DFJSP_Environment.fluid_kind_task_available_list#0","DEFINES",1,"",0
"Class:environments/MO_DFJSP_breakdown.py:MO_DFJSP_Environment","Method:environments/MO_DFJSP_breakdown.py:MO_DFJSP_Environment.fluid_kind_task_available_list#0","HAS_METHOD",1,"",0
"File:environments/MO_DFJSP_breakdown.py","Method:environments/MO_DFJSP_breakdown.py:MO_DFJSP_Environment.ct_m_ave#0","DEFINES",1,"",0
"Class:environments/MO_DFJSP_breakdown.py:MO_DFJSP_Environment","Method:environments/MO_DFJSP_breakdown.py:MO_DFJSP_Environment.ct_m_ave#0","HAS_METHOD",1,"",0
"File:environments/MO_DFJSP_breakdown.py","Method:environments/MO_DFJSP_breakdown.py:MO_DFJSP_Environment.gap_ave_value#0","DEFINES",1,"",0
"Class:environments/MO_DFJSP_breakdown.py:MO_DFJSP_Environment","Method:environments/MO_DFJSP_breakdown.py:MO_DFJSP_Environment.gap_ave_value#0","HAS_METHOD",1,"",0
"File:environments/MO_DFJSP_breakdown.py","Variable:environments/MO_DFJSP_breakdown.py:path","DEFINES",1,"",0
"File:environments/MO_DFJSP_breakdown.py","Variable:environments/MO_DFJSP_breakdown.py:file_name","DEFINES",1,"",0
"File:environments/MO_DFJSP_breakdown.py","Variable:environments/MO_DFJSP_breakdown.py:time_start","DEFINES",1,"",0
"File:environments/MO_DFJSP_breakdown.py","Variable:environments/MO_DFJSP_breakdown.py:env_object","DEFINES",1,"",0
"File:environments/MO_DFJSP_breakdown.py","Variable:environments/MO_DFJSP_breakdown.py:state","DEFINES",1,"",0
"File:environments/MO_DFJSP_instance_read.py","Class:environments/MO_DFJSP_instance_read.py:Data","DEFINES",1,"",0
"File:environments/MO_DFJSP_instance_read.py","Method:environments/MO_DFJSP_instance_read.py:Data.__init__#2","DEFINES",1,"",0
"Class:environments/MO_DFJSP_instance_read.py:Data","Method:environments/MO_DFJSP_instance_read.py:Data.__init__#2","HAS_METHOD",1,"",0
"File:environments/MO_DFJSP_instance_read.py","Method:environments/MO_DFJSP_instance_read.py:Data.process#0","DEFINES",1,"",0
"Class:environments/MO_DFJSP_instance_read.py:Data","Method:environments/MO_DFJSP_instance_read.py:Data.process#0","HAS_METHOD",1,"",0
"File:environments/MO_DFJSP_instance_read.py","Variable:environments/MO_DFJSP_instance_read.py:kind_task_tuple","DEFINES",1,"",0
"File:environments/MO_DFJSP_instance_read.py","Variable:environments/MO_DFJSP_instance_read.py:kind_task_m_dict","DEFINES",1,"",0
"File:environments/MO_DFJSP_instance_read.py","Variable:environments/MO_DFJSP_instance_read.py:time_mrj_dict","DEFINES",1,"",0
"File:environments/MO_DFJSP_instance_read.py","Variable:environments/MO_DFJSP_instance_read.py:time_rj_dict","DEFINES",1,"",0
"File:environments/MO_DFJSP_instance_read.py","Method:environments/MO_DFJSP_instance_read.py:Data.str_int_tuple#1","DEFINES",1,"",0
"Class:environments/MO_DFJSP_instance_read.py:Data","Method:environments/MO_DFJSP_instance_read.py:Data.str_int_tuple#1","HAS_METHOD",1,"",0
"File:environments/MO_DFJSP_instance_read.py","Variable:environments/MO_DFJSP_instance_read.py:nums","DEFINES",1,"",0
"File:environments/MO_DFJSP_instance_read.py","Method:environments/MO_DFJSP_instance_read.py:Data.str_int#1","DEFINES",1,"",0
"Class:environments/MO_DFJSP_instance_read.py:Data","Method:environments/MO_DFJSP_instance_read.py:Data.str_int#1","HAS_METHOD",1,"",0
"File:environments/MO_DFJSP_instance_read.py","Method:environments/MO_DFJSP_instance_read.py:Data.read#1","DEFINES",1,"",0
"Class:environments/MO_DFJSP_instance_read.py:Data","Method:environments/MO_DFJSP_instance_read.py:Data.read#1","HAS_METHOD",1,"",0
"File:environments/MO_DFJSP_instance_read.py","Variable:environments/MO_DFJSP_instance_read.py:data_file","DEFINES",1,"",0
"File:environments/MO_DFJSP_instance_read.py","Variable:environments/MO_DFJSP_instance_read.py:reader","DEFINES",1,"",0
"File:environments/MO_DFJSP_instance_read.py","Variable:environments/MO_DFJSP_instance_read.py:rows","DEFINES",1,"",0
"File:environments/MO_DFJSP_instance_read.py","Variable:environments/MO_DFJSP_instance_read.py:kind_count","DEFINES",1,"",0
"File:environments/MO_DFJSP_instance_read.py","Variable:environments/MO_DFJSP_instance_read.py:machine_count","DEFINES",1,"",0
"File:environments/MO_DFJSP_instance_read.py","Variable:environments/MO_DFJSP_instance_read.py:order_count","DEFINES",1,"",0
"File:environments/MO_DFJSP_instance_read.py","Variable:environments/MO_DFJSP_instance_read.py:DDT","DEFINES",1,"",0
"File:environments/MO_DFJSP_instance_read.py","Variable:environments/MO_DFJSP_instance_read.py:power_m_dict","DEFINES",1,"",0
"File:environments/MO_DFJSP_instance_read.py","Variable:environments/MO_DFJSP_instance_read.py:breakdown_m_dict","DEFINES",1,"",0
"File:environments/MO_DFJSP_instance_read.py","Variable:environments/MO_DFJSP_instance_read.py:machine","DEFINES",1,"",0
"File:environments/MO_DFJSP_instance_read.py","Variable:environments/MO_DFJSP_instance_read.py:idle_power","DEFINES",1,"",0
"File:environments/MO_DFJSP_instance_read.py","Variable:environments/MO_DFJSP_instance_read.py:breakdown_start","DEFINES",1,"",0
"File:environments/MO_DFJSP_instance_read.py","Variable:environments/MO_DFJSP_instance_read.py:breakdown_end","DEFINES",1,"",0
"File:environments/MO_DFJSP_instance_read.py","Variable:environments/MO_DFJSP_instance_read.py:task_r_dict","DEFINES",1,"",0
"File:environments/MO_DFJSP_instance_read.py","Variable:environments/MO_DFJSP_instance_read.py:machine_rj_dict","DEFINES",1,"",0
"File:environments/MO_DFJSP_instance_read.py","Variable:environments/MO_DFJSP_instance_read.py:time_rjm_dict","DEFINES",1,"",0
"File:environments/MO_DFJSP_instance_read.py","Variable:environments/MO_DFJSP_instance_read.py:power_mrj_dict","DEFINES",1,"",0
"File:environments/MO_DFJSP_instance_read.py","Variable:environments/MO_DFJSP_instance_read.py:kind","DEFINES",1,"",0
"File:environments/MO_DFJSP_instance_read.py","Variable:environments/MO_DFJSP_instance_read.py:task","DEFINES",1,"",0
"File:environments/MO_DFJSP_instance_read.py","Variable:environments/MO_DFJSP_instance_read.py:machine_str","DEFINES",1,"",0
"File:environments/MO_DFJSP_instance_read.py","Variable:environments/MO_DFJSP_instance_read.py:time_str","DEFINES",1,"",0
"File:environments/MO_DFJSP_instance_read.py","Variable:environments/MO_DFJSP_instance_read.py:power_str","DEFINES",1,"",0
"File:environments/MO_DFJSP_instance_read.py","Variable:environments/MO_DFJSP_instance_read.py:time_machine","DEFINES",1,"",0
"File:environments/MO_DFJSP_instance_read.py","Variable:environments/MO_DFJSP_instance_read.py:count_sr_dict","DEFINES",1,"",0
"File:environments/MO_DFJSP_instance_read.py","Variable:environments/MO_DFJSP_instance_read.py:time_arrive_s_dict","DEFINES",1,"",0
"File:environments/MO_DFJSP_instance_read.py","Variable:environments/MO_DFJSP_instance_read.py:time_delivery_s_dict","DEFINES",1,"",0
"File:environments/MO_DFJSP_instance_read.py","Variable:environments/MO_DFJSP_instance_read.py:order","DEFINES",1,"",0
"File:environments/MO_DFJSP_instance_read.py","Variable:environments/MO_DFJSP_instance_read.py:time_arrive","DEFINES",1,"",0
"File:environments/MO_DFJSP_instance_read.py","Variable:environments/MO_DFJSP_instance_read.py:time_delivery","DEFINES",1,"",0
"File:environments/MO_DFJSP_instance_read.py","Variable:environments/MO_DFJSP_instance_read.py:path","DEFINES",1,"",0
"File:environments/MO_DFJSP_instance_read.py","Variable:environments/MO_DFJSP_instance_read.py:path_write","DEFINES",1,"",0
"File:environments/MO_DFJSP_instance_read.py","Variable:environments/MO_DFJSP_instance_read.py:file_name","DEFINES",1,"",0
"File:environments/MO_DFJSP_instance_read.py","Variable:environments/MO_DFJSP_instance_read.py:kind_name","DEFINES",1,"",0
"File:environments/MO_DFJSP_instance_read.py","Variable:environments/MO_DFJSP_instance_read.py:data","DEFINES",1,"",0
"File:environments/MO_DFJSP_instance_read.py","Variable:environments/MO_DFJSP_instance_read.py:writer","DEFINES",1,"",0
"File:environments/MO_DFJSP_instance_read.py","Variable:environments/MO_DFJSP_instance_read.py:row","DEFINES",1,"",0
"File:environments/class_MODFJSP.py","Class:environments/class_MODFJSP.py:Order","DEFINES",1,"",0
"File:environments/class_MODFJSP.py","Method:environments/class_MODFJSP.py:Order.__init__#4","DEFINES",1,"",0
"Class:environments/class_MODFJSP.py:Order","Method:environments/class_MODFJSP.py:Order.__init__#4","HAS_METHOD",1,"",0
"File:environments/class_MODFJSP.py","Class:environments/class_MODFJSP.py:Kind","DEFINES",1,"",0
"File:environments/class_MODFJSP.py","Method:environments/class_MODFJSP.py:Kind.__init__#1","DEFINES",1,"",0
"Class:environments/class_MODFJSP.py:Kind","Method:environments/class_MODFJSP.py:Kind.__init__#1","HAS_METHOD",1,"",0
"File:environments/class_MODFJSP.py","Method:environments/class_MODFJSP.py:Kind.number_start#0","DEFINES",1,"",0
"Class:environments/class_MODFJSP.py:Kind","Method:environments/class_MODFJSP.py:Kind.number_start#0","HAS_METHOD",1,"",0
"File:environments/class_MODFJSP.py","Class:environments/class_MODFJSP.py:Tasks","DEFINES",1,"",0
"File:environments/class_MODFJSP.py","Method:environments/class_MODFJSP.py:Tasks.__init__#2","DEFINES",1,"",0
"Class:environments/class_MODFJSP.py:Tasks","Method:environments/class_MODFJSP.py:Tasks.__init__#2","HAS_METHOD",1,"",0
"File:environments/class_MODFJSP.py","Method:environments/class_MODFJSP.py:Tasks.min_available_time#0","DEFINES",1,"",0
"Class:environments/class_MODFJSP.py:Tasks","Method:environments/class_MODFJSP.py:Tasks.min_available_time#0","HAS_METHOD",1,"",0
"File:environments/class_MODFJSP.py","Method:environments/class_MODFJSP.py:Tasks.gap_rate#0","DEFINES",1,"",0
"Class:environments/class_MODFJSP.py:Tasks","Method:environments/class_MODFJSP.py:Tasks.gap_rate#0","HAS_METHOD",1,"",0
"File:environments/class_MODFJSP.py","Method:environments/class_MODFJSP.py:Tasks.gap#0","DEFINES",1,"",0
"Class:environments/class_MODFJSP.py:Tasks","Method:environments/class_MODFJSP.py:Tasks.gap#0","HAS_METHOD",1,"",0
"File:environments/class_MODFJSP.py","Method:environments/class_MODFJSP.py:Tasks.finish_rate#0","DEFINES",1,"",0
"Class:environments/class_MODFJSP.py:Tasks","Method:environments/class_MODFJSP.py:Tasks.finish_rate#0","HAS_METHOD",1,"",0
"File:environments/class_MODFJSP.py","Method:environments/class_MODFJSP.py:Tasks.due_date_min#0","DEFINES",1,"",0
"Class:environments/class_MODFJSP.py:Tasks","Method:environments/class_MODFJSP.py:Tasks.due_date_min#0","HAS_METHOD",1,"",0
"File:environments/class_MODFJSP.py","Variable:environments/class_MODFJSP.py:min_due_date","DEFINES",1,"",0
"File:environments/class_MODFJSP.py","Class:environments/class_MODFJSP.py:Job","DEFINES",1,"",0
"File:environments/class_MODFJSP.py","Method:environments/class_MODFJSP.py:Job.__init__#2","DEFINES",1,"",0
"Class:environments/class_MODFJSP.py:Job","Method:environments/class_MODFJSP.py:Job.__init__#2","HAS_METHOD",1,"",0
"File:environments/class_MODFJSP.py","Class:environments/class_MODFJSP.py:Task","DEFINES",1,"",0
"File:environments/class_MODFJSP.py","Method:environments/class_MODFJSP.py:Task.__init__#3","DEFINES",1,"",0
"Class:environments/class_MODFJSP.py:Task","Method:environments/class_MODFJSP.py:Task.__init__#3","HAS_METHOD",1,"",0
"File:environments/class_MODFJSP.py","Method:environments/class_MODFJSP.py:Task.time_cost#0","DEFINES",1,"",0
"Class:environments/class_MODFJSP.py:Task","Method:environments/class_MODFJSP.py:Task.time_cost#0","HAS_METHOD",1,"",0
"File:environments/class_MODFJSP.py","Class:environments/class_MODFJSP.py:Machine","DEFINES",1,"",0
"File:environments/class_MODFJSP.py","Method:environments/class_MODFJSP.py:Machine.__init__#1","DEFINES",1,"",0
"Class:environments/class_MODFJSP.py:Machine","Method:environments/class_MODFJSP.py:Machine.__init__#1","HAS_METHOD",1,"",0
"File:environments/class_MODFJSP.py","Method:environments/class_MODFJSP.py:Machine.time_start#0","DEFINES",1,"",0
"Class:environments/class_MODFJSP.py:Machine","Method:environments/class_MODFJSP.py:Machine.time_start#0","HAS_METHOD",1,"",0
"File:environments/class_MODFJSP.py","Method:environments/class_MODFJSP.py:Machine.utilize_rate#0","DEFINES",1,"",0
"Class:environments/class_MODFJSP.py:Machine","Method:environments/class_MODFJSP.py:Machine.utilize_rate#0","HAS_METHOD",1,"",0
"File:environments/class_MODFJSP.py","Method:environments/class_MODFJSP.py:Machine.gap_rj_dict#0","DEFINES",1,"",0
"Class:environments/class_MODFJSP.py:Machine","Method:environments/class_MODFJSP.py:Machine.gap_rj_dict#0","HAS_METHOD",1,"",0
"File:environments/class_MODFJSP.py","Variable:environments/class_MODFJSP.py:gap_rj_dict","DEFINES",1,"",0
"File:environments/class_MODFJSP.py","Method:environments/class_MODFJSP.py:Machine.gap_ave#0","DEFINES",1,"",0
"Class:environments/class_MODFJSP.py:Machine","Method:environments/class_MODFJSP.py:Machine.gap_ave#0","HAS_METHOD",1,"",0
"File:environments/class_MODFJSP.py","Class:environments/class_MODFJSP.py:FJSP","DEFINES",1,"",0
"File:environments/class_MODFJSP.py","Method:environments/class_MODFJSP.py:FJSP.__init__","DEFINES",1,"",0
"Class:environments/class_MODFJSP.py:FJSP","Method:environments/class_MODFJSP.py:FJSP.__init__","HAS_METHOD",1,"",0
"File:environments/class_MODFJSP.py","Method:environments/class_MODFJSP.py:FJSP.reset_parameter#0","DEFINES",1,"",0
"Class:environments/class_MODFJSP.py:FJSP","Method:environments/class_MODFJSP.py:FJSP.reset_parameter#0","HAS_METHOD",1,"",0
"File:environments/class_MODFJSP.py","Method:environments/class_MODFJSP.py:FJSP.reset_fluid_parameter#0","DEFINES",1,"",0
"Class:environments/class_MODFJSP.py:FJSP","Method:environments/class_MODFJSP.py:FJSP.reset_fluid_parameter#0","HAS_METHOD",1,"",0
"File:environments/class_MODFJSP.py","Method:environments/class_MODFJSP.py:FJSP.reset_object_add#1","DEFINES",1,"",0
"Class:environments/class_MODFJSP.py:FJSP","Method:environments/class_MODFJSP.py:FJSP.reset_object_add#1","HAS_METHOD",1,"",0
"File:environments/class_MODFJSP.py","Variable:environments/class_MODFJSP.py:n_start","DEFINES",1,"",0
"File:environments/class_MODFJSP.py","Variable:environments/class_MODFJSP.py:n_end","DEFINES",1,"",0
"File:environments/class_MODFJSP.py","Variable:environments/class_MODFJSP.py:job_object","DEFINES",1,"",0
"File:environments/class_MODFJSP.py","Variable:environments/class_MODFJSP.py:task_object","DEFINES",1,"",0
"File:environments/class_MODFJSP.py","Variable:environments/class_MODFJSP.py:x","DEFINES",1,"",0
"File:environments/class_MODFJSP.py","Method:environments/class_MODFJSP.py:FJSP.fluid_model#0","DEFINES",1,"",0
"Class:environments/class_MODFJSP.py:FJSP","Method:environments/class_MODFJSP.py:FJSP.fluid_model#0","HAS_METHOD",1,"",0
"File:environments/class_MODFJSP.py","Variable:environments/class_MODFJSP.py:model","DEFINES",1,"",0
"File:environments/class_MODFJSP.py","Variable:environments/class_MODFJSP.py:var_list","DEFINES",1,"",0
"File:environments/class_MODFJSP.py","Variable:environments/class_MODFJSP.py:X","DEFINES",1,"",0
"File:environments/class_MODFJSP.py","Variable:environments/class_MODFJSP.py:fluid_number","DEFINES",1,"",0
"File:environments/class_MODFJSP.py","Variable:environments/class_MODFJSP.py:fluid_number_time","DEFINES",1,"",0
"File:environments/class_MODFJSP.py","Variable:environments/class_MODFJSP.py:process_rate_rj_sum","DEFINES",1,"",0
"File:environments/class_MODFJSP.py","Variable:environments/class_MODFJSP.py:solution","DEFINES",1,"",0
"File:environments/class_MODFJSP.py","Variable:environments/class_MODFJSP.py:fluid_completed_time","DEFINES",1,"",0
"File:environments/class_MODFJSP.py","Method:environments/class_MODFJSP.py:FJSP.update_fluid_parameter#1","DEFINES",1,"",0
"Class:environments/class_MODFJSP.py:FJSP","Method:environments/class_MODFJSP.py:FJSP.update_fluid_parameter#1","HAS_METHOD",1,"",0
"File:environments/class_MODFJSP.py","Variable:environments/class_MODFJSP.py:machine_object","DEFINES",1,"",0
"File:environments/class_MODFJSP.py","Variable:environments/class_MODFJSP.py:kind_task_object","DEFINES",1,"",0
"File:environments/class_MODFJSP.py","Variable:environments/class_MODFJSP.py:file_name","DEFINES",1,"",0
"File:environments/class_MODFJSP.py","Variable:environments/class_MODFJSP.py:path","DEFINES",1,"",0
"File:environments/class_MODFJSP.py","Variable:environments/class_MODFJSP.py:fjsp_object","DEFINES",1,"",0
"File:exploration_strategies/Base_Exploration_Strategy.py","Class:exploration_strategies/Base_Exploration_Strategy.py:Base_Exploration_Strategy","DEFINES",1,"",0
"File:exploration_strategies/Base_Exploration_Strategy.py","Method:exploration_strategies/Base_Exploration_Strategy.py:Base_Exploration_Strategy.__init__#1","DEFINES",1,"",0
"Class:exploration_strategies/Base_Exploration_Strategy.py:Base_Exploration_Strategy","Method:exploration_strategies/Base_Exploration_Strategy.py:Base_Exploration_Strategy.__init__#1","HAS_METHOD",1,"",0
"File:exploration_strategies/Base_Exploration_Strategy.py","Method:exploration_strategies/Base_Exploration_Strategy.py:Base_Exploration_Strategy.perturb_action_for_exploration_purposes#1","DEFINES",1,"",0
"Class:exploration_strategies/Base_Exploration_Strategy.py:Base_Exploration_Strategy","Method:exploration_strategies/Base_Exploration_Strategy.py:Base_Exploration_Strategy.perturb_action_for_exploration_purposes#1","HAS_METHOD",1,"",0
"File:exploration_strategies/Base_Exploration_Strategy.py","Method:exploration_strategies/Base_Exploration_Strategy.py:Base_Exploration_Strategy.add_exploration_rewards#1","DEFINES",1,"",0
"Class:exploration_strategies/Base_Exploration_Strategy.py:Base_Exploration_Strategy","Method:exploration_strategies/Base_Exploration_Strategy.py:Base_Exploration_Strategy.add_exploration_rewards#1","HAS_METHOD",1,"",0
"File:exploration_strategies/Base_Exploration_Strategy.py","Method:exploration_strategies/Base_Exploration_Strategy.py:Base_Exploration_Strategy.reset#0","DEFINES",1,"",0
"Class:exploration_strategies/Base_Exploration_Strategy.py:Base_Exploration_Strategy","Method:exploration_strategies/Base_Exploration_Strategy.py:Base_Exploration_Strategy.reset#0","HAS_METHOD",1,"",0
"File:exploration_strategies/Epsilon_Greedy_Exploration.py","Class:exploration_strategies/Epsilon_Greedy_Exploration.py:Epsilon_Greedy_Exploration","DEFINES",1,"",0
"File:exploration_strategies/Epsilon_Greedy_Exploration.py","Method:exploration_strategies/Epsilon_Greedy_Exploration.py:Epsilon_Greedy_Exploration.__init__#1","DEFINES",1,"",0
"Class:exploration_strategies/Epsilon_Greedy_Exploration.py:Epsilon_Greedy_Exploration","Method:exploration_strategies/Epsilon_Greedy_Exploration.py:Epsilon_Greedy_Exploration.__init__#1","HAS_METHOD",1,"",0
"File:exploration_strategies/Epsilon_Greedy_Exploration.py","Method:exploration_strategies/Epsilon_Greedy_Exploration.py:Epsilon_Greedy_Exploration.perturb_action_for_exploration_purposes#1","DEFINES",1,"",0
"Class:exploration_strategies/Epsilon_Greedy_Exploration.py:Epsilon_Greedy_Exploration","Method:exploration_strategies/Epsilon_Greedy_Exploration.py:Epsilon_Greedy_Exploration.perturb_action_for_exploration_purposes#1","HAS_METHOD",1,"",0
"File:exploration_strategies/Epsilon_Greedy_Exploration.py","Variable:exploration_strategies/Epsilon_Greedy_Exploration.py:action_values","DEFINES",1,"",0
"File:exploration_strategies/Epsilon_Greedy_Exploration.py","Variable:exploration_strategies/Epsilon_Greedy_Exploration.py:turn_off_exploration","DEFINES",1,"",0
"File:exploration_strategies/Epsilon_Greedy_Exploration.py","Variable:exploration_strategies/Epsilon_Greedy_Exploration.py:episode_number","DEFINES",1,"",0
"File:exploration_strategies/Epsilon_Greedy_Exploration.py","Variable:exploration_strategies/Epsilon_Greedy_Exploration.py:epsilon","DEFINES",1,"",0
"File:exploration_strategies/Epsilon_Greedy_Exploration.py","Method:exploration_strategies/Epsilon_Greedy_Exploration.py:Epsilon_Greedy_Exploration.get_updated_epsilon_exploration#2","DEFINES",1,"",0
"Class:exploration_strategies/Epsilon_Greedy_Exploration.py:Epsilon_Greedy_Exploration","Method:exploration_strategies/Epsilon_Greedy_Exploration.py:Epsilon_Greedy_Exploration.get_updated_epsilon_exploration#2","HAS_METHOD",1,"",0
"File:exploration_strategies/Epsilon_Greedy_Exploration.py","Variable:exploration_strategies/Epsilon_Greedy_Exploration.py:epsilon_decay_denominator","DEFINES",1,"",0
"File:exploration_strategies/Epsilon_Greedy_Exploration.py","Method:exploration_strategies/Epsilon_Greedy_Exploration.py:Epsilon_Greedy_Exploration.calculate_epsilon_with_cyclical_strategy#1","DEFINES",1,"",0
"Class:exploration_strategies/Epsilon_Greedy_Exploration.py:Epsilon_Greedy_Exploration","Method:exploration_strategies/Epsilon_Greedy_Exploration.py:Epsilon_Greedy_Exploration.calculate_epsilon_with_cyclical_strategy#1","HAS_METHOD",1,"",0
"File:exploration_strategies/Epsilon_Greedy_Exploration.py","Variable:exploration_strategies/Epsilon_Greedy_Exploration.py:max_epsilon","DEFINES",1,"",0
"File:exploration_strategies/Epsilon_Greedy_Exploration.py","Variable:exploration_strategies/Epsilon_Greedy_Exploration.py:min_epsilon","DEFINES",1,"",0
"File:exploration_strategies/Epsilon_Greedy_Exploration.py","Variable:exploration_strategies/Epsilon_Greedy_Exploration.py:increment","DEFINES",1,"",0
"File:exploration_strategies/Epsilon_Greedy_Exploration.py","Variable:exploration_strategies/Epsilon_Greedy_Exploration.py:cycle","DEFINES",1,"",0
"File:exploration_strategies/Epsilon_Greedy_Exploration.py","Variable:exploration_strategies/Epsilon_Greedy_Exploration.py:cycle_ix","DEFINES",1,"",0
"File:exploration_strategies/Epsilon_Greedy_Exploration.py","Method:exploration_strategies/Epsilon_Greedy_Exploration.py:Epsilon_Greedy_Exploration.add_exploration_rewards#1","DEFINES",1,"",0
"Class:exploration_strategies/Epsilon_Greedy_Exploration.py:Epsilon_Greedy_Exploration","Method:exploration_strategies/Epsilon_Greedy_Exploration.py:Epsilon_Greedy_Exploration.add_exploration_rewards#1","HAS_METHOD",1,"",0
"File:exploration_strategies/Epsilon_Greedy_Exploration.py","Method:exploration_strategies/Epsilon_Greedy_Exploration.py:Epsilon_Greedy_Exploration.reset#0","DEFINES",1,"",0
"Class:exploration_strategies/Epsilon_Greedy_Exploration.py:Epsilon_Greedy_Exploration","Method:exploration_strategies/Epsilon_Greedy_Exploration.py:Epsilon_Greedy_Exploration.reset#0","HAS_METHOD",1,"",0
"File:exploration_strategies/Gaussian_Exploration.py","Class:exploration_strategies/Gaussian_Exploration.py:Gaussian_Exploration","DEFINES",1,"",0
"File:exploration_strategies/Gaussian_Exploration.py","Method:exploration_strategies/Gaussian_Exploration.py:Gaussian_Exploration.__init__#3","DEFINES",1,"",0
"Class:exploration_strategies/Gaussian_Exploration.py:Gaussian_Exploration","Method:exploration_strategies/Gaussian_Exploration.py:Gaussian_Exploration.__init__#3","HAS_METHOD",1,"",0
"File:exploration_strategies/Gaussian_Exploration.py","Method:exploration_strategies/Gaussian_Exploration.py:Gaussian_Exploration.perturb_action_for_exploration_purposes#1","DEFINES",1,"",0
"Class:exploration_strategies/Gaussian_Exploration.py:Gaussian_Exploration","Method:exploration_strategies/Gaussian_Exploration.py:Gaussian_Exploration.perturb_action_for_exploration_purposes#1","HAS_METHOD",1,"",0
"File:exploration_strategies/Gaussian_Exploration.py","Variable:exploration_strategies/Gaussian_Exploration.py:action","DEFINES",1,"",0
"File:exploration_strategies/Gaussian_Exploration.py","Variable:exploration_strategies/Gaussian_Exploration.py:action_noise","DEFINES",1,"",0
"File:exploration_strategies/Gaussian_Exploration.py","Variable:exploration_strategies/Gaussian_Exploration.py:clipped_action_noise","DEFINES",1,"",0
"File:exploration_strategies/Gaussian_Exploration.py","Method:exploration_strategies/Gaussian_Exploration.py:Gaussian_Exploration.add_exploration_rewards#1","DEFINES",1,"",0
"Class:exploration_strategies/Gaussian_Exploration.py:Gaussian_Exploration","Method:exploration_strategies/Gaussian_Exploration.py:Gaussian_Exploration.add_exploration_rewards#1","HAS_METHOD",1,"",0
"File:exploration_strategies/Gaussian_Exploration.py","Method:exploration_strategies/Gaussian_Exploration.py:Gaussian_Exploration.reset#0","DEFINES",1,"",0
"Class:exploration_strategies/Gaussian_Exploration.py:Gaussian_Exploration","Method:exploration_strategies/Gaussian_Exploration.py:Gaussian_Exploration.reset#0","HAS_METHOD",1,"",0
"File:exploration_strategies/OU_Noise_Exploration.py","Class:exploration_strategies/OU_Noise_Exploration.py:OU_Noise_Exploration","DEFINES",1,"",0
"File:exploration_strategies/OU_Noise_Exploration.py","Method:exploration_strategies/OU_Noise_Exploration.py:OU_Noise_Exploration.__init__#2","DEFINES",1,"",0
"Class:exploration_strategies/OU_Noise_Exploration.py:OU_Noise_Exploration","Method:exploration_strategies/OU_Noise_Exploration.py:OU_Noise_Exploration.__init__#2","HAS_METHOD",1,"",0
"File:exploration_strategies/OU_Noise_Exploration.py","Method:exploration_strategies/OU_Noise_Exploration.py:OU_Noise_Exploration.perturb_action_for_exploration_purposes#1","DEFINES",1,"",0
"Class:exploration_strategies/OU_Noise_Exploration.py:OU_Noise_Exploration","Method:exploration_strategies/OU_Noise_Exploration.py:OU_Noise_Exploration.perturb_action_for_exploration_purposes#1","HAS_METHOD",1,"",0
"File:exploration_strategies/OU_Noise_Exploration.py","Variable:exploration_strategies/OU_Noise_Exploration.py:action","DEFINES",1,"",0
"File:exploration_strategies/OU_Noise_Exploration.py","Method:exploration_strategies/OU_Noise_Exploration.py:OU_Noise_Exploration.add_exploration_rewards#1","DEFINES",1,"",0
"Class:exploration_strategies/OU_Noise_Exploration.py:OU_Noise_Exploration","Method:exploration_strategies/OU_Noise_Exploration.py:OU_Noise_Exploration.add_exploration_rewards#1","HAS_METHOD",1,"",0
"File:exploration_strategies/OU_Noise_Exploration.py","Method:exploration_strategies/OU_Noise_Exploration.py:OU_Noise_Exploration.reset#0","DEFINES",1,"",0
"Class:exploration_strategies/OU_Noise_Exploration.py:OU_Noise_Exploration","Method:exploration_strategies/OU_Noise_Exploration.py:OU_Noise_Exploration.reset#0","HAS_METHOD",1,"",0
"File:utilities/OU_Noise.py","Class:utilities/OU_Noise.py:OU_Noise","DEFINES",1,"",0
"File:utilities/OU_Noise.py","Method:utilities/OU_Noise.py:OU_Noise.__init__#5","DEFINES",1,"",0
"Class:utilities/OU_Noise.py:OU_Noise","Method:utilities/OU_Noise.py:OU_Noise.__init__#5","HAS_METHOD",1,"",0
"File:utilities/OU_Noise.py","Method:utilities/OU_Noise.py:OU_Noise.reset#0","DEFINES",1,"",0
"Class:utilities/OU_Noise.py:OU_Noise","Method:utilities/OU_Noise.py:OU_Noise.reset#0","HAS_METHOD",1,"",0
"File:utilities/OU_Noise.py","Method:utilities/OU_Noise.py:OU_Noise.sample#0","DEFINES",1,"",0
"Class:utilities/OU_Noise.py:OU_Noise","Method:utilities/OU_Noise.py:OU_Noise.sample#0","HAS_METHOD",1,"",0
"File:utilities/OU_Noise.py","Variable:utilities/OU_Noise.py:dx","DEFINES",1,"",0
"File:utilities/Parallel_Experience_Generator.py","Class:utilities/Parallel_Experience_Generator.py:Parallel_Experience_Generator","DEFINES",1,"",0
"File:utilities/Parallel_Experience_Generator.py","Method:utilities/Parallel_Experience_Generator.py:Parallel_Experience_Generator.__init__#7","DEFINES",1,"",0
"Class:utilities/Parallel_Experience_Generator.py:Parallel_Experience_Generator","Method:utilities/Parallel_Experience_Generator.py:Parallel_Experience_Generator.__init__#7","HAS_METHOD",1,"",0
"File:utilities/Parallel_Experience_Generator.py","Method:utilities/Parallel_Experience_Generator.py:Parallel_Experience_Generator.play_n_episodes#2","DEFINES",1,"",0
"Class:utilities/Parallel_Experience_Generator.py:Parallel_Experience_Generator","Method:utilities/Parallel_Experience_Generator.py:Parallel_Experience_Generator.play_n_episodes#2","HAS_METHOD",1,"",0
"File:utilities/Parallel_Experience_Generator.py","Variable:utilities/Parallel_Experience_Generator.py:results","DEFINES",1,"",0
"File:utilities/Parallel_Experience_Generator.py","Variable:utilities/Parallel_Experience_Generator.py:states_for_all_episodes","DEFINES",1,"",0
"File:utilities/Parallel_Experience_Generator.py","Variable:utilities/Parallel_Experience_Generator.py:actions_for_all_episodes","DEFINES",1,"",0
"File:utilities/Parallel_Experience_Generator.py","Variable:utilities/Parallel_Experience_Generator.py:rewards_for_all_episodes","DEFINES",1,"",0
"File:utilities/Parallel_Experience_Generator.py","Variable:utilities/Parallel_Experience_Generator.py:objects_for_all_episodes","DEFINES",1,"",0
"File:utilities/Parallel_Experience_Generator.py","Method:utilities/Parallel_Experience_Generator.py:Parallel_Experience_Generator.__call__#1","DEFINES",1,"",0
"Class:utilities/Parallel_Experience_Generator.py:Parallel_Experience_Generator","Method:utilities/Parallel_Experience_Generator.py:Parallel_Experience_Generator.__call__#1","HAS_METHOD",1,"",0
"File:utilities/Parallel_Experience_Generator.py","Variable:utilities/Parallel_Experience_Generator.py:exploration","DEFINES",1,"",0
"File:utilities/Parallel_Experience_Generator.py","Method:utilities/Parallel_Experience_Generator.py:Parallel_Experience_Generator.play_1_episode#1","DEFINES",1,"",0
"Class:utilities/Parallel_Experience_Generator.py:Parallel_Experience_Generator","Method:utilities/Parallel_Experience_Generator.py:Parallel_Experience_Generator.play_1_episode#1","HAS_METHOD",1,"",0
"File:utilities/Parallel_Experience_Generator.py","Variable:utilities/Parallel_Experience_Generator.py:state","DEFINES",1,"",0
"File:utilities/Parallel_Experience_Generator.py","Variable:utilities/Parallel_Experience_Generator.py:done","DEFINES",1,"",0
"File:utilities/Parallel_Experience_Generator.py","Variable:utilities/Parallel_Experience_Generator.py:episode_states","DEFINES",1,"",0
"File:utilities/Parallel_Experience_Generator.py","Variable:utilities/Parallel_Experience_Generator.py:episode_actions","DEFINES",1,"",0
"File:utilities/Parallel_Experience_Generator.py","Variable:utilities/Parallel_Experience_Generator.py:episode_rewards","DEFINES",1,"",0
"File:utilities/Parallel_Experience_Generator.py","Variable:utilities/Parallel_Experience_Generator.py:objects","DEFINES",1,"",0
"File:utilities/Parallel_Experience_Generator.py","Variable:utilities/Parallel_Experience_Generator.py:action","DEFINES",1,"",0
"File:utilities/Parallel_Experience_Generator.py","Variable:utilities/Parallel_Experience_Generator.py:reward","DEFINES",1,"",0
"File:utilities/Parallel_Experience_Generator.py","Method:utilities/Parallel_Experience_Generator.py:Parallel_Experience_Generator.reset_game#0","DEFINES",1,"",0
"Class:utilities/Parallel_Experience_Generator.py:Parallel_Experience_Generator","Method:utilities/Parallel_Experience_Generator.py:Parallel_Experience_Generator.reset_game#0","HAS_METHOD",1,"",0
"File:utilities/Parallel_Experience_Generator.py","Variable:utilities/Parallel_Experience_Generator.py:seed","DEFINES",1,"",0
"File:utilities/Parallel_Experience_Generator.py","Method:utilities/Parallel_Experience_Generator.py:Parallel_Experience_Generator.pick_action#3","DEFINES",1,"",0
"Class:utilities/Parallel_Experience_Generator.py:Parallel_Experience_Generator","Method:utilities/Parallel_Experience_Generator.py:Parallel_Experience_Generator.pick_action#3","HAS_METHOD",1,"",0
"File:utilities/Parallel_Experience_Generator.py","Variable:utilities/Parallel_Experience_Generator.py:actor_output","DEFINES",1,"",0
"File:utilities/Parallel_Experience_Generator.py","Variable:utilities/Parallel_Experience_Generator.py:action_distribution","DEFINES",1,"",0
"File:utilities/Utility_Class.py","Variable:utilities/Utility_Class.py:font","DEFINES",1,"",0
"File:utilities/Utility_Class.py","Class:utilities/Utility_Class.py:PlotFigure","DEFINES",1,"",0
"File:utilities/Utility_Class.py","Method:utilities/Utility_Class.py:PlotFigure.__init__#0","DEFINES",1,"",0
"Class:utilities/Utility_Class.py:PlotFigure","Method:utilities/Utility_Class.py:PlotFigure.__init__#0","HAS_METHOD",1,"",0
"File:utilities/Utility_Class.py","Method:utilities/Utility_Class.py:PlotFigure.Pareto_figure#5","DEFINES",1,"",0
"Class:utilities/Utility_Class.py:PlotFigure","Method:utilities/Utility_Class.py:PlotFigure.Pareto_figure#5","HAS_METHOD",1,"",0
"File:utilities/Utility_Class.py","Variable:utilities/Utility_Class.py:color_symbols","DEFINES",1,"",0
"File:utilities/Utility_Class.py","Variable:utilities/Utility_Class.py:marker_symbols","DEFINES",1,"",0
"File:utilities/Utility_Class.py","Variable:utilities/Utility_Class.py:indexed","DEFINES",1,"",0
"File:utilities/Utility_Class.py","Variable:utilities/Utility_Class.py:algorithm_data","DEFINES",1,"",0
"File:utilities/Utility_Class.py","Variable:utilities/Utility_Class.py:algorithm_index","DEFINES",1,"",0
"File:utilities/Utility_Class.py","Method:utilities/Utility_Class.py:PlotFigure.Pareto_figure_2D#6","DEFINES",1,"",0
"Class:utilities/Utility_Class.py:PlotFigure","Method:utilities/Utility_Class.py:PlotFigure.Pareto_figure_2D#6","HAS_METHOD",1,"",0
"File:utilities/Utility_Class.py","Variable:utilities/Utility_Class.py:objectives_list","DEFINES",1,"",0
"File:utilities/Utility_Class.py","Method:utilities/Utility_Class.py:PlotFigure.Pareto_figure_3D#5","DEFINES",1,"",0
"Class:utilities/Utility_Class.py:PlotFigure","Method:utilities/Utility_Class.py:PlotFigure.Pareto_figure_3D#5","HAS_METHOD",1,"",0
"File:utilities/Utility_Class.py","Variable:utilities/Utility_Class.py:fig","DEFINES",1,"",0
"File:utilities/Utility_Class.py","Variable:utilities/Utility_Class.py:ax","DEFINES",1,"",0
"File:utilities/Utility_Class.py","Variable:utilities/Utility_Class.py:formatter","DEFINES",1,"",0
"File:utilities/Utility_Class.py","Class:utilities/Utility_Class.py:DataProcess","DEFINES",1,"",0
"File:utilities/Utility_Class.py","Method:utilities/Utility_Class.py:DataProcess.__init__#0","DEFINES",1,"",0
"Class:utilities/Utility_Class.py:DataProcess","Method:utilities/Utility_Class.py:DataProcess.__init__#0","HAS_METHOD",1,"",0
"File:utilities/Utility_Class.py","Method:utilities/Utility_Class.py:DataProcess.normalized_data#2","DEFINES",1,"",0
"Class:utilities/Utility_Class.py:DataProcess","Method:utilities/Utility_Class.py:DataProcess.normalized_data#2","HAS_METHOD",1,"",0
"File:utilities/Utility_Class.py","Variable:utilities/Utility_Class.py:max_values","DEFINES",1,"",0
"File:utilities/Utility_Class.py","Variable:utilities/Utility_Class.py:data","DEFINES",1,"",0
"File:utilities/Utility_Class.py","Variable:utilities/Utility_Class.py:normalized_data","DEFINES",1,"",0
"File:utilities/Utility_Class.py","Method:utilities/Utility_Class.py:DataProcess.filter_pareto_front#1","DEFINES",1,"",0
"Class:utilities/Utility_Class.py:DataProcess","Method:utilities/Utility_Class.py:DataProcess.filter_pareto_front#1","HAS_METHOD",1,"",0
"File:utilities/Utility_Class.py","Variable:utilities/Utility_Class.py:population","DEFINES",1,"",0
"File:utilities/Utility_Class.py","Variable:utilities/Utility_Class.py:pareto_front","DEFINES",1,"",0
"File:utilities/Utility_Class.py","Variable:utilities/Utility_Class.py:n","DEFINES",1,"",0
"File:utilities/Utility_Class.py","Variable:utilities/Utility_Class.py:dominated","DEFINES",1,"",0
"File:utilities/Utility_Class.py","Method:utilities/Utility_Class.py:DataProcess.pareto_count_delete_one#2","DEFINES",1,"",0
"Class:utilities/Utility_Class.py:DataProcess","Method:utilities/Utility_Class.py:DataProcess.pareto_count_delete_one#2","HAS_METHOD",1,"",0
"File:utilities/Utility_Class.py","Variable:utilities/Utility_Class.py:solutions_pareto","DEFINES",1,"",0
"File:utilities/Utility_Class.py","Method:utilities/Utility_Class.py:DataProcess.to_numpy_array#1","DEFINES",1,"",0
"Class:utilities/Utility_Class.py:DataProcess","Method:utilities/Utility_Class.py:DataProcess.to_numpy_array#1","HAS_METHOD",1,"",0
"File:utilities/Utility_Class.py","Method:utilities/Utility_Class.py:DataProcess.distance_square#2","DEFINES",1,"",0
"Class:utilities/Utility_Class.py:DataProcess","Method:utilities/Utility_Class.py:DataProcess.distance_square#2","HAS_METHOD",1,"",0
"File:utilities/Utility_Class.py","Method:utilities/Utility_Class.py:DataProcess.calculate_igd#2","DEFINES",1,"",0
"Class:utilities/Utility_Class.py:DataProcess","Method:utilities/Utility_Class.py:DataProcess.calculate_igd#2","HAS_METHOD",1,"",0
"File:utilities/Utility_Class.py","Variable:utilities/Utility_Class.py:true_front","DEFINES",1,"",0
"File:utilities/Utility_Class.py","Variable:utilities/Utility_Class.py:igd","DEFINES",1,"",0
"File:utilities/Utility_Class.py","Variable:utilities/Utility_Class.py:min_distance","DEFINES",1,"",0
"File:utilities/Utility_Class.py","Variable:utilities/Utility_Class.py:distance","DEFINES",1,"",0
"File:utilities/Utility_Class.py","Method:utilities/Utility_Class.py:DataProcess.calculate_gd#2","DEFINES",1,"",0
"Class:utilities/Utility_Class.py:DataProcess","Method:utilities/Utility_Class.py:DataProcess.calculate_gd#2","HAS_METHOD",1,"",0
"File:utilities/Utility_Class.py","Variable:utilities/Utility_Class.py:gd","DEFINES",1,"",0
"File:utilities/Utility_Class.py","Method:utilities/Utility_Class.py:DataProcess.calculate_spread#2","DEFINES",1,"",0
"Class:utilities/Utility_Class.py:DataProcess","Method:utilities/Utility_Class.py:DataProcess.calculate_spread#2","HAS_METHOD",1,"",0
"File:utilities/Utility_Class.py","Variable:utilities/Utility_Class.py:diaa","DEFINES",1,"",0
"File:utilities/Utility_Class.py","Variable:utilities/Utility_Class.py:daa","DEFINES",1,"",0
"File:utilities/Utility_Class.py","Variable:utilities/Utility_Class.py:min_objectives_population","DEFINES",1,"",0
"File:utilities/Utility_Class.py","Variable:utilities/Utility_Class.py:min_objectives_true_front","DEFINES",1,"",0
"File:utilities/Utility_Class.py","Variable:utilities/Utility_Class.py:min_index_population","DEFINES",1,"",0
"File:utilities/Utility_Class.py","Variable:utilities/Utility_Class.py:min_index_true_front","DEFINES",1,"",0
"File:utilities/Utility_Class.py","Variable:utilities/Utility_Class.py:distance_sum","DEFINES",1,"",0
"File:utilities/Utility_Class.py","Variable:utilities/Utility_Class.py:spread","DEFINES",1,"",0
"File:utilities/Utility_Class.py","Method:utilities/Utility_Class.py:DataProcess.pickle_save#2","DEFINES",1,"",0
"Class:utilities/Utility_Class.py:DataProcess","Method:utilities/Utility_Class.py:DataProcess.pickle_save#2","HAS_METHOD",1,"",0
"File:utilities/Utility_Class.py","Variable:utilities/Utility_Class.py:file_pkl","DEFINES",1,"",0
"File:utilities/Utility_Class.py","Method:utilities/Utility_Class.py:DataProcess.pickle_read#1","DEFINES",1,"",0
"Class:utilities/Utility_Class.py:DataProcess","Method:utilities/Utility_Class.py:DataProcess.pickle_read#1","HAS_METHOD",1,"",0
"File:utilities/Utility_Class.py","Variable:utilities/Utility_Class.py:loaded_solutions","DEFINES",1,"",0
"File:utilities/Utility_Class.py","Method:utilities/Utility_Class.py:DataProcess.csv_read#2","DEFINES",1,"",0
"Class:utilities/Utility_Class.py:DataProcess","Method:utilities/Utility_Class.py:DataProcess.csv_read#2","HAS_METHOD",1,"",0
"File:utilities/Utility_Class.py","Variable:utilities/Utility_Class.py:data_frame","DEFINES",1,"",0
"File:utilities/Utility_Class.py","Variable:utilities/Utility_Class.py:column_data","DEFINES",1,"",0
"File:utilities/Utility_Class.py","Class:utilities/Utility_Class.py:PlotCsvCurve","DEFINES",1,"",0
"File:utilities/Utility_Class.py","Method:utilities/Utility_Class.py:PlotCsvCurve.__init__#3","DEFINES",1,"",0
"Class:utilities/Utility_Class.py:PlotCsvCurve","Method:utilities/Utility_Class.py:PlotCsvCurve.__init__#3","HAS_METHOD",1,"",0
"File:utilities/Utility_Class.py","Method:utilities/Utility_Class.py:PlotCsvCurve.plot_csv_data#0","DEFINES",1,"",0
"Class:utilities/Utility_Class.py:PlotCsvCurve","Method:utilities/Utility_Class.py:PlotCsvCurve.plot_csv_data#0","HAS_METHOD",1,"",0
"File:utilities/Utility_Class.py","Variable:utilities/Utility_Class.py:x_data","DEFINES",1,"",0
"File:utilities/Utility_Class.py","Variable:utilities/Utility_Class.py:y_data","DEFINES",1,"",0
"File:utilities/Utility_Class.py","Variable:utilities/Utility_Class.py:reader","DEFINES",1,"",0
"File:utilities/Utility_Class.py","Variable:utilities/Utility_Class.py:header","DEFINES",1,"",0
"File:utilities/Utility_Class.py","Variable:utilities/Utility_Class.py:x_index","DEFINES",1,"",0
"File:utilities/Utility_Class.py","Variable:utilities/Utility_Class.py:y_index","DEFINES",1,"",0
"File:utilities/Utility_Class.py","Class:utilities/Utility_Class.py:MyError","DEFINES",1,"",0
"File:utilities/Utility_Class.py","Method:utilities/Utility_Class.py:MyError.__init__#1","DEFINES",1,"",0
"Class:utilities/Utility_Class.py:MyError","Method:utilities/Utility_Class.py:MyError.__init__#1","HAS_METHOD",1,"",0
"File:utilities/Utility_Class.py","Class:utilities/Utility_Class.py:FigGan","DEFINES",1,"",0
"File:utilities/Utility_Class.py","Method:utilities/Utility_Class.py:FigGan.__init__#1","DEFINES",1,"",0
"Class:utilities/Utility_Class.py:FigGan","Method:utilities/Utility_Class.py:FigGan.__init__#1","HAS_METHOD",1,"",0
"File:utilities/Utility_Class.py","Method:utilities/Utility_Class.py:FigGan.figure#0","DEFINES",1,"",0
"Class:utilities/Utility_Class.py:FigGan","Method:utilities/Utility_Class.py:FigGan.figure#0","HAS_METHOD",1,"",0
"File:utilities/Utility_Class.py","Variable:utilities/Utility_Class.py:width","DEFINES",1,"",0
"File:utilities/Utility_Class.py","Variable:utilities/Utility_Class.py:colors","DEFINES",1,"",0
"File:utilities/Utility_Class.py","Variable:utilities/Utility_Class.py:kinds","DEFINES",1,"",0
"File:utilities/Utility_Class.py","Variable:utilities/Utility_Class.py:machines","DEFINES",1,"",0
"File:utilities/Utility_Class.py","Variable:utilities/Utility_Class.py:kind","DEFINES",1,"",0
"File:utilities/Utility_Class.py","Variable:utilities/Utility_Class.py:bar_width","DEFINES",1,"",0
"File:utilities/Utility_Class.py","Variable:utilities/Utility_Class.py:bar_mid","DEFINES",1,"",0
"File:utilities/Utility_Class.py","Variable:utilities/Utility_Class.py:legend_patches","DEFINES",1,"",0
"File:utilities/Utility_Class.py","Method:utilities/Utility_Class.py:FigGan.figure_gpt#0","DEFINES",1,"",0
"Class:utilities/Utility_Class.py:FigGan","Method:utilities/Utility_Class.py:FigGan.figure_gpt#0","HAS_METHOD",1,"",0
"File:utilities/Utility_Class.py","Method:utilities/Utility_Class.py:FigGan.figure_gpt_breakdown#0","DEFINES",1,"",0
"Class:utilities/Utility_Class.py:FigGan","Method:utilities/Utility_Class.py:FigGan.figure_gpt_breakdown#0","HAS_METHOD",1,"",0
"File:utilities/Utility_Class.py","Variable:utilities/Utility_Class.py:breakdown_hatch","DEFINES",1,"",0
"File:utilities/Utility_Class.py","Variable:utilities/Utility_Class.py:breakdowns","DEFINES",1,"",0
"File:utilities/Utility_Class.py","Class:utilities/Utility_Class.py:AddData","DEFINES",1,"",0
"File:utilities/Utility_Class.py","Method:utilities/Utility_Class.py:AddData.__init__#1","DEFINES",1,"",0
"Class:utilities/Utility_Class.py:AddData","Method:utilities/Utility_Class.py:AddData.__init__#1","HAS_METHOD",1,"",0
"File:utilities/Utility_Class.py","Method:utilities/Utility_Class.py:AddData.add_data#1","DEFINES",1,"",0
"Class:utilities/Utility_Class.py:AddData","Method:utilities/Utility_Class.py:AddData.add_data#1","HAS_METHOD",1,"",0
"File:utilities/Utility_Class.py","Variable:utilities/Utility_Class.py:writer","DEFINES",1,"",0
"File:utilities/Utility_Class.py","Class:utilities/Utility_Class.py:Data","DEFINES",1,"",0
"File:utilities/Utility_Class.py","Method:utilities/Utility_Class.py:Data.__init__#2","DEFINES",1,"",0
"Class:utilities/Utility_Class.py:Data","Method:utilities/Utility_Class.py:Data.__init__#2","HAS_METHOD",1,"",0
"File:utilities/Utility_Class.py","Method:utilities/Utility_Class.py:Data.process#0","DEFINES",1,"",0
"Class:utilities/Utility_Class.py:Data","Method:utilities/Utility_Class.py:Data.process#0","HAS_METHOD",1,"",0
"File:utilities/Utility_Class.py","Variable:utilities/Utility_Class.py:kind_task_tuple","DEFINES",1,"",0
"File:utilities/Utility_Class.py","Variable:utilities/Utility_Class.py:kind_task_m_dict","DEFINES",1,"",0
"File:utilities/Utility_Class.py","Variable:utilities/Utility_Class.py:time_mrj_dict","DEFINES",1,"",0
"File:utilities/Utility_Class.py","Variable:utilities/Utility_Class.py:time_rj_dict","DEFINES",1,"",0
"File:utilities/Utility_Class.py","Method:utilities/Utility_Class.py:Data.str_int_tuple#1","DEFINES",1,"",0
"Class:utilities/Utility_Class.py:Data","Method:utilities/Utility_Class.py:Data.str_int_tuple#1","HAS_METHOD",1,"",0
"File:utilities/Utility_Class.py","Variable:utilities/Utility_Class.py:nums","DEFINES",1,"",0
"File:utilities/Utility_Class.py","Method:utilities/Utility_Class.py:Data.str_int#1","DEFINES",1,"",0
"Class:utilities/Utility_Class.py:Data","Method:utilities/Utility_Class.py:Data.str_int#1","HAS_METHOD",1,"",0
"File:utilities/Utility_Class.py","Method:utilities/Utility_Class.py:Data.read#1","DEFINES",1,"",0
"Class:utilities/Utility_Class.py:Data","Method:utilities/Utility_Class.py:Data.read#1","HAS_METHOD",1,"",0
"File:utilities/Utility_Class.py","Variable:utilities/Utility_Class.py:data_file","DEFINES",1,"",0
"File:utilities/Utility_Class.py","Variable:utilities/Utility_Class.py:rows","DEFINES",1,"",0
"File:utilities/Utility_Class.py","Variable:utilities/Utility_Class.py:kind_count","DEFINES",1,"",0
"File:utilities/Utility_Class.py","Variable:utilities/Utility_Class.py:machine_count","DEFINES",1,"",0
"File:utilities/Utility_Class.py","Variable:utilities/Utility_Class.py:order_count","DEFINES",1,"",0
"File:utilities/Utility_Class.py","Variable:utilities/Utility_Class.py:DDT","DEFINES",1,"",0
"File:utilities/Utility_Class.py","Variable:utilities/Utility_Class.py:task_r_dict","DEFINES",1,"",0
"File:utilities/Utility_Class.py","Variable:utilities/Utility_Class.py:machine_rj_dict","DEFINES",1,"",0
"File:utilities/Utility_Class.py","Variable:utilities/Utility_Class.py:time_rjm_dict","DEFINES",1,"",0
"File:utilities/Utility_Class.py","Variable:utilities/Utility_Class.py:task","DEFINES",1,"",0
"File:utilities/Utility_Class.py","Variable:utilities/Utility_Class.py:machine_str","DEFINES",1,"",0
"File:utilities/Utility_Class.py","Variable:utilities/Utility_Class.py:time_str","DEFINES",1,"",0
"File:utilities/Utility_Class.py","Variable:utilities/Utility_Class.py:time_machine","DEFINES",1,"",0
"File:utilities/Utility_Class.py","Variable:utilities/Utility_Class.py:count_sr_dict","DEFINES",1,"",0
"File:utilities/Utility_Class.py","Variable:utilities/Utility_Class.py:time_arrive_s_dict","DEFINES",1,"",0
"File:utilities/Utility_Class.py","Variable:utilities/Utility_Class.py:time_delivery_s_dict","DEFINES",1,"",0
"File:utilities/Utility_Class.py","Variable:utilities/Utility_Class.py:order","DEFINES",1,"",0
"File:utilities/Utility_Class.py","Variable:utilities/Utility_Class.py:time_arrive","DEFINES",1,"",0
"File:utilities/Utility_Class.py","Variable:utilities/Utility_Class.py:time_delivery","DEFINES",1,"",0
"File:utilities/Utility_Class.py","Variable:utilities/Utility_Class.py:data_process","DEFINES",1,"",0
"File:utilities/Utility_Functions.py","Function:utilities/Utility_Functions.py:abstract","DEFINES",1,"",0
"File:utilities/Utility_Functions.py","Function:utilities/Utility_Functions.py:save_score_results","DEFINES",1,"",0
"File:utilities/Utility_Functions.py","Function:utilities/Utility_Functions.py:standardized_rewards","DEFINES",1,"",0
"File:utilities/Utility_Functions.py","Variable:utilities/Utility_Functions.py:mean_reward","DEFINES",1,"",0
"File:utilities/Utility_Functions.py","Variable:utilities/Utility_Functions.py:std_reward","DEFINES",1,"",0
"File:utilities/Utility_Functions.py","Function:utilities/Utility_Functions.py:normalized_rewards","DEFINES",1,"",0
"File:utilities/Utility_Functions.py","Variable:utilities/Utility_Functions.py:max_value","DEFINES",1,"",0
"File:utilities/Utility_Functions.py","Variable:utilities/Utility_Functions.py:min_value","DEFINES",1,"",0
"File:utilities/Utility_Functions.py","Variable:utilities/Utility_Functions.py:rewards","DEFINES",1,"",0
"File:utilities/Utility_Functions.py","Function:utilities/Utility_Functions.py:create_actor_distribution","DEFINES",1,"",0
"File:utilities/Utility_Functions.py","Variable:utilities/Utility_Functions.py:action_distribution","DEFINES",1,"",0
"File:utilities/Utility_Functions.py","Variable:utilities/Utility_Functions.py:means","DEFINES",1,"",0
"File:utilities/Utility_Functions.py","Variable:utilities/Utility_Functions.py:stds","DEFINES",1,"",0
"File:utilities/Utility_Functions.py","Class:utilities/Utility_Functions.py:SharedAdam","DEFINES",1,"",0
"File:utilities/Utility_Functions.py","Method:utilities/Utility_Functions.py:SharedAdam.__init__#6","DEFINES",1,"",0
"Class:utilities/Utility_Functions.py:SharedAdam","Method:utilities/Utility_Functions.py:SharedAdam.__init__#6","HAS_METHOD",1,"",0
"File:utilities/Utility_Functions.py","Variable:utilities/Utility_Functions.py:state","DEFINES",1,"",0
"File:utilities/Utility_Functions.py","Method:utilities/Utility_Functions.py:SharedAdam.share_memory#0","DEFINES",1,"",0
"Class:utilities/Utility_Functions.py:SharedAdam","Method:utilities/Utility_Functions.py:SharedAdam.share_memory#0","HAS_METHOD",1,"",0
"File:utilities/Utility_Functions.py","Method:utilities/Utility_Functions.py:SharedAdam.step#1","DEFINES",1,"",0
"Class:utilities/Utility_Functions.py:SharedAdam","Method:utilities/Utility_Functions.py:SharedAdam.step#1","HAS_METHOD",1,"",0
"File:utilities/Utility_Functions.py","Variable:utilities/Utility_Functions.py:loss","DEFINES",1,"",0
"File:utilities/Utility_Functions.py","Variable:utilities/Utility_Functions.py:grad","DEFINES",1,"",0
"File:utilities/Utility_Functions.py","Variable:utilities/Utility_Functions.py:amsgrad","DEFINES",1,"",0
"File:utilities/Utility_Functions.py","Variable:utilities/Utility_Functions.py:max_exp_avg_sq","DEFINES",1,"",0
"File:utilities/Utility_Functions.py","Variable:utilities/Utility_Functions.py:denom","DEFINES",1,"",0
"File:utilities/Utility_Functions.py","Variable:utilities/Utility_Functions.py:bias_correction1","DEFINES",1,"",0
"File:utilities/Utility_Functions.py","Variable:utilities/Utility_Functions.py:bias_correction2","DEFINES",1,"",0
"File:utilities/Utility_Functions.py","Variable:utilities/Utility_Functions.py:step_size","DEFINES",1,"",0
"File:utilities/Utility_Functions.py","Function:utilities/Utility_Functions.py:flatten_action_id_to_actions","DEFINES",1,"",0
"File:utilities/Utility_Functions.py","Variable:utilities/Utility_Functions.py:flattened_action_id_to_actions","DEFINES",1,"",0
"File:utilities/Utility_Functions.py","Variable:utilities/Utility_Functions.py:actions","DEFINES",1,"",0
"File:utilities/Utility_Functions.py","Variable:utilities/Utility_Functions.py:raw_actions","DEFINES",1,"",0
"File:utilities/Utility_Functions.py","Function:utilities/Utility_Functions.py:backtrack_action_to_primitive_actions","DEFINES",1,"",0
"File:utilities/Utility_Functions.py","Variable:utilities/Utility_Functions.py:primitive_actions","DEFINES",1,"",0
"File:utilities/Utility_Functions.py","Variable:utilities/Utility_Functions.py:new_action_tuple","DEFINES",1,"",0
"File:utilities/Utility_Functions.py","Variable:utilities/Utility_Functions.py:converted_action","DEFINES",1,"",0
"File:utilities/data_structures/Config.py","Class:utilities/data_structures/Config.py:Config","DEFINES",1,"",0
"File:utilities/data_structures/Config.py","Method:utilities/data_structures/Config.py:Config.__init__#0","DEFINES",1,"",0
"Class:utilities/data_structures/Config.py:Config","Method:utilities/data_structures/Config.py:Config.__init__#0","HAS_METHOD",1,"",0
"File:utilities/data_structures/Config.py","Method:utilities/data_structures/Config.py:Config.hyper_parameter#0","DEFINES",1,"",0
"Class:utilities/data_structures/Config.py:Config","Method:utilities/data_structures/Config.py:Config.hyper_parameter#0","HAS_METHOD",1,"",0
"File:utilities/data_structures/Config.py","Variable:utilities/data_structures/Config.py:parameters","DEFINES",1,"",0
"File:utilities/data_structures/Replay_Buffer.py","Class:utilities/data_structures/Replay_Buffer.py:Replay_Buffer","DEFINES",1,"",0
"File:utilities/data_structures/Replay_Buffer.py","Method:utilities/data_structures/Replay_Buffer.py:Replay_Buffer.__init__#3","DEFINES",1,"",0
"Class:utilities/data_structures/Replay_Buffer.py:Replay_Buffer","Method:utilities/data_structures/Replay_Buffer.py:Replay_Buffer.__init__#3","HAS_METHOD",1,"",0
"File:utilities/data_structures/Replay_Buffer.py","Method:utilities/data_structures/Replay_Buffer.py:Replay_Buffer.add_experience#5","DEFINES",1,"",0
"Class:utilities/data_structures/Replay_Buffer.py:Replay_Buffer","Method:utilities/data_structures/Replay_Buffer.py:Replay_Buffer.add_experience#5","HAS_METHOD",1,"",0
"File:utilities/data_structures/Replay_Buffer.py","Variable:utilities/data_structures/Replay_Buffer.py:experiences","DEFINES",1,"",0
"File:utilities/data_structures/Replay_Buffer.py","Variable:utilities/data_structures/Replay_Buffer.py:experience","DEFINES",1,"",0
"File:utilities/data_structures/Replay_Buffer.py","Method:utilities/data_structures/Replay_Buffer.py:Replay_Buffer.sample#2","DEFINES",1,"",0
"Class:utilities/data_structures/Replay_Buffer.py:Replay_Buffer","Method:utilities/data_structures/Replay_Buffer.py:Replay_Buffer.sample#2","HAS_METHOD",1,"",0
"File:utilities/data_structures/Replay_Buffer.py","Method:utilities/data_structures/Replay_Buffer.py:Replay_Buffer.separate_out_data_types#1","DEFINES",1,"",0
"Class:utilities/data_structures/Replay_Buffer.py:Replay_Buffer","Method:utilities/data_structures/Replay_Buffer.py:Replay_Buffer.separate_out_data_types#1","HAS_METHOD",1,"",0
"File:utilities/data_structures/Replay_Buffer.py","Variable:utilities/data_structures/Replay_Buffer.py:states","DEFINES",1,"",0
"File:utilities/data_structures/Replay_Buffer.py","Variable:utilities/data_structures/Replay_Buffer.py:actions","DEFINES",1,"",0
"File:utilities/data_structures/Replay_Buffer.py","Variable:utilities/data_structures/Replay_Buffer.py:rewards","DEFINES",1,"",0
"File:utilities/data_structures/Replay_Buffer.py","Variable:utilities/data_structures/Replay_Buffer.py:next_states","DEFINES",1,"",0
"File:utilities/data_structures/Replay_Buffer.py","Variable:utilities/data_structures/Replay_Buffer.py:dones","DEFINES",1,"",0
"File:utilities/data_structures/Replay_Buffer.py","Method:utilities/data_structures/Replay_Buffer.py:Replay_Buffer.pick_experiences#1","DEFINES",1,"",0
"Class:utilities/data_structures/Replay_Buffer.py:Replay_Buffer","Method:utilities/data_structures/Replay_Buffer.py:Replay_Buffer.pick_experiences#1","HAS_METHOD",1,"",0
"File:utilities/data_structures/Replay_Buffer.py","Variable:utilities/data_structures/Replay_Buffer.py:batch_size","DEFINES",1,"",0
"File:utilities/data_structures/Replay_Buffer.py","Method:utilities/data_structures/Replay_Buffer.py:Replay_Buffer.__len__#0","DEFINES",1,"",0
"Class:utilities/data_structures/Replay_Buffer.py:Replay_Buffer","Method:utilities/data_structures/Replay_Buffer.py:Replay_Buffer.__len__#0","HAS_METHOD",1,"",0
"Class:agents/HMPSAC/A2C_v5.1.py:DA3C","Class:agents/Base_Agent.py:Base_Agent","EXTENDS",0.9246621004453465,"",0
"Class:agents/HMPSAC/A2C_v5.1.py:DA3C","Class:utilities/data_structures/Config.py:Config","EXTENDS",0.9246621004453465,"",0
"Class:agents/HMPSAC/A2C_v5.2.py:DA3C","Class:agents/Base_Agent.py:Base_Agent","EXTENDS",0.9246621004453465,"",0
"Class:agents/HMPSAC/A2C_v5.2.py:DA3C","Class:utilities/data_structures/Config.py:Config","EXTENDS",0.9246621004453465,"",0
"Class:agents/HMPSAC/A2C_v5.3.py:DA3C","Class:agents/Base_Agent.py:Base_Agent","EXTENDS",0.9246621004453465,"",0
"Class:agents/HMPSAC/A2C_v5.3.py:DA3C","Class:utilities/data_structures/Config.py:Config","EXTENDS",0.9246621004453465,"",0
"Class:agents/HMPSAC/SAC.py:SAC_Discrete","Class:agents/Base_Agent.py:Base_Agent","EXTENDS",0.9246621004453465,"",0
"Class:agents/HMPSAC/SAC.py:SAC_Discrete","Class:utilities/data_structures/Config.py:Config","EXTENDS",0.9246621004453465,"",0
"Class:environments/MO_DFJSP_breakdown.py:MO_DFJSP_Environment","Class:environments/class_MODFJSP.py:FJSP","EXTENDS",0.9246621004453465,"",0
"Class:environments/class_MODFJSP.py:Tasks","Class:environments/class_MODFJSP.py:Kind","EXTENDS",0.95,"",0
"Class:environments/class_MODFJSP.py:Job","Class:environments/class_MODFJSP.py:Kind","EXTENDS",0.95,"",0
"Class:environments/class_MODFJSP.py:Task","Class:environments/class_MODFJSP.py:Tasks","EXTENDS",0.95,"",0
"Class:environments/class_MODFJSP.py:Task","Class:environments/class_MODFJSP.py:Job","EXTENDS",0.95,"",0
"Class:environments/class_MODFJSP.py:FJSP","Class:environments/Instance_generate.py:Instance","EXTENDS",0.9246621004453465,"",0
"Class:environments/class_MODFJSP.py:FJSP","Class:environments/MO_DFJSP_instance_read.py:Data","EXTENDS",0.9246621004453465,"",0
"Class:exploration_strategies/Base_Exploration_Strategy.py:Base_Exploration_Strategy","Class:object","EXTENDS",0.689202437604511,"",0
"Class:exploration_strategies/Epsilon_Greedy_Exploration.py:Epsilon_Greedy_Exploration","Class:exploration_strategies/Base_Exploration_Strategy.py:Base_Exploration_Strategy","EXTENDS",0.9246621004453465,"",0
"Class:exploration_strategies/Gaussian_Exploration.py:Gaussian_Exploration","Class:exploration_strategies/Base_Exploration_Strategy.py:Base_Exploration_Strategy","EXTENDS",0.9246621004453465,"",0
"Class:exploration_strategies/OU_Noise_Exploration.py:OU_Noise_Exploration","Class:exploration_strategies/Base_Exploration_Strategy.py:Base_Exploration_Strategy","EXTENDS",0.9246621004453465,"",0
"Class:utilities/Parallel_Experience_Generator.py:Parallel_Experience_Generator","Class:object","EXTENDS",0.689202437604511,"",0
"Class:utilities/Utility_Class.py:MyError","Class:Exception","EXTENDS",0.689202437604511,"",0
"Method:utilities/Utility_Class.py:DataProcess.normalized_data#2","Method:utilities/Utility_Class.py:DataProcess.to_numpy_array#1","CALLS",0.85,"global",0
"Method:utilities/Utility_Class.py:DataProcess.normalized_data#2","Method:utilities/Utility_Class.py:DataProcess.to_numpy_array#1","CALLS",0.85,"global",0
"Method:utilities/Utility_Class.py:DataProcess.filter_pareto_front#1","Method:utilities/Utility_Class.py:DataProcess.to_numpy_array#1","CALLS",0.85,"global",0
"Method:utilities/Utility_Class.py:DataProcess.pareto_count_delete_one#2","Method:utilities/Utility_Class.py:DataProcess.filter_pareto_front#1","CALLS",0.85,"global",0
"Method:utilities/Utility_Class.py:DataProcess.calculate_igd#2","Method:utilities/Utility_Class.py:DataProcess.to_numpy_array#1","CALLS",0.85,"global",0
"Method:utilities/Utility_Class.py:DataProcess.calculate_igd#2","Method:utilities/Utility_Class.py:DataProcess.to_numpy_array#1","CALLS",0.85,"global",0
"Method:utilities/Utility_Class.py:DataProcess.calculate_igd#2","Method:utilities/Utility_Class.py:DataProcess.distance_square#2","CALLS",0.85,"global",0
"Method:utilities/Utility_Class.py:DataProcess.calculate_gd#2","Method:utilities/Utility_Class.py:DataProcess.to_numpy_array#1","CALLS",0.85,"global",0
"Method:utilities/Utility_Class.py:DataProcess.calculate_gd#2","Method:utilities/Utility_Class.py:DataProcess.to_numpy_array#1","CALLS",0.85,"global",0
"Method:utilities/Utility_Class.py:DataProcess.calculate_gd#2","Method:utilities/Utility_Class.py:DataProcess.distance_square#2","CALLS",0.85,"global",0
"Method:utilities/Utility_Class.py:DataProcess.calculate_spread#2","Method:utilities/Utility_Class.py:DataProcess.to_numpy_array#1","CALLS",0.85,"global",0
"Method:utilities/Utility_Class.py:DataProcess.calculate_spread#2","Method:utilities/Utility_Class.py:DataProcess.to_numpy_array#1","CALLS",0.85,"global",0
"Method:utilities/Utility_Class.py:DataProcess.calculate_spread#2","Method:utilities/Utility_Class.py:DataProcess.distance_square#2","CALLS",0.85,"global",0
"Method:utilities/Utility_Class.py:DataProcess.calculate_spread#2","Method:utilities/Utility_Class.py:DataProcess.distance_square#2","CALLS",0.85,"global",0
"Method:utilities/Utility_Class.py:Data.__init__#2","Method:utilities/Utility_Class.py:Data.read#1","CALLS",0.85,"global",0
"Method:utilities/Utility_Class.py:Data.__init__#2","Method:utilities/Utility_Class.py:Data.read#1","CALLS",0.85,"global",0
"Method:utilities/Utility_Class.py:Data.__init__#2","Method:utilities/Utility_Class.py:Data.read#1","CALLS",0.85,"global",0
"Method:utilities/Utility_Class.py:Data.__init__#2","Method:utilities/Utility_Class.py:Data.process#0","CALLS",0.85,"global",0
"Method:utilities/Utility_Class.py:Data.read#1","Method:utilities/Utility_Class.py:Data.str_int#1","CALLS",0.85,"global",0
"Method:utilities/Utility_Class.py:Data.read#1","Method:utilities/Utility_Class.py:Data.str_int#1","CALLS",0.85,"global",0
"Method:utilities/Utility_Class.py:Data.read#1","Method:utilities/Utility_Class.py:Data.str_int#1","CALLS",0.85,"global",0
"Method:utilities/Utility_Class.py:Data.read#1","Method:utilities/Utility_Class.py:Data.str_int#1","CALLS",0.85,"global",0
"Method:utilities/Utility_Class.py:Data.read#1","Method:utilities/Utility_Class.py:Data.str_int#1","CALLS",0.85,"global",0
"Method:utilities/Utility_Class.py:Data.read#1","Method:utilities/Utility_Class.py:Data.str_int#1","CALLS",0.85,"global",0
"Method:utilities/Utility_Class.py:Data.read#1","Method:utilities/Utility_Class.py:Data.str_int_tuple#1","CALLS",0.85,"global",0
"Method:utilities/Utility_Class.py:Data.read#1","Method:utilities/Utility_Class.py:Data.str_int_tuple#1","CALLS",0.85,"global",0
"Method:utilities/Utility_Class.py:Data.read#1","Method:utilities/Utility_Class.py:Data.str_int#1","CALLS",0.85,"global",0
"Method:utilities/Utility_Class.py:Data.read#1","Method:utilities/Utility_Class.py:Data.str_int#1","CALLS",0.85,"global",0
"Method:utilities/Utility_Class.py:Data.read#1","Method:utilities/Utility_Class.py:Data.str_int#1","CALLS",0.85,"global",0
"Method:utilities/Utility_Class.py:Data.read#1","Method:utilities/Utility_Class.py:Data.str_int_tuple#1","CALLS",0.85,"global",0
"File:utilities/Utility_Class.py","Method:utilities/Utility_Class.py:DataProcess.filter_pareto_front#1","CALLS",0.85,"global",0
"Method:utilities/Parallel_Experience_Generator.py:Parallel_Experience_Generator.__call__#1","Method:utilities/Parallel_Experience_Generator.py:Parallel_Experience_Generator.play_1_episode#1","CALLS",0.85,"global",0
"Method:utilities/Parallel_Experience_Generator.py:Parallel_Experience_Generator.play_1_episode#1","Method:utilities/Parallel_Experience_Generator.py:Parallel_Experience_Generator.pick_action#3","CALLS",0.85,"global",0
"Method:utilities/OU_Noise.py:OU_Noise.__init__#5","Method:utilities/OU_Noise.py:OU_Noise.reset#0","CALLS",0.85,"global",0
"Method:environments/MO_DFJSP_instance_read.py:Data.__init__#2","Method:environments/MO_DFJSP_instance_read.py:Data.read#1","CALLS",0.85,"global",0
"Method:environments/MO_DFJSP_instance_read.py:Data.__init__#2","Method:environments/MO_DFJSP_instance_read.py:Data.read#1","CALLS",0.85,"global",0
"Method:environments/MO_DFJSP_instance_read.py:Data.__init__#2","Method:environments/MO_DFJSP_instance_read.py:Data.read#1","CALLS",0.85,"global",0
"Method:environments/MO_DFJSP_instance_read.py:Data.__init__#2","Method:environments/MO_DFJSP_instance_read.py:Data.read#1","CALLS",0.85,"global",0
"Method:environments/MO_DFJSP_instance_read.py:Data.__init__#2","Method:environments/MO_DFJSP_instance_read.py:Data.process#0","CALLS",0.85,"global",0
"Method:environments/MO_DFJSP_instance_read.py:Data.read#1","Method:environments/MO_DFJSP_instance_read.py:Data.str_int#1","CALLS",0.85,"global",0
"Method:environments/MO_DFJSP_instance_read.py:Data.read#1","Method:environments/MO_DFJSP_instance_read.py:Data.str_int#1","CALLS",0.85,"global",0
"Method:environments/MO_DFJSP_instance_read.py:Data.read#1","Method:environments/MO_DFJSP_instance_read.py:Data.str_int#1","CALLS",0.85,"global",0
"Method:environments/MO_DFJSP_instance_read.py:Data.read#1","Method:environments/MO_DFJSP_instance_read.py:Data.str_int#1","CALLS",0.85,"global",0
"Method:environments/MO_DFJSP_instance_read.py:Data.read#1","Method:environments/MO_DFJSP_instance_read.py:Data.str_int#1","CALLS",0.85,"global",0
"Method:environments/MO_DFJSP_instance_read.py:Data.read#1","Method:environments/MO_DFJSP_instance_read.py:Data.str_int#1","CALLS",0.85,"global",0
"Method:environments/MO_DFJSP_instance_read.py:Data.read#1","Method:environments/MO_DFJSP_instance_read.py:Data.str_int#1","CALLS",0.85,"global",0
"Method:environments/MO_DFJSP_instance_read.py:Data.read#1","Method:environments/MO_DFJSP_instance_read.py:Data.str_int#1","CALLS",0.85,"global",0
"Method:environments/MO_DFJSP_instance_read.py:Data.read#1","Method:environments/MO_DFJSP_instance_read.py:Data.str_int#1","CALLS",0.85,"global",0
"Method:environments/MO_DFJSP_instance_read.py:Data.read#1","Method:environments/MO_DFJSP_instance_read.py:Data.str_int#1","CALLS",0.85,"global",0
"Method:environments/MO_DFJSP_instance_read.py:Data.read#1","Method:environments/MO_DFJSP_instance_read.py:Data.str_int_tuple#1","CALLS",0.85,"global",0
"Method:environments/MO_DFJSP_instance_read.py:Data.read#1","Method:environments/MO_DFJSP_instance_read.py:Data.str_int_tuple#1","CALLS",0.85,"global",0
"Method:environments/MO_DFJSP_instance_read.py:Data.read#1","Method:environments/MO_DFJSP_instance_read.py:Data.str_int_tuple#1","CALLS",0.85,"global",0
"Method:environments/MO_DFJSP_instance_read.py:Data.read#1","Method:environments/MO_DFJSP_instance_read.py:Data.str_int#1","CALLS",0.85,"global",0
"Method:environments/MO_DFJSP_instance_read.py:Data.read#1","Method:environments/MO_DFJSP_instance_read.py:Data.str_int#1","CALLS",0.85,"global",0
"Method:environments/MO_DFJSP_instance_read.py:Data.read#1","Method:environments/MO_DFJSP_instance_read.py:Data.str_int#1","CALLS",0.85,"global",0
"Method:environments/MO_DFJSP_instance_read.py:Data.read#1","Method:environments/MO_DFJSP_instance_read.py:Data.str_int_tuple#1","CALLS",0.85,"global",0
"Method:environments/MO_DFJSP_breakdown.py:MO_DFJSP_Environment.__init__","Method:environments/class_MODFJSP.py:FJSP.__init__","CALLS",0.85,"global",0
"Method:environments/MO_DFJSP_breakdown.py:MO_DFJSP_Environment.reset#0","Method:environments/class_MODFJSP.py:FJSP.reset_parameter#0","CALLS",0.85,"import-resolved",0
"Method:environments/MO_DFJSP_breakdown.py:MO_DFJSP_Environment.reset#0","Method:environments/class_MODFJSP.py:FJSP.reset_object_add#1","CALLS",0.85,"import-resolved",0
"Method:environments/MO_DFJSP_breakdown.py:MO_DFJSP_Environment.reset#0","Method:environments/MO_DFJSP_breakdown.py:MO_DFJSP_Environment.state_extract#0","CALLS",0.85,"global",0
"Method:environments/MO_DFJSP_breakdown.py:MO_DFJSP_Environment.reset#0","Method:environments/MO_DFJSP_breakdown.py:MO_DFJSP_Environment.state_extract#0","CALLS",0.85,"global",0
"Method:environments/MO_DFJSP_breakdown.py:MO_DFJSP_Environment.state_extract#0","Method:environments/MO_DFJSP_breakdown.py:MO_DFJSP_Environment.update_parameter#0","CALLS",0.85,"global",0
"Method:environments/MO_DFJSP_breakdown.py:MO_DFJSP_Environment.step#5","Method:environments/MO_DFJSP_breakdown.py:MO_DFJSP_Environment.task_select#1","CALLS",0.85,"global",0
"Method:environments/MO_DFJSP_breakdown.py:MO_DFJSP_Environment.step#5","Method:environments/MO_DFJSP_breakdown.py:MO_DFJSP_Environment.machine_select#2","CALLS",0.85,"global",0
"Method:environments/MO_DFJSP_breakdown.py:MO_DFJSP_Environment.step#5","Method:environments/class_MODFJSP.py:FJSP.reset_object_add#1","CALLS",0.85,"import-resolved",0
"Method:environments/MO_DFJSP_breakdown.py:MO_DFJSP_Environment.step#5","Method:environments/class_MODFJSP.py:FJSP.reset_object_add#1","CALLS",0.85,"import-resolved",0
"Method:environments/MO_DFJSP_breakdown.py:MO_DFJSP_Environment.step#5","Method:environments/MO_DFJSP_breakdown.py:MO_DFJSP_Environment.state_extract#0","CALLS",0.85,"global",0
"Method:environments/MO_DFJSP_breakdown.py:MO_DFJSP_Environment.step#5","Method:environments/MO_DFJSP_breakdown.py:MO_DFJSP_Environment.compute_reward#4","CALLS",0.85,"global",0
"Method:environments/MO_DFJSP_breakdown.py:MO_DFJSP_Environment.task_select#1","Method:environments/MO_DFJSP_breakdown.py:MO_DFJSP_Environment.energy_min_rj#1","CALLS",0.85,"global",0
"Method:environments/MO_DFJSP_breakdown.py:MO_DFJSP_Environment.task_select#1","Method:environments/MO_DFJSP_breakdown.py:MO_DFJSP_Environment.energy_min_fluid_rj#1","CALLS",0.85,"global",0
"Method:environments/MO_DFJSP_breakdown.py:MO_DFJSP_Environment.task_select#1","Method:environments/MO_DFJSP_breakdown.py:MO_DFJSP_Environment.energy_min_rj#1","CALLS",0.85,"global",0
"Method:environments/MO_DFJSP_breakdown.py:MO_DFJSP_Environment.task_select#1","Method:environments/MO_DFJSP_breakdown.py:MO_DFJSP_Environment.time_min_rj#1","CALLS",0.85,"global",0
"Method:environments/MO_DFJSP_breakdown.py:MO_DFJSP_Environment.task_select#1","Method:environments/MO_DFJSP_breakdown.py:MO_DFJSP_Environment.time_min_fluid_rj#1","CALLS",0.85,"global",0
"Method:environments/MO_DFJSP_breakdown.py:MO_DFJSP_Environment.task_select#1","Method:environments/MO_DFJSP_breakdown.py:MO_DFJSP_Environment.time_min_rj#1","CALLS",0.85,"global",0
"Method:environments/MO_DFJSP_breakdown.py:MO_DFJSP_Environment.machine_select#2","Method:environments/MO_DFJSP_breakdown.py:MO_DFJSP_Environment.machine_available_rj_selectable#1","CALLS",0.85,"global",0
"Method:environments/MO_DFJSP_breakdown.py:MO_DFJSP_Environment.machine_select#2","Method:environments/MO_DFJSP_breakdown.py:MO_DFJSP_Environment.machine_fluid_available_rj_selectable#1","CALLS",0.85,"global",0
"Method:environments/MO_DFJSP_breakdown.py:MO_DFJSP_Environment.time_min_rj#1","Method:environments/MO_DFJSP_breakdown.py:MO_DFJSP_Environment.machine_available_rj_selectable#1","CALLS",0.85,"global",0
"Method:environments/MO_DFJSP_breakdown.py:MO_DFJSP_Environment.time_min_fluid_rj#1","Method:environments/MO_DFJSP_breakdown.py:MO_DFJSP_Environment.machine_fluid_available_rj_selectable#1","CALLS",0.85,"global",0
"Method:environments/MO_DFJSP_breakdown.py:MO_DFJSP_Environment.energy_min_rj#1","Method:environments/MO_DFJSP_breakdown.py:MO_DFJSP_Environment.machine_available_rj_selectable#1","CALLS",0.85,"global",0
"Method:environments/MO_DFJSP_breakdown.py:MO_DFJSP_Environment.energy_min_fluid_rj#1","Method:environments/MO_DFJSP_breakdown.py:MO_DFJSP_Environment.machine_fluid_available_rj_selectable#1","CALLS",0.85,"global",0
"File:environments/MO_DFJSP_breakdown.py","Method:environments/MO_DFJSP_breakdown.py:MO_DFJSP_Environment.reset#0","CALLS",0.85,"global",0
"File:environments/MO_DFJSP_breakdown.py","Method:environments/MO_DFJSP_breakdown.py:MO_DFJSP_Environment.step#5","CALLS",0.85,"global",0
"Method:environments/Instance_generate.py:Instance.__init__#3","Method:environments/Instance_generate.py:Instance.process_information#0","CALLS",0.85,"global",0
"File:environments/Instance_generate.py","Method:environments/Instance_generate.py:Instance.write_file#0","CALLS",0.85,"global",0
"Method:environments/class_MODFJSP.py:Tasks.__init__#2","Method:environments/class_MODFJSP.py:Kind.__init__#1","CALLS",0.85,"global",0
"Method:environments/class_MODFJSP.py:Job.__init__#2","Method:environments/class_MODFJSP.py:Kind.__init__#1","CALLS",0.85,"global",0
"Method:environments/class_MODFJSP.py:Task.__init__#3","Method:environments/class_MODFJSP.py:Tasks.__init__#2","CALLS",0.85,"global",0
"Method:environments/class_MODFJSP.py:Task.__init__#3","Method:environments/class_MODFJSP.py:Job.__init__#2","CALLS",0.85,"global",0
"Method:environments/class_MODFJSP.py:FJSP.__init__","Method:environments/Instance_generate.py:Instance.__init__#3","CALLS",0.85,"import-resolved",0
"Method:environments/class_MODFJSP.py:FJSP.__init__","Method:environments/MO_DFJSP_instance_read.py:Data.__init__#2","CALLS",0.85,"import-resolved",0
"Method:environments/class_MODFJSP.py:FJSP.reset_object_add#1","Method:environments/class_MODFJSP.py:FJSP.fluid_model#0","CALLS",0.85,"global",0
"Method:environments/class_MODFJSP.py:FJSP.reset_object_add#1","Method:environments/class_MODFJSP.py:FJSP.reset_fluid_parameter#0","CALLS",0.85,"global",0
"Method:environments/class_MODFJSP.py:FJSP.reset_object_add#1","Method:environments/class_MODFJSP.py:FJSP.update_fluid_parameter#1","CALLS",0.85,"global",0
"Method:exploration_strategies/OU_Noise_Exploration.py:OU_Noise_Exploration.__init__#2","Method:exploration_strategies/Base_Exploration_Strategy.py:Base_Exploration_Strategy.__init__#1","CALLS",0.85,"global",0
"Method:exploration_strategies/Gaussian_Exploration.py:Gaussian_Exploration.__init__#3","Method:exploration_strategies/Base_Exploration_Strategy.py:Base_Exploration_Strategy.__init__#1","CALLS",0.85,"global",0
"Method:exploration_strategies/Epsilon_Greedy_Exploration.py:Epsilon_Greedy_Exploration.__init__#1","Method:exploration_strategies/Base_Exploration_Strategy.py:Base_Exploration_Strategy.__init__#1","CALLS",0.85,"import-resolved",0
"Method:exploration_strategies/Epsilon_Greedy_Exploration.py:Epsilon_Greedy_Exploration.perturb_action_for_exploration_purposes#1","Method:exploration_strategies/Epsilon_Greedy_Exploration.py:Epsilon_Greedy_Exploration.get_updated_epsilon_exploration#2","CALLS",0.85,"global",0
"Method:exploration_strategies/Epsilon_Greedy_Exploration.py:Epsilon_Greedy_Exploration.get_updated_epsilon_exploration#2","Method:exploration_strategies/Epsilon_Greedy_Exploration.py:Epsilon_Greedy_Exploration.calculate_epsilon_with_cyclical_strategy#1","CALLS",0.85,"global",0
"Method:utilities/data_structures/Replay_Buffer.py:Replay_Buffer.__init__#3","Variable:utilities/data_structures/Replay_Buffer.py:batch_size","ACCESSES",1,"write",0
"Method:utilities/data_structures/Replay_Buffer.py:Replay_Buffer.__init__#3","Variable:utilities/data_structures/Replay_Buffer.py:experience","ACCESSES",1,"write",0
"Method:utilities/data_structures/Replay_Buffer.py:Replay_Buffer.add_experience#5","Variable:utilities/data_structures/Replay_Buffer.py:experience","CALLS",0.85,"global",0
"Method:utilities/data_structures/Replay_Buffer.py:Replay_Buffer.add_experience#5","Variable:utilities/data_structures/Replay_Buffer.py:experience","CALLS",0.85,"global",0
"Method:utilities/data_structures/Replay_Buffer.py:Replay_Buffer.sample#2","Method:utilities/data_structures/Replay_Buffer.py:Replay_Buffer.pick_experiences#1","CALLS",0.85,"global",0
"Method:utilities/data_structures/Replay_Buffer.py:Replay_Buffer.sample#2","Method:utilities/data_structures/Replay_Buffer.py:Replay_Buffer.separate_out_data_types#1","CALLS",0.85,"global",0
"Method:utilities/data_structures/Config.py:Config.__init__#0","Method:utilities/data_structures/Config.py:Config.hyper_parameter#0","CALLS",0.85,"global",0
"File:agents/HMPSAC/SAC.py","Method:utilities/Utility_Class.py:AddData.add_data#1","CALLS",0.85,"import-resolved",0
"Method:agents/HMPSAC/SAC.py:SAC_Discrete.__init__#0","Method:agents/Base_Agent.py:Base_Agent.__init__#0","CALLS",0.85,"import-resolved",0
"Method:agents/HMPSAC/SAC.py:SAC_Discrete.__init__#0","Method:utilities/data_structures/Config.py:Config.__init__#0","CALLS",0.85,"import-resolved",0
"Method:agents/HMPSAC/SAC.py:SAC_Discrete.__init__#0","Variable:agents/HMPSAC/SAC.py:environment","ACCESSES",1,"write",0
"Method:agents/HMPSAC/SAC.py:SAC_Discrete.__init__#0","Method:agents/HMPSAC/SAC.py:SAC_Discrete.load_policy_model#0","CALLS",0.85,"global",0
"Method:agents/HMPSAC/SAC.py:SAC_Discrete.run_n_episodes#0","Variable:agents/HMPSAC/SAC.py:state","ACCESSES",1,"write",0
"Method:agents/HMPSAC/SAC.py:SAC_Discrete.run_n_episodes#0","Method:agents/HMPSAC/SAC.py:SAC_Discrete.pick_lower_action#3","CALLS",0.85,"global",0
"Method:agents/HMPSAC/SAC.py:SAC_Discrete.run_n_episodes#0","Method:agents/HMPSAC/SAC.py:SAC_Discrete.pick_lower_action#3","CALLS",0.85,"global",0
"Method:agents/HMPSAC/SAC.py:SAC_Discrete.run_n_episodes#0","Variable:agents/HMPSAC/SAC.py:state","ACCESSES",1,"write",0
"Method:agents/HMPSAC/SAC.py:SAC_Discrete.run_n_episodes#0","Variable:agents/HMPSAC/SAC.py:state","ACCESSES",1,"write",0
"Method:agents/HMPSAC/SAC.py:SAC_Discrete.run_n_episodes#0","Variable:agents/HMPSAC/SAC.py:action","ACCESSES",1,"write",0
"Method:agents/HMPSAC/SAC.py:SAC_Discrete.run_n_episodes#0","Method:agents/HMPSAC/SAC.py:SAC_Discrete.pick_action#1","CALLS",0.85,"global",0
"Method:agents/HMPSAC/SAC.py:SAC_Discrete.run_n_episodes#0","Method:agents/HMPSAC/SAC.py:SAC_Discrete.pick_lower_action#3","CALLS",0.85,"global",0
"Method:agents/HMPSAC/SAC.py:SAC_Discrete.run_n_episodes#0","Method:agents/HMPSAC/SAC.py:SAC_Discrete.pick_lower_action#3","CALLS",0.85,"global",0
"Method:agents/HMPSAC/SAC.py:SAC_Discrete.run_n_episodes#0","Method:agents/Base_Agent.py:Base_Agent.save_experience#2","CALLS",0.85,"import-resolved",0
"Method:agents/HMPSAC/SAC.py:SAC_Discrete.run_n_episodes#0","Method:agents/HMPSAC/SAC.py:SAC_Discrete.time_for_critic_and_actor_to_learn#0","CALLS",0.85,"global",0
"Method:agents/HMPSAC/SAC.py:SAC_Discrete.run_n_episodes#0","Method:agents/HMPSAC/SAC.py:SAC_Discrete.learn#0","CALLS",0.85,"global",0
"Method:agents/HMPSAC/SAC.py:SAC_Discrete.run_n_episodes#0","Variable:agents/HMPSAC/SAC.py:state","ACCESSES",1,"write",0
"Method:agents/HMPSAC/SAC.py:SAC_Discrete.pick_action#1","Method:agents/HMPSAC/SAC.py:SAC_Discrete.actor_pick_action#1","CALLS",0.85,"global",0
"Method:agents/HMPSAC/SAC.py:SAC_Discrete.actor_pick_action#1","Method:agents/HMPSAC/SAC.py:SAC_Discrete.produce_action_and_action_info#1","CALLS",0.85,"global",0
"Method:agents/HMPSAC/SAC.py:SAC_Discrete.time_for_critic_and_actor_to_learn#0","Method:agents/Base_Agent.py:Base_Agent.enough_experiences_to_learn_from#2","CALLS",0.85,"import-resolved",0
"Method:agents/HMPSAC/SAC.py:SAC_Discrete.learn#0","Method:agents/HMPSAC/SAC.py:SAC_Discrete.sample_experiences#0","CALLS",0.85,"global",0
"Method:agents/HMPSAC/SAC.py:SAC_Discrete.learn#0","Method:agents/HMPSAC/SAC.py:SAC_Discrete.calculate_critic_losses#5","CALLS",0.85,"global",0
"Method:agents/HMPSAC/SAC.py:SAC_Discrete.learn#0","Method:agents/HMPSAC/SAC.py:SAC_Discrete.update_critic_parameters#2","CALLS",0.85,"global",0
"Method:agents/HMPSAC/SAC.py:SAC_Discrete.learn#0","Method:agents/HMPSAC/SAC.py:SAC_Discrete.calculate_actor_loss#1","CALLS",0.85,"global",0
"Method:agents/HMPSAC/SAC.py:SAC_Discrete.learn#0","Method:agents/HMPSAC/SAC.py:SAC_Discrete.calculate_entropy_tuning_loss#1","CALLS",0.85,"global",0
"Method:agents/HMPSAC/SAC.py:SAC_Discrete.learn#0","Method:agents/HMPSAC/SAC.py:SAC_Discrete.update_actor_parameters#2","CALLS",0.85,"global",0
"Method:agents/HMPSAC/SAC.py:SAC_Discrete.calculate_critic_losses#5","Method:agents/HMPSAC/SAC.py:SAC_Discrete.produce_action_and_action_info#1","CALLS",0.85,"global",0
"Method:agents/HMPSAC/SAC.py:SAC_Discrete.calculate_actor_loss#1","Method:agents/HMPSAC/SAC.py:SAC_Discrete.produce_action_and_action_info#1","CALLS",0.85,"global",0
"Method:agents/HMPSAC/SAC.py:SAC_Discrete.update_critic_parameters#2","Method:agents/Base_Agent.py:Base_Agent.take_optimisation_step#5","CALLS",0.85,"import-resolved",0
"Method:agents/HMPSAC/SAC.py:SAC_Discrete.update_critic_parameters#2","Method:agents/Base_Agent.py:Base_Agent.take_optimisation_step#5","CALLS",0.85,"import-resolved",0
"Method:agents/HMPSAC/SAC.py:SAC_Discrete.update_critic_parameters#2","Method:agents/Base_Agent.py:Base_Agent.soft_update_of_target_network#3","CALLS",0.85,"import-resolved",0
"Method:agents/HMPSAC/SAC.py:SAC_Discrete.update_critic_parameters#2","Method:agents/Base_Agent.py:Base_Agent.soft_update_of_target_network#3","CALLS",0.85,"import-resolved",0
"Method:agents/HMPSAC/SAC.py:SAC_Discrete.update_actor_parameters#2","Method:agents/Base_Agent.py:Base_Agent.take_optimisation_step#5","CALLS",0.85,"import-resolved",0
"Method:agents/HMPSAC/SAC.py:SAC_Discrete.update_actor_parameters#2","Method:agents/Base_Agent.py:Base_Agent.take_optimisation_step#5","CALLS",0.85,"import-resolved",0
"File:agents/HMPSAC/SAC.py","Method:agents/HMPSAC/SAC.py:SAC_Discrete.run_n_episodes#0","CALLS",0.85,"global",0
"Method:agents/HMPSAC/Buffer.py:Replay_Buffer.__init__#1","Variable:agents/HMPSAC/Buffer.py:experience","ACCESSES",1,"write",0
"Method:agents/HMPSAC/Buffer.py:Replay_Buffer.add_experience#5","Variable:agents/HMPSAC/Buffer.py:experience","CALLS",0.85,"global",0
"Method:agents/HMPSAC/Buffer.py:Replay_Buffer.add_experience#5","Variable:agents/HMPSAC/Buffer.py:experience","CALLS",0.85,"global",0
"Method:agents/HMPSAC/Buffer.py:Replay_Buffer.sample#1","Method:agents/HMPSAC/Buffer.py:Replay_Buffer.pick_experiences#0","CALLS",0.85,"global",0
"Method:agents/HMPSAC/Buffer.py:Replay_Buffer.sample#1","Method:agents/HMPSAC/Buffer.py:Replay_Buffer.separate_out_data_types#1","CALLS",0.85,"global",0
"File:agents/HMPSAC/A2C_v5.3.py","Method:utilities/Utility_Class.py:AddData.add_data#1","CALLS",0.85,"import-resolved",0
"Method:agents/HMPSAC/A2C_v5.3.py:DA3C.__init__#0","Method:agents/Base_Agent.py:Base_Agent.__init__#0","CALLS",0.85,"import-resolved",0
"Method:agents/HMPSAC/A2C_v5.3.py:DA3C.__init__#0","Method:utilities/data_structures/Config.py:Config.__init__#0","CALLS",0.85,"import-resolved",0
"Method:agents/HMPSAC/A2C_v5.3.py:Actor_Critic_Worker.__init__#19","Variable:agents/HMPSAC/A2C_v5.3.py:critic_outputs","ACCESSES",1,"write",0
"Method:agents/HMPSAC/A2C_v5.3.py:Actor_Critic_Worker.run#0","Method:agents/HMPSAC/A2C_v5.3.py:Actor_Critic_Worker.generated_new_environment#0","CALLS",0.85,"global",0
"Method:agents/HMPSAC/A2C_v5.3.py:Actor_Critic_Worker.run#0","Method:agents/Base_Agent.py:Base_Agent.copy_model_over#2","CALLS",0.85,"import-resolved",0
"Method:agents/HMPSAC/A2C_v5.3.py:Actor_Critic_Worker.run#0","Method:agents/Base_Agent.py:Base_Agent.copy_model_over#2","CALLS",0.85,"import-resolved",0
"Method:agents/HMPSAC/A2C_v5.3.py:Actor_Critic_Worker.run#0","Method:agents/Base_Agent.py:Base_Agent.copy_model_over#2","CALLS",0.85,"import-resolved",0
"Method:agents/HMPSAC/A2C_v5.3.py:Actor_Critic_Worker.run#0","Method:agents/HMPSAC/A2C_v5.3.py:Actor_Critic_Worker.calculate_new_exploration#0","CALLS",0.85,"global",0
"Method:agents/HMPSAC/A2C_v5.3.py:Actor_Critic_Worker.run#0","Variable:agents/HMPSAC/A2C_v5.3.py:critic_outputs","ACCESSES",1,"write",0
"Method:agents/HMPSAC/A2C_v5.3.py:Actor_Critic_Worker.run#0","Method:agents/HMPSAC/A2C_v5.3.py:Actor_Critic_Worker.pick_action_and_log_prob#3","CALLS",0.85,"global",0
"Method:agents/HMPSAC/A2C_v5.3.py:Actor_Critic_Worker.run#0","Method:agents/HMPSAC/A2C_v5.3.py:Actor_Critic_Worker.pick_action_and_log_prob#3","CALLS",0.85,"global",0
"Method:agents/HMPSAC/A2C_v5.3.py:Actor_Critic_Worker.run#0","Method:agents/HMPSAC/A2C_v5.3.py:Actor_Critic_Worker.get_critic_value#2","CALLS",0.85,"global",0
"Method:agents/HMPSAC/A2C_v5.3.py:Actor_Critic_Worker.run#0","Method:agents/HMPSAC/A2C_v5.3.py:Actor_Critic_Worker.calculate_total_loss#0","CALLS",0.85,"global",0
"Method:agents/HMPSAC/A2C_v5.3.py:Actor_Critic_Worker.run#0","Method:agents/HMPSAC/A2C_v5.3.py:Actor_Critic_Worker.put_gradients_in_queue#3","CALLS",0.85,"global",0
"Method:agents/HMPSAC/A2C_v5.3.py:Actor_Critic_Worker.run#0","Method:agents/HMPSAC/A2C_v5.3.py:Actor_Critic_Worker.pick_action#2","CALLS",0.85,"global",0
"Method:agents/HMPSAC/A2C_v5.3.py:Actor_Critic_Worker.run#0","Method:agents/HMPSAC/A2C_v5.3.py:Actor_Critic_Worker.pick_action#2","CALLS",0.85,"global",0
"Method:agents/HMPSAC/A2C_v5.3.py:Actor_Critic_Worker.run#0","Method:utilities/Utility_Class.py:AddData.add_data#1","CALLS",0.85,"import-resolved",0
"Method:agents/HMPSAC/A2C_v5.3.py:Actor_Critic_Worker.run#0","Method:agents/HMPSAC/A2C_v5.3.py:Actor_Critic_Worker.save_actor_model#1","CALLS",0.85,"global",0
"Method:agents/HMPSAC/A2C_v5.3.py:Actor_Critic_Worker.pick_action_and_log_prob#3","Method:agents/HMPSAC/A2C_v5.3.py:Actor_Critic_Worker.calculate_log_action_probability#2","CALLS",0.85,"global",0
"Method:agents/HMPSAC/A2C_v5.3.py:Actor_Critic_Worker.calculate_total_loss#0","Method:agents/HMPSAC/A2C_v5.3.py:Actor_Critic_Worker.calculate_discounted_returns#0","CALLS",0.85,"global",0
"Method:agents/HMPSAC/A2C_v5.3.py:Actor_Critic_Worker.calculate_total_loss#0","Method:agents/HMPSAC/A2C_v5.3.py:Actor_Critic_Worker.normalise_discounted_returns#1","CALLS",0.85,"global",0
"Method:agents/HMPSAC/A2C_v5.3.py:Actor_Critic_Worker.calculate_total_loss#0","Method:agents/HMPSAC/A2C_v5.3.py:Actor_Critic_Worker.calculate_critic_loss_and_advantages#1","CALLS",0.85,"global",0
"Method:agents/HMPSAC/A2C_v5.3.py:Actor_Critic_Worker.calculate_total_loss#0","Method:agents/HMPSAC/A2C_v5.3.py:Actor_Critic_Worker.calculate_actor_loss#2","CALLS",0.85,"global",0
"Method:agents/HMPSAC/A2C_v5.3.py:Actor_Critic_Worker.calculate_total_loss#0","Method:agents/HMPSAC/A2C_v5.3.py:Actor_Critic_Worker.calculate_actor_loss#2","CALLS",0.85,"global",0
"File:agents/HMPSAC/A2C_v5.3.py","Method:agents/HMPSAC/A2C_v5.3.py:DA3C.run_n_episodes#0","CALLS",0.85,"global",0
"File:agents/HMPSAC/A2C_v5.2.py","Method:utilities/Utility_Class.py:AddData.add_data#1","CALLS",0.85,"import-resolved",0
"Method:agents/HMPSAC/A2C_v5.2.py:DA3C.__init__#0","Method:agents/Base_Agent.py:Base_Agent.__init__#0","CALLS",0.85,"import-resolved",0
"Method:agents/HMPSAC/A2C_v5.2.py:DA3C.__init__#0","Method:utilities/data_structures/Config.py:Config.__init__#0","CALLS",0.85,"import-resolved",0
"Method:agents/HMPSAC/A2C_v5.2.py:Actor_Critic_Worker.__init__#19","Variable:agents/HMPSAC/A2C_v5.2.py:critic_outputs","ACCESSES",1,"write",0
"Method:agents/HMPSAC/A2C_v5.2.py:Actor_Critic_Worker.run#0","Method:agents/HMPSAC/A2C_v5.2.py:Actor_Critic_Worker.generated_new_environment#0","CALLS",0.85,"global",0
"Method:agents/HMPSAC/A2C_v5.2.py:Actor_Critic_Worker.run#0","Method:agents/Base_Agent.py:Base_Agent.copy_model_over#2","CALLS",0.85,"import-resolved",0
"Method:agents/HMPSAC/A2C_v5.2.py:Actor_Critic_Worker.run#0","Method:agents/Base_Agent.py:Base_Agent.copy_model_over#2","CALLS",0.85,"import-resolved",0
"Method:agents/HMPSAC/A2C_v5.2.py:Actor_Critic_Worker.run#0","Method:agents/Base_Agent.py:Base_Agent.copy_model_over#2","CALLS",0.85,"import-resolved",0
"Method:agents/HMPSAC/A2C_v5.2.py:Actor_Critic_Worker.run#0","Method:agents/HMPSAC/A2C_v5.2.py:Actor_Critic_Worker.calculate_new_exploration#0","CALLS",0.85,"global",0
"Method:agents/HMPSAC/A2C_v5.2.py:Actor_Critic_Worker.run#0","Variable:agents/HMPSAC/A2C_v5.2.py:critic_outputs","ACCESSES",1,"write",0
"Method:agents/HMPSAC/A2C_v5.2.py:Actor_Critic_Worker.run#0","Method:agents/HMPSAC/A2C_v5.2.py:Actor_Critic_Worker.pick_action_and_log_prob#3","CALLS",0.85,"global",0
"Method:agents/HMPSAC/A2C_v5.2.py:Actor_Critic_Worker.run#0","Method:agents/HMPSAC/A2C_v5.2.py:Actor_Critic_Worker.pick_action_and_log_prob#3","CALLS",0.85,"global",0
"Method:agents/HMPSAC/A2C_v5.2.py:Actor_Critic_Worker.run#0","Method:agents/HMPSAC/A2C_v5.2.py:Actor_Critic_Worker.get_critic_value#2","CALLS",0.85,"global",0
"Method:agents/HMPSAC/A2C_v5.2.py:Actor_Critic_Worker.run#0","Method:agents/HMPSAC/A2C_v5.2.py:Actor_Critic_Worker.calculate_total_loss#0","CALLS",0.85,"global",0
"Method:agents/HMPSAC/A2C_v5.2.py:Actor_Critic_Worker.run#0","Method:agents/HMPSAC/A2C_v5.2.py:Actor_Critic_Worker.put_gradients_in_queue#3","CALLS",0.85,"global",0
"Method:agents/HMPSAC/A2C_v5.2.py:Actor_Critic_Worker.run#0","Method:agents/HMPSAC/A2C_v5.2.py:Actor_Critic_Worker.pick_action#2","CALLS",0.85,"global",0
"Method:agents/HMPSAC/A2C_v5.2.py:Actor_Critic_Worker.run#0","Method:agents/HMPSAC/A2C_v5.2.py:Actor_Critic_Worker.pick_action#2","CALLS",0.85,"global",0
"Method:agents/HMPSAC/A2C_v5.2.py:Actor_Critic_Worker.run#0","Method:utilities/Utility_Class.py:AddData.add_data#1","CALLS",0.85,"import-resolved",0
"Method:agents/HMPSAC/A2C_v5.2.py:Actor_Critic_Worker.run#0","Method:agents/HMPSAC/A2C_v5.2.py:Actor_Critic_Worker.save_actor_model#1","CALLS",0.85,"global",0
"Method:agents/HMPSAC/A2C_v5.2.py:Actor_Critic_Worker.pick_action_and_log_prob#3","Method:agents/HMPSAC/A2C_v5.2.py:Actor_Critic_Worker.calculate_log_action_probability#2","CALLS",0.85,"global",0
"Method:agents/HMPSAC/A2C_v5.2.py:Actor_Critic_Worker.calculate_total_loss#0","Method:agents/HMPSAC/A2C_v5.2.py:Actor_Critic_Worker.calculate_discounted_returns#0","CALLS",0.85,"global",0
"Method:agents/HMPSAC/A2C_v5.2.py:Actor_Critic_Worker.calculate_total_loss#0","Method:agents/HMPSAC/A2C_v5.2.py:Actor_Critic_Worker.normalise_discounted_returns#1","CALLS",0.85,"global",0
"Method:agents/HMPSAC/A2C_v5.2.py:Actor_Critic_Worker.calculate_total_loss#0","Method:agents/HMPSAC/A2C_v5.2.py:Actor_Critic_Worker.calculate_critic_loss_and_advantages#1","CALLS",0.85,"global",0
"Method:agents/HMPSAC/A2C_v5.2.py:Actor_Critic_Worker.calculate_total_loss#0","Method:agents/HMPSAC/A2C_v5.2.py:Actor_Critic_Worker.calculate_actor_loss#2","CALLS",0.85,"global",0
"Method:agents/HMPSAC/A2C_v5.2.py:Actor_Critic_Worker.calculate_total_loss#0","Method:agents/HMPSAC/A2C_v5.2.py:Actor_Critic_Worker.calculate_actor_loss#2","CALLS",0.85,"global",0
"File:agents/HMPSAC/A2C_v5.2.py","Method:agents/HMPSAC/A2C_v5.2.py:DA3C.run_n_episodes#0","CALLS",0.85,"global",0
"File:agents/HMPSAC/A2C_v5.1.py","Method:utilities/Utility_Class.py:AddData.add_data#1","CALLS",0.85,"import-resolved",0
"Method:agents/HMPSAC/A2C_v5.1.py:DA3C.__init__#0","Method:agents/Base_Agent.py:Base_Agent.__init__#0","CALLS",0.85,"import-resolved",0
"Method:agents/HMPSAC/A2C_v5.1.py:DA3C.__init__#0","Method:utilities/data_structures/Config.py:Config.__init__#0","CALLS",0.85,"import-resolved",0
"Method:agents/HMPSAC/A2C_v5.1.py:Actor_Critic_Worker.__init__#19","Variable:agents/HMPSAC/A2C_v5.1.py:critic_outputs","ACCESSES",1,"write",0
"Method:agents/HMPSAC/A2C_v5.1.py:Actor_Critic_Worker.run#0","Method:agents/HMPSAC/A2C_v5.1.py:Actor_Critic_Worker.generated_new_environment#0","CALLS",0.85,"global",0
"Method:agents/HMPSAC/A2C_v5.1.py:Actor_Critic_Worker.run#0","Method:agents/Base_Agent.py:Base_Agent.copy_model_over#2","CALLS",0.85,"import-resolved",0
"Method:agents/HMPSAC/A2C_v5.1.py:Actor_Critic_Worker.run#0","Method:agents/Base_Agent.py:Base_Agent.copy_model_over#2","CALLS",0.85,"import-resolved",0
"Method:agents/HMPSAC/A2C_v5.1.py:Actor_Critic_Worker.run#0","Method:agents/Base_Agent.py:Base_Agent.copy_model_over#2","CALLS",0.85,"import-resolved",0
"Method:agents/HMPSAC/A2C_v5.1.py:Actor_Critic_Worker.run#0","Method:agents/HMPSAC/A2C_v5.1.py:Actor_Critic_Worker.calculate_new_exploration#0","CALLS",0.85,"global",0
"Method:agents/HMPSAC/A2C_v5.1.py:Actor_Critic_Worker.run#0","Variable:agents/HMPSAC/A2C_v5.1.py:critic_outputs","ACCESSES",1,"write",0
"Method:agents/HMPSAC/A2C_v5.1.py:Actor_Critic_Worker.run#0","Method:agents/HMPSAC/A2C_v5.1.py:Actor_Critic_Worker.pick_action_and_log_prob#3","CALLS",0.85,"global",0
"Method:agents/HMPSAC/A2C_v5.1.py:Actor_Critic_Worker.run#0","Method:agents/HMPSAC/A2C_v5.1.py:Actor_Critic_Worker.pick_action_and_log_prob#3","CALLS",0.85,"global",0
"Method:agents/HMPSAC/A2C_v5.1.py:Actor_Critic_Worker.run#0","Method:agents/HMPSAC/A2C_v5.1.py:Actor_Critic_Worker.get_critic_value#2","CALLS",0.85,"global",0
"Method:agents/HMPSAC/A2C_v5.1.py:Actor_Critic_Worker.run#0","Method:agents/HMPSAC/A2C_v5.1.py:Actor_Critic_Worker.calculate_total_loss#0","CALLS",0.85,"global",0
"Method:agents/HMPSAC/A2C_v5.1.py:Actor_Critic_Worker.run#0","Method:agents/HMPSAC/A2C_v5.1.py:Actor_Critic_Worker.put_gradients_in_queue#3","CALLS",0.85,"global",0
"Method:agents/HMPSAC/A2C_v5.1.py:Actor_Critic_Worker.run#0","Method:agents/HMPSAC/A2C_v5.1.py:Actor_Critic_Worker.pick_action#2","CALLS",0.85,"global",0
"Method:agents/HMPSAC/A2C_v5.1.py:Actor_Critic_Worker.run#0","Method:agents/HMPSAC/A2C_v5.1.py:Actor_Critic_Worker.pick_action#2","CALLS",0.85,"global",0
"Method:agents/HMPSAC/A2C_v5.1.py:Actor_Critic_Worker.run#0","Method:utilities/Utility_Class.py:AddData.add_data#1","CALLS",0.85,"import-resolved",0
"Method:agents/HMPSAC/A2C_v5.1.py:Actor_Critic_Worker.run#0","Method:agents/HMPSAC/A2C_v5.1.py:Actor_Critic_Worker.save_actor_model#1","CALLS",0.85,"global",0
"Method:agents/HMPSAC/A2C_v5.1.py:Actor_Critic_Worker.pick_action_and_log_prob#3","Method:agents/HMPSAC/A2C_v5.1.py:Actor_Critic_Worker.calculate_log_action_probability#2","CALLS",0.85,"global",0
"Method:agents/HMPSAC/A2C_v5.1.py:Actor_Critic_Worker.calculate_total_loss#0","Method:agents/HMPSAC/A2C_v5.1.py:Actor_Critic_Worker.calculate_discounted_returns#0","CALLS",0.85,"global",0
"Method:agents/HMPSAC/A2C_v5.1.py:Actor_Critic_Worker.calculate_total_loss#0","Method:agents/HMPSAC/A2C_v5.1.py:Actor_Critic_Worker.normalise_discounted_returns#1","CALLS",0.85,"global",0
"Method:agents/HMPSAC/A2C_v5.1.py:Actor_Critic_Worker.calculate_total_loss#0","Method:agents/HMPSAC/A2C_v5.1.py:Actor_Critic_Worker.calculate_critic_loss_and_advantages#1","CALLS",0.85,"global",0
"Method:agents/HMPSAC/A2C_v5.1.py:Actor_Critic_Worker.calculate_total_loss#0","Method:agents/HMPSAC/A2C_v5.1.py:Actor_Critic_Worker.calculate_actor_loss#2","CALLS",0.85,"global",0
"Method:agents/HMPSAC/A2C_v5.1.py:Actor_Critic_Worker.calculate_total_loss#0","Method:agents/HMPSAC/A2C_v5.1.py:Actor_Critic_Worker.calculate_actor_loss#2","CALLS",0.85,"global",0
"File:agents/HMPSAC/A2C_v5.1.py","Method:agents/HMPSAC/A2C_v5.1.py:DA3C.run_n_episodes#0","CALLS",0.85,"global",0
"Function:utilities/Utility_Functions.py:flatten_action_id_to_actions","Function:utilities/Utility_Functions.py:backtrack_action_to_primitive_actions","CALLS",0.85,"local-call",0
"Function:utilities/Utility_Functions.py:backtrack_action_to_primitive_actions","Function:utilities/Utility_Functions.py:backtrack_action_to_primitive_actions","CALLS",0.85,"local-call",0
"Method:utilities/Parallel_Experience_Generator.py:Parallel_Experience_Generator.pick_action#3","Function:utilities/Utility_Functions.py:create_actor_distribution","CALLS",0.85,"import-resolved",0
"Method:agents/HMPSAC/SAC.py:SAC_Discrete.produce_action_and_action_info#1","Function:utilities/Utility_Functions.py:create_actor_distribution","CALLS",0.85,"import-resolved",0
"Method:agents/HMPSAC/SAC.py:SAC_Discrete.pick_lower_action#3","Function:utilities/Utility_Functions.py:create_actor_distribution","CALLS",0.85,"import-resolved",0
"Method:agents/HMPSAC/A2C_v5.3.py:Actor_Critic_Worker.pick_action_and_log_prob#3","Function:utilities/Utility_Functions.py:create_actor_distribution","CALLS",0.85,"import-resolved",0
"Method:agents/HMPSAC/A2C_v5.3.py:Actor_Critic_Worker.pick_action#2","Function:utilities/Utility_Functions.py:create_actor_distribution","CALLS",0.85,"import-resolved",0
"Method:agents/HMPSAC/A2C_v5.2.py:Actor_Critic_Worker.pick_action_and_log_prob#3","Function:utilities/Utility_Functions.py:create_actor_distribution","CALLS",0.85,"import-resolved",0
"Method:agents/HMPSAC/A2C_v5.2.py:Actor_Critic_Worker.pick_action#2","Function:utilities/Utility_Functions.py:create_actor_distribution","CALLS",0.85,"import-resolved",0
"Method:agents/HMPSAC/A2C_v5.1.py:Actor_Critic_Worker.pick_action_and_log_prob#3","Function:utilities/Utility_Functions.py:create_actor_distribution","CALLS",0.85,"import-resolved",0
"Method:agents/HMPSAC/A2C_v5.1.py:Actor_Critic_Worker.pick_action#2","Function:utilities/Utility_Functions.py:create_actor_distribution","CALLS",0.85,"import-resolved",0
"Method:utilities/Utility_Functions.py:SharedAdam.__init__#6","Method:utilities/Utility_Functions.py:SharedAdam.__init__#6","CALLS",0.53,"scope-resolution: call",0
"Method:utilities/Utility_Class.py:MyError.__init__#1","Method:utilities/Utility_Class.py:MyError.__init__#1","CALLS",0.53,"scope-resolution: call",0
"Method:environments/MO_DFJSP_instance_read.py:Data.__init__#2","Variable:environments/MO_DFJSP_instance_read.py:file_name","ACCESSES",0.51,"scope-resolution: write",0
"Method:environments/MO_DFJSP_instance_read.py:Data.__init__#2","Variable:environments/MO_DFJSP_instance_read.py:path","ACCESSES",0.51,"scope-resolution: write",0
"Method:environments/MO_DFJSP_breakdown.py:MO_DFJSP_Environment.__init__","Variable:environments/MO_DFJSP_breakdown.py:state","ACCESSES",0.51,"scope-resolution: write",0
"Method:environments/MO_DFJSP_breakdown.py:MO_DFJSP_Environment.reset#0","Variable:environments/MO_DFJSP_breakdown.py:state","ACCESSES",0.51,"scope-resolution: write",0
"Method:environments/MO_DFJSP_breakdown.py:MO_DFJSP_Environment.step#5","Variable:environments/MO_DFJSP_instance_read.py:machine","ACCESSES",0.32,"scope-resolution: write",0
"Method:environments/MO_DFJSP_breakdown.py:MO_DFJSP_Environment.step#5","Variable:environments/MO_DFJSP_breakdown.py:state","ACCESSES",0.51,"scope-resolution: write",0
"Method:environments/MO_DFJSP_breakdown.py:MO_DFJSP_Environment.step#5","Variable:environments/MO_DFJSP_breakdown.py:job_object","ACCESSES",1,"scope-resolution: write",0
"Method:environments/MO_DFJSP_breakdown.py:MO_DFJSP_Environment.step#5","Variable:environments/MO_DFJSP_breakdown.py:state","ACCESSES",0.51,"scope-resolution: write",0
"Method:environments/MO_DFJSP_breakdown.py:MO_DFJSP_Environment.step#5","Variable:environments/MO_DFJSP_breakdown.py:state","ACCESSES",0.51,"scope-resolution: write",0
"Method:environments/class_MODFJSP.py:FJSP.reset_parameter#0","Variable:environments/Instance_generate.py:kind_task_tuple","ACCESSES",0.42,"scope-resolution: write",0
"Method:environments/class_MODFJSP.py:FJSP.reset_parameter#0","Variable:environments/class_MODFJSP.py:job_object","ACCESSES",0.7,"scope-resolution: write",0
"Method:environments/class_MODFJSP.py:FJSP.reset_object_add#1","Variable:environments/MO_DFJSP_instance_read.py:time_arrive","ACCESSES",0.36,"scope-resolution: write",0
"Method:environments/class_MODFJSP.py:FJSP.reset_object_add#1","Variable:environments/class_MODFJSP.py:fluid_number","ACCESSES",0.7,"scope-resolution: write",0
"Method:agents/Base_Agent.py:Base_Agent.take_optimisation_step#5","Method:agents/Base_Agent.py:Base_Agent.step#0","CALLS",0.53,"scope-resolution: call",0
"Method:exploration_strategies/OU_Noise_Exploration.py:OU_Noise_Exploration.reset#0","Method:exploration_strategies/OU_Noise_Exploration.py:OU_Noise_Exploration.reset#0","CALLS",0.53,"scope-resolution: call",0
"Method:utilities/data_structures/Replay_Buffer.py:Replay_Buffer.pick_experiences#1","Method:utilities/data_structures/Replay_Buffer.py:Replay_Buffer.sample#2","CALLS",0.53,"scope-resolution: call",0
"Method:agents/HMPSAC/SAC.py:TaskPolicyNet.__init__#4","Method:agents/HMPSAC/SAC.py:TaskPolicyNet.__init__#4","CALLS",0.53,"scope-resolution: call",0
"Method:agents/HMPSAC/SAC.py:MachinePolicyNet.__init__#4","Method:agents/HMPSAC/SAC.py:MachinePolicyNet.__init__#4","CALLS",0.53,"scope-resolution: call",0
"Method:agents/HMPSAC/SAC.py:PolicyNet.__init__#4","Method:agents/HMPSAC/SAC.py:PolicyNet.__init__#4","CALLS",0.53,"scope-resolution: call",0
"Method:agents/HMPSAC/SAC.py:CriticNet.__init__#5","Method:agents/HMPSAC/SAC.py:CriticNet.__init__#5","CALLS",0.53,"scope-resolution: call",0
"Method:agents/HMPSAC/Buffer.py:Replay_Buffer.clear#0","Method:agents/HMPSAC/Buffer.py:Replay_Buffer.clear#0","CALLS",0.53,"scope-resolution: call",0
"Method:agents/HMPSAC/A2C_v5.3.py:TaskPolicyNet.__init__#4","Method:agents/HMPSAC/A2C_v5.3.py:TaskPolicyNet.__init__#4","CALLS",0.53,"scope-resolution: call",0
"Method:agents/HMPSAC/A2C_v5.3.py:MachinePolicyNet.__init__#4","Method:agents/HMPSAC/A2C_v5.3.py:MachinePolicyNet.__init__#4","CALLS",0.53,"scope-resolution: call",0
"Method:agents/HMPSAC/A2C_v5.3.py:CriticNet.__init__#4","Method:agents/HMPSAC/A2C_v5.3.py:CriticNet.__init__#4","CALLS",0.53,"scope-resolution: call",0
"Method:agents/HMPSAC/A2C_v5.3.py:Actor_Critic_Worker.__init__#19","Method:agents/HMPSAC/A2C_v5.3.py:Actor_Critic_Worker.__init__#19","CALLS",0.53,"scope-resolution: call",0
"Method:agents/HMPSAC/A2C_v5.2.py:TaskPolicyNet.__init__#4","Method:agents/HMPSAC/A2C_v5.2.py:TaskPolicyNet.__init__#4","CALLS",0.53,"scope-resolution: call",0
"Method:agents/HMPSAC/A2C_v5.2.py:MachinePolicyNet.__init__#4","Method:agents/HMPSAC/A2C_v5.2.py:MachinePolicyNet.__init__#4","CALLS",0.53,"scope-resolution: call",0
"Method:agents/HMPSAC/A2C_v5.2.py:CriticNet.__init__#4","Method:agents/HMPSAC/A2C_v5.2.py:CriticNet.__init__#4","CALLS",0.53,"scope-resolution: call",0
"Method:agents/HMPSAC/A2C_v5.2.py:Actor_Critic_Worker.__init__#19","Method:agents/HMPSAC/A2C_v5.2.py:Actor_Critic_Worker.__init__#19","CALLS",0.53,"scope-resolution: call",0
"Method:agents/HMPSAC/A2C_v5.1.py:TaskPolicyNet.__init__#4","Method:agents/HMPSAC/A2C_v5.1.py:TaskPolicyNet.__init__#4","CALLS",0.53,"scope-resolution: call",0
"Method:agents/HMPSAC/A2C_v5.1.py:MachinePolicyNet.__init__#4","Method:agents/HMPSAC/A2C_v5.1.py:MachinePolicyNet.__init__#4","CALLS",0.53,"scope-resolution: call",0
"Method:agents/HMPSAC/A2C_v5.1.py:CriticNet.__init__#4","Method:agents/HMPSAC/A2C_v5.1.py:CriticNet.__init__#4","CALLS",0.53,"scope-resolution: call",0
"Method:agents/HMPSAC/A2C_v5.1.py:Actor_Critic_Worker.__init__#19","Method:agents/HMPSAC/A2C_v5.1.py:Actor_Critic_Worker.__init__#19","CALLS",0.53,"scope-resolution: call",0
"File:utilities/Parallel_Experience_Generator.py","File:utilities/OU_Noise.py","IMPORTS",1,"python-scope: import",0
"File:utilities/Parallel_Experience_Generator.py","File:utilities/Utility_Functions.py","IMPORTS",1,"python-scope: import",0
"File:environments/MO_DFJSP_breakdown.py","File:environments/class_MODFJSP.py","IMPORTS",1,"python-scope: import",0
"File:environments/MO_DFJSP_breakdown.py","File:utilities/Utility_Class.py","IMPORTS",1,"python-scope: import",0
"File:environments/class_MODFJSP.py","File:environments/Instance_generate.py","IMPORTS",1,"python-scope: import",0
"File:environments/class_MODFJSP.py","File:environments/MO_DFJSP_instance_read.py","IMPORTS",1,"python-scope: import",0
"File:environments/class_MODFJSP.py","File:utilities/Utility_Class.py","IMPORTS",1,"python-scope: import",0
"File:exploration_strategies/OU_Noise_Exploration.py","File:utilities/OU_Noise.py","IMPORTS",1,"python-scope: import",0
"File:exploration_strategies/OU_Noise_Exploration.py","File:exploration_strategies/Base_Exploration_Strategy.py","IMPORTS",1,"python-scope: import",0
"File:exploration_strategies/Gaussian_Exploration.py","File:exploration_strategies/Base_Exploration_Strategy.py","IMPORTS",1,"python-scope: import",0
"File:exploration_strategies/Epsilon_Greedy_Exploration.py","File:exploration_strategies/Base_Exploration_Strategy.py","IMPORTS",1,"python-scope: import",0
"File:agents/HMPSAC/SAC.py","File:agents/Base_Agent.py","IMPORTS",1,"python-scope: import",0
"File:agents/HMPSAC/SAC.py","File:utilities/data_structures/Replay_Buffer.py","IMPORTS",1,"python-scope: import",0
"File:agents/HMPSAC/SAC.py","File:utilities/Utility_Functions.py","IMPORTS",1,"python-scope: import",0
"File:agents/HMPSAC/SAC.py","File:utilities/data_structures/Config.py","IMPORTS",1,"python-scope: import",0
"File:agents/HMPSAC/SAC.py","File:utilities/OU_Noise.py","IMPORTS",1,"python-scope: import",0
"File:agents/HMPSAC/SAC.py","File:utilities/Utility_Class.py","IMPORTS",1,"python-scope: import",0
"File:agents/HMPSAC/A2C_v5.3.py","File:agents/Base_Agent.py","IMPORTS",1,"python-scope: import",0
"File:agents/HMPSAC/A2C_v5.3.py","File:utilities/Utility_Functions.py","IMPORTS",1,"python-scope: import",0
"File:agents/HMPSAC/A2C_v5.3.py","File:utilities/data_structures/Config.py","IMPORTS",1,"python-scope: import",0
"File:agents/HMPSAC/A2C_v5.3.py","File:utilities/Utility_Class.py","IMPORTS",1,"python-scope: import",0
"File:agents/HMPSAC/A2C_v5.2.py","File:agents/Base_Agent.py","IMPORTS",1,"python-scope: import",0
"File:agents/HMPSAC/A2C_v5.2.py","File:utilities/Utility_Functions.py","IMPORTS",1,"python-scope: import",0
"File:agents/HMPSAC/A2C_v5.2.py","File:utilities/data_structures/Config.py","IMPORTS",1,"python-scope: import",0
"File:agents/HMPSAC/A2C_v5.2.py","File:utilities/Utility_Class.py","IMPORTS",1,"python-scope: import",0
"File:agents/HMPSAC/A2C_v5.1.py","File:agents/Base_Agent.py","IMPORTS",1,"python-scope: import",0
"File:agents/HMPSAC/A2C_v5.1.py","File:utilities/Utility_Functions.py","IMPORTS",1,"python-scope: import",0
"File:agents/HMPSAC/A2C_v5.1.py","File:utilities/data_structures/Config.py","IMPORTS",1,"python-scope: import",0
"File:agents/HMPSAC/A2C_v5.1.py","File:utilities/Utility_Class.py","IMPORTS",1,"python-scope: import",0
"Class:agents/Base_Agent.py:Base_Agent","comm_0","MEMBER_OF",1,"leiden-algorithm",0
"Method:agents/Base_Agent.py:Base_Agent.__init__#0","comm_1","MEMBER_OF",1,"leiden-algorithm",0
"Method:agents/Base_Agent.py:Base_Agent.step#0","comm_2","MEMBER_OF",1,"leiden-algorithm",0
"Method:agents/Base_Agent.py:Base_Agent.enough_experiences_to_learn_from#2","comm_3","MEMBER_OF",1,"leiden-algorithm",0
"Method:agents/Base_Agent.py:Base_Agent.save_experience#2","comm_3","MEMBER_OF",1,"leiden-algorithm",0
"Method:agents/Base_Agent.py:Base_Agent.take_optimisation_step#5","comm_2","MEMBER_OF",1,"leiden-algorithm",0
"Method:agents/Base_Agent.py:Base_Agent.soft_update_of_target_network#3","comm_2","MEMBER_OF",1,"leiden-algorithm",0
"Method:agents/Base_Agent.py:Base_Agent.copy_model_over#2","comm_4","MEMBER_OF",1,"leiden-algorithm",0
"Class:agents/HMPSAC/A2C_v5.1.py:DA3C","comm_0","MEMBER_OF",1,"leiden-algorithm",0
"Method:agents/HMPSAC/A2C_v5.1.py:DA3C.__init__#0","comm_1","MEMBER_OF",1,"leiden-algorithm",0
"Method:agents/HMPSAC/A2C_v5.1.py:DA3C.run_n_episodes#0","comm_5","MEMBER_OF",1,"leiden-algorithm",0
"Method:agents/HMPSAC/A2C_v5.1.py:Actor_Critic_Worker.save_actor_model#1","comm_4","MEMBER_OF",1,"leiden-algorithm",0
"Method:agents/HMPSAC/A2C_v5.1.py:Actor_Critic_Worker.generated_new_environment#0","comm_4","MEMBER_OF",1,"leiden-algorithm",0
"Method:agents/HMPSAC/A2C_v5.1.py:Actor_Critic_Worker.run#0","comm_4","MEMBER_OF",1,"leiden-algorithm",0
"Method:agents/HMPSAC/A2C_v5.1.py:Actor_Critic_Worker.calculate_new_exploration#0","comm_4","MEMBER_OF",1,"leiden-algorithm",0
"Method:agents/HMPSAC/A2C_v5.1.py:Actor_Critic_Worker.pick_action_and_log_prob#3","comm_6","MEMBER_OF",1,"leiden-algorithm",0
"Method:agents/HMPSAC/A2C_v5.1.py:Actor_Critic_Worker.pick_action#2","comm_4","MEMBER_OF",1,"leiden-algorithm",0
"Method:agents/HMPSAC/A2C_v5.1.py:Actor_Critic_Worker.get_critic_value#2","comm_4","MEMBER_OF",1,"leiden-algorithm",0
"Method:agents/HMPSAC/A2C_v5.1.py:Actor_Critic_Worker.calculate_log_action_probability#2","comm_6","MEMBER_OF",1,"leiden-algorithm",0
"Method:agents/HMPSAC/A2C_v5.1.py:Actor_Critic_Worker.calculate_total_loss#0","comm_7","MEMBER_OF",1,"leiden-algorithm",0
"Method:agents/HMPSAC/A2C_v5.1.py:Actor_Critic_Worker.calculate_discounted_returns#0","comm_7","MEMBER_OF",1,"leiden-algorithm",0
"Method:agents/HMPSAC/A2C_v5.1.py:Actor_Critic_Worker.normalise_discounted_returns#1","comm_7","MEMBER_OF",1,"leiden-algorithm",0
"Method:agents/HMPSAC/A2C_v5.1.py:Actor_Critic_Worker.calculate_critic_loss_and_advantages#1","comm_7","MEMBER_OF",1,"leiden-algorithm",0
"Method:agents/HMPSAC/A2C_v5.1.py:Actor_Critic_Worker.calculate_actor_loss#2","comm_7","MEMBER_OF",1,"leiden-algorithm",0
"Method:agents/HMPSAC/A2C_v5.1.py:Actor_Critic_Worker.put_gradients_in_queue#3","comm_4","MEMBER_OF",1,"leiden-algorithm",0
"Class:agents/HMPSAC/A2C_v5.2.py:DA3C","comm_0","MEMBER_OF",1,"leiden-algorithm",0
"Method:agents/HMPSAC/A2C_v5.2.py:DA3C.__init__#0","comm_1","MEMBER_OF",1,"leiden-algorithm",0
"Method:agents/HMPSAC/A2C_v5.2.py:DA3C.run_n_episodes#0","comm_8","MEMBER_OF",1,"leiden-algorithm",0
"Method:agents/HMPSAC/A2C_v5.2.py:Actor_Critic_Worker.save_actor_model#1","comm_9","MEMBER_OF",1,"leiden-algorithm",0
"Method:agents/HMPSAC/A2C_v5.2.py:Actor_Critic_Worker.generated_new_environment#0","comm_9","MEMBER_OF",1,"leiden-algorithm",0
"Method:agents/HMPSAC/A2C_v5.2.py:Actor_Critic_Worker.run#0","comm_9","MEMBER_OF",1,"leiden-algorithm",0
"Method:agents/HMPSAC/A2C_v5.2.py:Actor_Critic_Worker.calculate_new_exploration#0","comm_9","MEMBER_OF",1,"leiden-algorithm",0
"Method:agents/HMPSAC/A2C_v5.2.py:Actor_Critic_Worker.pick_action_and_log_prob#3","comm_9","MEMBER_OF",1,"leiden-algorithm",0
"Method:agents/HMPSAC/A2C_v5.2.py:Actor_Critic_Worker.pick_action#2","comm_9","MEMBER_OF",1,"leiden-algorithm",0
"Method:agents/HMPSAC/A2C_v5.2.py:Actor_Critic_Worker.get_critic_value#2","comm_9","MEMBER_OF",1,"leiden-algorithm",0
"Method:agents/HMPSAC/A2C_v5.2.py:Actor_Critic_Worker.calculate_log_action_probability#2","comm_9","MEMBER_OF",1,"leiden-algorithm",0
"Method:agents/HMPSAC/A2C_v5.2.py:Actor_Critic_Worker.calculate_total_loss#0","comm_10","MEMBER_OF",1,"leiden-algorithm",0
"Method:agents/HMPSAC/A2C_v5.2.py:Actor_Critic_Worker.calculate_discounted_returns#0","comm_10","MEMBER_OF",1,"leiden-algorithm",0
"Method:agents/HMPSAC/A2C_v5.2.py:Actor_Critic_Worker.normalise_discounted_returns#1","comm_10","MEMBER_OF",1,"leiden-algorithm",0
"Method:agents/HMPSAC/A2C_v5.2.py:Actor_Critic_Worker.calculate_critic_loss_and_advantages#1","comm_10","MEMBER_OF",1,"leiden-algorithm",0
"Method:agents/HMPSAC/A2C_v5.2.py:Actor_Critic_Worker.calculate_actor_loss#2","comm_10","MEMBER_OF",1,"leiden-algorithm",0
"Method:agents/HMPSAC/A2C_v5.2.py:Actor_Critic_Worker.put_gradients_in_queue#3","comm_9","MEMBER_OF",1,"leiden-algorithm",0
"Class:agents/HMPSAC/A2C_v5.3.py:DA3C","comm_0","MEMBER_OF",1,"leiden-algorithm",0
"Method:agents/HMPSAC/A2C_v5.3.py:DA3C.__init__#0","comm_1","MEMBER_OF",1,"leiden-algorithm",0
"Method:agents/HMPSAC/A2C_v5.3.py:DA3C.run_n_episodes#0","comm_11","MEMBER_OF",1,"leiden-algorithm",0
"Method:agents/HMPSAC/A2C_v5.3.py:Actor_Critic_Worker.save_actor_model#1","comm_12","MEMBER_OF",1,"leiden-algorithm",0
"Method:agents/HMPSAC/A2C_v5.3.py:Actor_Critic_Worker.generated_new_environment#0","comm_12","MEMBER_OF",1,"leiden-algorithm",0
"Method:agents/HMPSAC/A2C_v5.3.py:Actor_Critic_Worker.run#0","comm_12","MEMBER_OF",1,"leiden-algorithm",0
"Method:agents/HMPSAC/A2C_v5.3.py:Actor_Critic_Worker.calculate_new_exploration#0","comm_12","MEMBER_OF",1,"leiden-algorithm",0
"Method:agents/HMPSAC/A2C_v5.3.py:Actor_Critic_Worker.pick_action_and_log_prob#3","comm_12","MEMBER_OF",1,"leiden-algorithm",0
"Method:agents/HMPSAC/A2C_v5.3.py:Actor_Critic_Worker.pick_action#2","comm_6","MEMBER_OF",1,"leiden-algorithm",0
"Method:agents/HMPSAC/A2C_v5.3.py:Actor_Critic_Worker.get_critic_value#2","comm_12","MEMBER_OF",1,"leiden-algorithm",0
"Method:agents/HMPSAC/A2C_v5.3.py:Actor_Critic_Worker.calculate_log_action_probability#2","comm_12","MEMBER_OF",1,"leiden-algorithm",0
"Method:agents/HMPSAC/A2C_v5.3.py:Actor_Critic_Worker.calculate_total_loss#0","comm_13","MEMBER_OF",1,"leiden-algorithm",0
"Method:agents/HMPSAC/A2C_v5.3.py:Actor_Critic_Worker.calculate_discounted_returns#0","comm_13","MEMBER_OF",1,"leiden-algorithm",0
"Method:agents/HMPSAC/A2C_v5.3.py:Actor_Critic_Worker.normalise_discounted_returns#1","comm_13","MEMBER_OF",1,"leiden-algorithm",0
"Method:agents/HMPSAC/A2C_v5.3.py:Actor_Critic_Worker.calculate_critic_loss_and_advantages#1","comm_13","MEMBER_OF",1,"leiden-algorithm",0
"Method:agents/HMPSAC/A2C_v5.3.py:Actor_Critic_Worker.calculate_actor_loss#2","comm_13","MEMBER_OF",1,"leiden-algorithm",0
"Method:agents/HMPSAC/A2C_v5.3.py:Actor_Critic_Worker.put_gradients_in_queue#3","comm_12","MEMBER_OF",1,"leiden-algorithm",0
"Method:agents/HMPSAC/Buffer.py:Replay_Buffer.add_experience#5","comm_14","MEMBER_OF",1,"leiden-algorithm",0
"Method:agents/HMPSAC/Buffer.py:Replay_Buffer.sample#1","comm_15","MEMBER_OF",1,"leiden-algorithm",0
"Method:agents/HMPSAC/Buffer.py:Replay_Buffer.separate_out_data_types#1","comm_15","MEMBER_OF",1,"leiden-algorithm",0
"Method:agents/HMPSAC/Buffer.py:Replay_Buffer.pick_experiences#0","comm_15","MEMBER_OF",1,"leiden-algorithm",0
"Class:agents/HMPSAC/SAC.py:SAC_Discrete","comm_0","MEMBER_OF",1,"leiden-algorithm",0
"Method:agents/HMPSAC/SAC.py:SAC_Discrete.__init__#0","comm_1","MEMBER_OF",1,"leiden-algorithm",0
"Method:agents/HMPSAC/SAC.py:SAC_Discrete.load_policy_model#0","comm_1","MEMBER_OF",1,"leiden-algorithm",0
"Method:agents/HMPSAC/SAC.py:SAC_Discrete.run_n_episodes#0","comm_3","MEMBER_OF",1,"leiden-algorithm",0
"Method:agents/HMPSAC/SAC.py:SAC_Discrete.pick_action#1","comm_3","MEMBER_OF",1,"leiden-algorithm",0
"Method:agents/HMPSAC/SAC.py:SAC_Discrete.actor_pick_action#1","comm_3","MEMBER_OF",1,"leiden-algorithm",0
"Method:agents/HMPSAC/SAC.py:SAC_Discrete.produce_action_and_action_info#1","comm_16","MEMBER_OF",1,"leiden-algorithm",0
"Method:agents/HMPSAC/SAC.py:SAC_Discrete.pick_lower_action#3","comm_3","MEMBER_OF",1,"leiden-algorithm",0
"Method:agents/HMPSAC/SAC.py:SAC_Discrete.time_for_critic_and_actor_to_learn#0","comm_3","MEMBER_OF",1,"leiden-algorithm",0
"Method:agents/HMPSAC/SAC.py:SAC_Discrete.learn#0","comm_16","MEMBER_OF",1,"leiden-algorithm",0
"Method:agents/HMPSAC/SAC.py:SAC_Discrete.sample_experiences#0","comm_16","MEMBER_OF",1,"leiden-algorithm",0
"Method:agents/HMPSAC/SAC.py:SAC_Discrete.calculate_critic_losses#5","comm_16","MEMBER_OF",1,"leiden-algorithm",0
"Method:agents/HMPSAC/SAC.py:SAC_Discrete.calculate_actor_loss#1","comm_16","MEMBER_OF",1,"leiden-algorithm",0
"Method:agents/HMPSAC/SAC.py:SAC_Discrete.calculate_entropy_tuning_loss#1","comm_16","MEMBER_OF",1,"leiden-algorithm",0
"Method:agents/HMPSAC/SAC.py:SAC_Discrete.update_critic_parameters#2","comm_2","MEMBER_OF",1,"leiden-algorithm",0
"Method:agents/HMPSAC/SAC.py:SAC_Discrete.update_actor_parameters#2","comm_2","MEMBER_OF",1,"leiden-algorithm",0
"Class:environments/Instance_generate.py:Instance","comm_17","MEMBER_OF",1,"leiden-algorithm",0
"Method:environments/Instance_generate.py:Instance.__init__#3","comm_18","MEMBER_OF",1,"leiden-algorithm",0
"Method:environments/Instance_generate.py:Instance.process_information#0","comm_18","MEMBER_OF",1,"leiden-algorithm",0
"Method:environments/Instance_generate.py:Instance.write_file#0","comm_19","MEMBER_OF",1,"leiden-algorithm",0
"Class:environments/MO_DFJSP_breakdown.py:MO_DFJSP_Environment","comm_17","MEMBER_OF",1,"leiden-algorithm",0
"Method:environments/MO_DFJSP_breakdown.py:MO_DFJSP_Environment.__init__","comm_18","MEMBER_OF",1,"leiden-algorithm",0
"Method:environments/MO_DFJSP_breakdown.py:MO_DFJSP_Environment.reset#0","comm_20","MEMBER_OF",1,"leiden-algorithm",0
"Method:environments/MO_DFJSP_breakdown.py:MO_DFJSP_Environment.state_extract#0","comm_20","MEMBER_OF",1,"leiden-algorithm",0
"Method:environments/MO_DFJSP_breakdown.py:MO_DFJSP_Environment.update_parameter#0","comm_20","MEMBER_OF",1,"leiden-algorithm",0
"Method:environments/MO_DFJSP_breakdown.py:MO_DFJSP_Environment.step#5","comm_21","MEMBER_OF",1,"leiden-algorithm",0
"Method:environments/MO_DFJSP_breakdown.py:MO_DFJSP_Environment.task_select#1","comm_22","MEMBER_OF",1,"leiden-algorithm",0
"Method:environments/MO_DFJSP_breakdown.py:MO_DFJSP_Environment.machine_select#2","comm_23","MEMBER_OF",1,"leiden-algorithm",0
"Method:environments/MO_DFJSP_breakdown.py:MO_DFJSP_Environment.compute_reward#4","comm_21","MEMBER_OF",1,"leiden-algorithm",0
"Method:environments/MO_DFJSP_breakdown.py:MO_DFJSP_Environment.machine_available_rj_selectable#1","comm_22","MEMBER_OF",1,"leiden-algorithm",0
"Method:environments/MO_DFJSP_breakdown.py:MO_DFJSP_Environment.machine_fluid_available_rj_selectable#1","comm_23","MEMBER_OF",1,"leiden-algorithm",0
"Method:environments/MO_DFJSP_breakdown.py:MO_DFJSP_Environment.time_min_rj#1","comm_22","MEMBER_OF",1,"leiden-algorithm",0
"Method:environments/MO_DFJSP_breakdown.py:MO_DFJSP_Environment.time_min_fluid_rj#1","comm_23","MEMBER_OF",1,"leiden-algorithm",0
"Method:environments/MO_DFJSP_breakdown.py:MO_DFJSP_Environment.energy_min_rj#1","comm_22","MEMBER_OF",1,"leiden-algorithm",0
"Method:environments/MO_DFJSP_breakdown.py:MO_DFJSP_Environment.energy_min_fluid_rj#1","comm_23","MEMBER_OF",1,"leiden-algorithm",0
"Class:environments/MO_DFJSP_instance_read.py:Data","comm_17","MEMBER_OF",1,"leiden-algorithm",0
"Method:environments/MO_DFJSP_instance_read.py:Data.__init__#2","comm_24","MEMBER_OF",1,"leiden-algorithm",0
"Method:environments/MO_DFJSP_instance_read.py:Data.process#0","comm_24","MEMBER_OF",1,"leiden-algorithm",0
"Method:environments/MO_DFJSP_instance_read.py:Data.str_int_tuple#1","comm_24","MEMBER_OF",1,"leiden-algorithm",0
"Method:environments/MO_DFJSP_instance_read.py:Data.str_int#1","comm_24","MEMBER_OF",1,"leiden-algorithm",0
"Method:environments/MO_DFJSP_instance_read.py:Data.read#1","comm_24","MEMBER_OF",1,"leiden-algorithm",0
"Class:environments/class_MODFJSP.py:Kind","comm_25","MEMBER_OF",1,"leiden-algorithm",0
"Method:environments/class_MODFJSP.py:Kind.__init__#1","comm_26","MEMBER_OF",1,"leiden-algorithm",0
"Class:environments/class_MODFJSP.py:Tasks","comm_25","MEMBER_OF",1,"leiden-algorithm",0
"Method:environments/class_MODFJSP.py:Tasks.__init__#2","comm_26","MEMBER_OF",1,"leiden-algorithm",0
"Class:environments/class_MODFJSP.py:Job","comm_25","MEMBER_OF",1,"leiden-algorithm",0
"Method:environments/class_MODFJSP.py:Job.__init__#2","comm_26","MEMBER_OF",1,"leiden-algorithm",0
"Class:environments/class_MODFJSP.py:Task","comm_25","MEMBER_OF",1,"leiden-algorithm",0
"Method:environments/class_MODFJSP.py:Task.__init__#3","comm_26","MEMBER_OF",1,"leiden-algorithm",0
"Class:environments/class_MODFJSP.py:FJSP","comm_17","MEMBER_OF",1,"leiden-algorithm",0
"Method:environments/class_MODFJSP.py:FJSP.__init__","comm_18","MEMBER_OF",1,"leiden-algorithm",0
"Method:environments/class_MODFJSP.py:FJSP.reset_parameter#0","comm_20","MEMBER_OF",1,"leiden-algorithm",0
"Method:environments/class_MODFJSP.py:FJSP.reset_fluid_parameter#0","comm_21","MEMBER_OF",1,"leiden-algorithm",0
"Method:environments/class_MODFJSP.py:FJSP.reset_object_add#1","comm_21","MEMBER_OF",1,"leiden-algorithm",0
"Method:environments/class_MODFJSP.py:FJSP.fluid_model#0","comm_21","MEMBER_OF",1,"leiden-algorithm",0
"Method:environments/class_MODFJSP.py:FJSP.update_fluid_parameter#1","comm_21","MEMBER_OF",1,"leiden-algorithm",0
"Class:exploration_strategies/Base_Exploration_Strategy.py:Base_Exploration_Strategy","comm_27","MEMBER_OF",1,"leiden-algorithm",0
"Method:exploration_strategies/Base_Exploration_Strategy.py:Base_Exploration_Strategy.__init__#1","comm_28","MEMBER_OF",1,"leiden-algorithm",0
"Class:exploration_strategies/Epsilon_Greedy_Exploration.py:Epsilon_Greedy_Exploration","comm_27","MEMBER_OF",1,"leiden-algorithm",0
"Method:exploration_strategies/Epsilon_Greedy_Exploration.py:Epsilon_Greedy_Exploration.__init__#1","comm_28","MEMBER_OF",1,"leiden-algorithm",0
"Method:exploration_strategies/Epsilon_Greedy_Exploration.py:Epsilon_Greedy_Exploration.perturb_action_for_exploration_purposes#1","comm_29","MEMBER_OF",1,"leiden-algorithm",0
"Method:exploration_strategies/Epsilon_Greedy_Exploration.py:Epsilon_Greedy_Exploration.get_updated_epsilon_exploration#2","comm_29","MEMBER_OF",1,"leiden-algorithm",0
"Method:exploration_strategies/Epsilon_Greedy_Exploration.py:Epsilon_Greedy_Exploration.calculate_epsilon_with_cyclical_strategy#1","comm_29","MEMBER_OF",1,"leiden-algorithm",0
"Class:exploration_strategies/Gaussian_Exploration.py:Gaussian_Exploration","comm_27","MEMBER_OF",1,"leiden-algorithm",0
"Method:exploration_strategies/Gaussian_Exploration.py:Gaussian_Exploration.__init__#3","comm_28","MEMBER_OF",1,"leiden-algorithm",0
"Class:exploration_strategies/OU_Noise_Exploration.py:OU_Noise_Exploration","comm_27","MEMBER_OF",1,"leiden-algorithm",0
"Method:exploration_strategies/OU_Noise_Exploration.py:OU_Noise_Exploration.__init__#2","comm_28","MEMBER_OF",1,"leiden-algorithm",0
"Method:utilities/OU_Noise.py:OU_Noise.__init__#5","comm_30","MEMBER_OF",1,"leiden-algorithm",0
"Method:utilities/OU_Noise.py:OU_Noise.reset#0","comm_30","MEMBER_OF",1,"leiden-algorithm",0
"Class:utilities/Parallel_Experience_Generator.py:Parallel_Experience_Generator","comm_31","MEMBER_OF",1,"leiden-algorithm",0
"Method:utilities/Parallel_Experience_Generator.py:Parallel_Experience_Generator.__call__#1","comm_6","MEMBER_OF",1,"leiden-algorithm",0
"Method:utilities/Parallel_Experience_Generator.py:Parallel_Experience_Generator.play_1_episode#1","comm_6","MEMBER_OF",1,"leiden-algorithm",0
"Method:utilities/Parallel_Experience_Generator.py:Parallel_Experience_Generator.pick_action#3","comm_6","MEMBER_OF",1,"leiden-algorithm",0
"Method:utilities/Utility_Class.py:DataProcess.normalized_data#2","comm_32","MEMBER_OF",1,"leiden-algorithm",0
"Method:utilities/Utility_Class.py:DataProcess.filter_pareto_front#1","comm_32","MEMBER_OF",1,"leiden-algorithm",0
"Method:utilities/Utility_Class.py:DataProcess.pareto_count_delete_one#2","comm_32","MEMBER_OF",1,"leiden-algorithm",0
"Method:utilities/Utility_Class.py:DataProcess.to_numpy_array#1","comm_32","MEMBER_OF",1,"leiden-algorithm",0
"Method:utilities/Utility_Class.py:DataProcess.distance_square#2","comm_32","MEMBER_OF",1,"leiden-algorithm",0
"Method:utilities/Utility_Class.py:DataProcess.calculate_igd#2","comm_32","MEMBER_OF",1,"leiden-algorithm",0
"Method:utilities/Utility_Class.py:DataProcess.calculate_gd#2","comm_32","MEMBER_OF",1,"leiden-algorithm",0
"Method:utilities/Utility_Class.py:DataProcess.calculate_spread#2","comm_32","MEMBER_OF",1,"leiden-algorithm",0
"Class:utilities/Utility_Class.py:MyError","comm_33","MEMBER_OF",1,"leiden-algorithm",0
"Method:utilities/Utility_Class.py:AddData.add_data#1","comm_12","MEMBER_OF",1,"leiden-algorithm",0
"Method:utilities/Utility_Class.py:Data.__init__#2","comm_34","MEMBER_OF",1,"leiden-algorithm",0
"Method:utilities/Utility_Class.py:Data.process#0","comm_34","MEMBER_OF",1,"leiden-algorithm",0
"Method:utilities/Utility_Class.py:Data.str_int_tuple#1","comm_34","MEMBER_OF",1,"leiden-algorithm",0
"Method:utilities/Utility_Class.py:Data.str_int#1","comm_34","MEMBER_OF",1,"leiden-algorithm",0
"Method:utilities/Utility_Class.py:Data.read#1","comm_34","MEMBER_OF",1,"leiden-algorithm",0
"Function:utilities/Utility_Functions.py:create_actor_distribution","comm_6","MEMBER_OF",1,"leiden-algorithm",0
"Function:utilities/Utility_Functions.py:flatten_action_id_to_actions","comm_35","MEMBER_OF",1,"leiden-algorithm",0
"Function:utilities/Utility_Functions.py:backtrack_action_to_primitive_actions","comm_35","MEMBER_OF",1,"leiden-algorithm",0
"Class:utilities/data_structures/Config.py:Config","comm_0","MEMBER_OF",1,"leiden-algorithm",0
"Method:utilities/data_structures/Config.py:Config.__init__#0","comm_1","MEMBER_OF",1,"leiden-algorithm",0
"Method:utilities/data_structures/Config.py:Config.hyper_parameter#0","comm_1","MEMBER_OF",1,"leiden-algorithm",0
"Method:utilities/data_structures/Replay_Buffer.py:Replay_Buffer.add_experience#5","comm_36","MEMBER_OF",1,"leiden-algorithm",0
"Method:utilities/data_structures/Replay_Buffer.py:Replay_Buffer.sample#2","comm_37","MEMBER_OF",1,"leiden-algorithm",0
"Method:utilities/data_structures/Replay_Buffer.py:Replay_Buffer.separate_out_data_types#1","comm_37","MEMBER_OF",1,"leiden-algorithm",0
"Method:utilities/data_structures/Replay_Buffer.py:Replay_Buffer.pick_experiences#1","comm_37","MEMBER_OF",1,"leiden-algorithm",0
"Method:agents/HMPSAC/SAC.py:SAC_Discrete.run_n_episodes#0","proc_0_run_n_episodes","STEP_IN_PROCESS",1,"trace-detection",1
"Method:agents/HMPSAC/SAC.py:SAC_Discrete.pick_action#1","proc_0_run_n_episodes","STEP_IN_PROCESS",1,"trace-detection",2
"Method:agents/HMPSAC/SAC.py:SAC_Discrete.actor_pick_action#1","proc_0_run_n_episodes","STEP_IN_PROCESS",1,"trace-detection",3
"Method:agents/HMPSAC/SAC.py:SAC_Discrete.produce_action_and_action_info#1","proc_0_run_n_episodes","STEP_IN_PROCESS",1,"trace-detection",4
"Function:utilities/Utility_Functions.py:create_actor_distribution","proc_0_run_n_episodes","STEP_IN_PROCESS",1,"trace-detection",5
"Method:environments/MO_DFJSP_breakdown.py:MO_DFJSP_Environment.__init__","proc_1___init__","STEP_IN_PROCESS",1,"trace-detection",1
"Method:environments/class_MODFJSP.py:FJSP.__init__","proc_1___init__","STEP_IN_PROCESS",1,"trace-detection",2
"Method:environments/MO_DFJSP_instance_read.py:Data.__init__#2","proc_1___init__","STEP_IN_PROCESS",1,"trace-detection",3
"Method:environments/MO_DFJSP_instance_read.py:Data.read#1","proc_1___init__","STEP_IN_PROCESS",1,"trace-detection",4
"Method:environments/MO_DFJSP_instance_read.py:Data.str_int#1","proc_1___init__","STEP_IN_PROCESS",1,"trace-detection",5
"Method:agents/HMPSAC/SAC.py:SAC_Discrete.learn#0","proc_2_learn","STEP_IN_PROCESS",1,"trace-detection",1
"Method:agents/HMPSAC/SAC.py:SAC_Discrete.calculate_critic_losses#5","proc_2_learn","STEP_IN_PROCESS",1,"trace-detection",2
"Method:agents/HMPSAC/SAC.py:SAC_Discrete.produce_action_and_action_info#1","proc_2_learn","STEP_IN_PROCESS",1,"trace-detection",3
"Function:utilities/Utility_Functions.py:create_actor_distribution","proc_2_learn","STEP_IN_PROCESS",1,"trace-detection",4
"Method:agents/HMPSAC/SAC.py:SAC_Discrete.learn#0","proc_3_learn","STEP_IN_PROCESS",1,"trace-detection",1
"Method:agents/HMPSAC/SAC.py:SAC_Discrete.update_critic_parameters#2","proc_3_learn","STEP_IN_PROCESS",1,"trace-detection",2
"Method:agents/Base_Agent.py:Base_Agent.take_optimisation_step#5","proc_3_learn","STEP_IN_PROCESS",1,"trace-detection",3
"Method:agents/Base_Agent.py:Base_Agent.step#0","proc_3_learn","STEP_IN_PROCESS",1,"trace-detection",4
"Method:environments/MO_DFJSP_breakdown.py:MO_DFJSP_Environment.step#5","proc_4_step","STEP_IN_PROCESS",1,"trace-detection",1
"Method:environments/MO_DFJSP_breakdown.py:MO_DFJSP_Environment.task_select#1","proc_4_step","STEP_IN_PROCESS",1,"trace-detection",2
"Method:environments/MO_DFJSP_breakdown.py:MO_DFJSP_Environment.energy_min_rj#1","proc_4_step","STEP_IN_PROCESS",1,"trace-detection",3
"Method:environments/MO_DFJSP_breakdown.py:MO_DFJSP_Environment.machine_available_rj_selectable#1","proc_4_step","STEP_IN_PROCESS",1,"trace-detection",4
"Method:environments/MO_DFJSP_breakdown.py:MO_DFJSP_Environment.step#5","proc_5_step","STEP_IN_PROCESS",1,"trace-detection",1
"Method:environments/MO_DFJSP_breakdown.py:MO_DFJSP_Environment.task_select#1","proc_5_step","STEP_IN_PROCESS",1,"trace-detection",2
"Method:environments/MO_DFJSP_breakdown.py:MO_DFJSP_Environment.energy_min_fluid_rj#1","proc_5_step","STEP_IN_PROCESS",1,"trace-detection",3
"Method:environments/MO_DFJSP_breakdown.py:MO_DFJSP_Environment.machine_fluid_available_rj_selectable#1","proc_5_step","STEP_IN_PROCESS",1,"trace-detection",4
"Method:environments/MO_DFJSP_breakdown.py:MO_DFJSP_Environment.__init__","proc_6___init__","STEP_IN_PROCESS",1,"trace-detection",1
"Method:environments/class_MODFJSP.py:FJSP.__init__","proc_6___init__","STEP_IN_PROCESS",1,"trace-detection",2
"Method:environments/Instance_generate.py:Instance.__init__#3","proc_6___init__","STEP_IN_PROCESS",1,"trace-detection",3
"Method:environments/Instance_generate.py:Instance.process_information#0","proc_6___init__","STEP_IN_PROCESS",1,"trace-detection",4
"Method:utilities/Parallel_Experience_Generator.py:Parallel_Experience_Generator.__call__#1","proc_7___call__","STEP_IN_PROCESS",1,"trace-detection",1
"Method:utilities/Parallel_Experience_Generator.py:Parallel_Experience_Generator.play_1_episode#1","proc_7___call__","STEP_IN_PROCESS",1,"trace-detection",2
"Method:utilities/Parallel_Experience_Generator.py:Parallel_Experience_Generator.pick_action#3","proc_7___call__","STEP_IN_PROCESS",1,"trace-detection",3
"Function:utilities/Utility_Functions.py:create_actor_distribution","proc_7___call__","STEP_IN_PROCESS",1,"trace-detection",4
"Method:agents/HMPSAC/SAC.py:SAC_Discrete.learn#0","proc_8_learn","STEP_IN_PROCESS",1,"trace-detection",1
"Method:agents/HMPSAC/SAC.py:SAC_Discrete.update_critic_parameters#2","proc_8_learn","STEP_IN_PROCESS",1,"trace-detection",2
"Method:agents/Base_Agent.py:Base_Agent.soft_update_of_target_network#3","proc_8_learn","STEP_IN_PROCESS",1,"trace-detection",3
"Method:environments/MO_DFJSP_breakdown.py:MO_DFJSP_Environment.step#5","proc_9_step","STEP_IN_PROCESS",1,"trace-detection",1
"Method:environments/class_MODFJSP.py:FJSP.reset_object_add#1","proc_9_step","STEP_IN_PROCESS",1,"trace-detection",2
"Method:environments/class_MODFJSP.py:FJSP.fluid_model#0","proc_9_step","STEP_IN_PROCESS",1,"trace-detection",3
"Method:environments/MO_DFJSP_breakdown.py:MO_DFJSP_Environment.step#5","proc_10_step","STEP_IN_PROCESS",1,"trace-detection",1
"Method:environments/class_MODFJSP.py:FJSP.reset_object_add#1","proc_10_step","STEP_IN_PROCESS",1,"trace-detection",2
"Method:environments/class_MODFJSP.py:FJSP.reset_fluid_parameter#0","proc_10_step","STEP_IN_PROCESS",1,"trace-detection",3
"Method:environments/MO_DFJSP_breakdown.py:MO_DFJSP_Environment.step#5","proc_11_step","STEP_IN_PROCESS",1,"trace-detection",1
"Method:environments/class_MODFJSP.py:FJSP.reset_object_add#1","proc_11_step","STEP_IN_PROCESS",1,"trace-detection",2
"Method:environments/class_MODFJSP.py:FJSP.update_fluid_parameter#1","proc_11_step","STEP_IN_PROCESS",1,"trace-detection",3
"Method:environments/MO_DFJSP_breakdown.py:MO_DFJSP_Environment.reset#0","proc_12_reset","STEP_IN_PROCESS",1,"trace-detection",1
"Method:environments/class_MODFJSP.py:FJSP.reset_object_add#1","proc_12_reset","STEP_IN_PROCESS",1,"trace-detection",2
"Method:environments/class_MODFJSP.py:FJSP.fluid_model#0","proc_12_reset","STEP_IN_PROCESS",1,"trace-detection",3
"Method:environments/MO_DFJSP_breakdown.py:MO_DFJSP_Environment.reset#0","proc_13_reset","STEP_IN_PROCESS",1,"trace-detection",1
"Method:environments/class_MODFJSP.py:FJSP.reset_object_add#1","proc_13_reset","STEP_IN_PROCESS",1,"trace-detection",2
"Method:environments/class_MODFJSP.py:FJSP.reset_fluid_parameter#0","proc_13_reset","STEP_IN_PROCESS",1,"trace-detection",3
"Method:environments/MO_DFJSP_breakdown.py:MO_DFJSP_Environment.reset#0","proc_14_reset","STEP_IN_PROCESS",1,"trace-detection",1
"Method:environments/class_MODFJSP.py:FJSP.reset_object_add#1","proc_14_reset","STEP_IN_PROCESS",1,"trace-detection",2
"Method:environments/class_MODFJSP.py:FJSP.update_fluid_parameter#1","proc_14_reset","STEP_IN_PROCESS",1,"trace-detection",3
"Method:environments/MO_DFJSP_breakdown.py:MO_DFJSP_Environment.reset#0","proc_15_reset","STEP_IN_PROCESS",1,"trace-detection",1
"Method:environments/MO_DFJSP_breakdown.py:MO_DFJSP_Environment.state_extract#0","proc_15_reset","STEP_IN_PROCESS",1,"trace-detection",2
"Method:environments/MO_DFJSP_breakdown.py:MO_DFJSP_Environment.update_parameter#0","proc_15_reset","STEP_IN_PROCESS",1,"trace-detection",3
"Method:agents/HMPSAC/SAC.py:SAC_Discrete.update_actor_parameters#2","proc_16_update_actor_paramet","STEP_IN_PROCESS",1,"trace-detection",1
"Method:agents/Base_Agent.py:Base_Agent.take_optimisation_step#5","proc_16_update_actor_paramet","STEP_IN_PROCESS",1,"trace-detection",2
"Method:agents/Base_Agent.py:Base_Agent.step#0","proc_16_update_actor_paramet","STEP_IN_PROCESS",1,"trace-detection",3
"Method:exploration_strategies/Epsilon_Greedy_Exploration.py:Epsilon_Greedy_Exploration.perturb_action_for_exploration_purposes#1","proc_17_perturb_action_for_e","STEP_IN_PROCESS",1,"trace-detection",1
"Method:exploration_strategies/Epsilon_Greedy_Exploration.py:Epsilon_Greedy_Exploration.get_updated_epsilon_exploration#2","proc_17_perturb_action_for_e","STEP_IN_PROCESS",1,"trace-detection",2
"Method:exploration_strategies/Epsilon_Greedy_Exploration.py:Epsilon_Greedy_Exploration.calculate_epsilon_with_cyclical_strategy#1","proc_17_perturb_action_for_e","STEP_IN_PROCESS",1,"trace-detection",3
"Method:utilities/Utility_Class.py:DataProcess.pareto_count_delete_one#2","proc_18_pareto_count_delete_","STEP_IN_PROCESS",1,"trace-detection",1
"Method:utilities/Utility_Class.py:DataProcess.filter_pareto_front#1","proc_18_pareto_count_delete_","STEP_IN_PROCESS",1,"trace-detection",2
"Method:utilities/Utility_Class.py:DataProcess.to_numpy_array#1","proc_18_pareto_count_delete_","STEP_IN_PROCESS",1,"trace-detection",3
"Method:utilities/Utility_Class.py:Data.__init__#2","proc_19___init__","STEP_IN_PROCESS",1,"trace-detection",1
"Method:utilities/Utility_Class.py:Data.read#1","proc_19___init__","STEP_IN_PROCESS",1,"trace-detection",2
"Method:utilities/Utility_Class.py:Data.str_int#1","proc_19___init__","STEP_IN_PROCESS",1,"trace-detection",3
"Method:utilities/data_structures/Replay_Buffer.py:Replay_Buffer.pick_experiences#1","proc_20_pick_experiences","STEP_IN_PROCESS",1,"trace-detection",1
"Method:utilities/data_structures/Replay_Buffer.py:Replay_Buffer.sample#2","proc_20_pick_experiences","STEP_IN_PROCESS",1,"trace-detection",2
"Method:utilities/data_structures/Replay_Buffer.py:Replay_Buffer.separate_out_data_types#1","proc_20_pick_experiences","STEP_IN_PROCESS",1,"trace-detection",3
"Method:agents/HMPSAC/SAC.py:SAC_Discrete.__init__#0","proc_21___init__","STEP_IN_PROCESS",1,"trace-detection",1
"Method:utilities/data_structures/Config.py:Config.__init__#0","proc_21___init__","STEP_IN_PROCESS",1,"trace-detection",2
"Method:utilities/data_structures/Config.py:Config.hyper_parameter#0","proc_21___init__","STEP_IN_PROCESS",1,"trace-detection",3
"Method:agents/HMPSAC/A2C_v5.1.py:DA3C.__init__#0","proc_22___init__","STEP_IN_PROCESS",1,"trace-detection",1
"Method:utilities/data_structures/Config.py:Config.__init__#0","proc_22___init__","STEP_IN_PROCESS",1,"trace-detection",2
"Method:utilities/data_structures/Config.py:Config.hyper_parameter#0","proc_22___init__","STEP_IN_PROCESS",1,"trace-detection",3
"Method:agents/HMPSAC/A2C_v5.2.py:DA3C.__init__#0","proc_23___init__","STEP_IN_PROCESS",1,"trace-detection",1
"Method:utilities/data_structures/Config.py:Config.__init__#0","proc_23___init__","STEP_IN_PROCESS",1,"trace-detection",2
"Method:utilities/data_structures/Config.py:Config.hyper_parameter#0","proc_23___init__","STEP_IN_PROCESS",1,"trace-detection",3
"Method:agents/HMPSAC/A2C_v5.3.py:DA3C.__init__#0","proc_24___init__","STEP_IN_PROCESS",1,"trace-detection",1
"Method:utilities/data_structures/Config.py:Config.__init__#0","proc_24___init__","STEP_IN_PROCESS",1,"trace-detection",2
"Method:utilities/data_structures/Config.py:Config.hyper_parameter#0","proc_24___init__","STEP_IN_PROCESS",1,"trace-detection",3
"Method:environments/class_MODFJSP.py:Task.__init__#3","proc_25___init__","STEP_IN_PROCESS",1,"trace-detection",1
"Method:environments/class_MODFJSP.py:Tasks.__init__#2","proc_25___init__","STEP_IN_PROCESS",1,"trace-detection",2
"Method:environments/class_MODFJSP.py:Kind.__init__#1","proc_25___init__","STEP_IN_PROCESS",1,"trace-detection",3
