id,name,filePath,startLine,endLine,content,description
"Variable:agents/Base_Agent.py:experience","experience","agents/Base_Agent.py",69,69,"        """"""将最近的经验保存到内存缓冲区""""""
        if experience is None:
            experience = self.state, self.action, self.reward, self.next_state, self.done
        memory.add_experience(*experience)

",""
"Variable:agents/Base_Agent.py:network","network","agents/Base_Agent.py",75,75,"        """"""通过计算给定损失的梯度然后更新参数来进行优化步骤""""""
        if not isinstance(network, list):
            network = [network]
        optimizer.zero_grad()  # 重置梯度为 0
        loss.backward(retain_graph=retain_graph)  # 计算梯度
",""
"Variable:agents/Base_Agent.py:param_name","param_name","agents/Base_Agent.py",102,102,"        print(""Freezing hidden layers"")
        for param in network.named_parameters():
            param_name = param[0]
            assert ""hidden"" in param_name or ""output"" in param_name or ""embedding"" in param_name, \
                ""Name {} of network layers not understood"".format(param_name)
",""
"Variable:agents/Base_Agent.py:to_model_state_dict","to_model_state_dict","agents/Base_Agent.py",131,131,"        """"""将模型参数从from_model复制到to_model""""""
        # 复制模型参数
        to_model_state_dict = to_model.state_dict()
        from_model_state_dict = from_model.state_dict()
        # 更新to_model的参数为from_model的参数
",""
"Variable:agents/Base_Agent.py:from_model_state_dict","from_model_state_dict","agents/Base_Agent.py",132,132,"        # 复制模型参数
        to_model_state_dict = to_model.state_dict()
        from_model_state_dict = from_model.state_dict()
        # 更新to_model的参数为from_model的参数
        to_model_state_dict.update(from_model_state_dict)
",""
"Variable:agents/HMPSAC/A2C_v5.1.py:agent_version","agent_version","agents/HMPSAC/A2C_v5.1.py",20,20,"from visdom import Visdom
from utilities.Utility_Class import AddData
agent_version = '_v5.1'
# 训练结果数据保存位置
path_file_name = 'D:/Python project/HMPSAC_Fluid_Model_MOMDFJSP/results/HMPSAC/training' + agent_version + '.csv'
",""
"Variable:agents/HMPSAC/A2C_v5.1.py:path_file_name","path_file_name","agents/HMPSAC/A2C_v5.1.py",22,22,"agent_version = '_v5.1'
# 训练结果数据保存位置
path_file_name = 'D:/Python project/HMPSAC_Fluid_Model_MOMDFJSP/results/HMPSAC/training' + agent_version + '.csv'
add_data_object = AddData(path_file_name)
add_data_object.add_data(['epoch', 'makespan'])
",""
"Variable:agents/HMPSAC/A2C_v5.1.py:add_data_object","add_data_object","agents/HMPSAC/A2C_v5.1.py",23,23,"# 训练结果数据保存位置
path_file_name = 'D:/Python project/HMPSAC_Fluid_Model_MOMDFJSP/results/HMPSAC/training' + agent_version + '.csv'
add_data_object = AddData(path_file_name)
add_data_object.add_data(['epoch', 'makespan'])
# 监控训练过程
",""
"Variable:agents/HMPSAC/A2C_v5.1.py:window_name","window_name","agents/HMPSAC/A2C_v5.1.py",26,26,"add_data_object.add_data(['epoch', 'makespan'])
# 监控训练过程
window_name = 'Double Actor_critic' + agent_version
vis = Visdom()
win = window_name
",""
"Variable:agents/HMPSAC/A2C_v5.1.py:vis","vis","agents/HMPSAC/A2C_v5.1.py",27,27,"# 监控训练过程
window_name = 'Double Actor_critic' + agent_version
vis = Visdom()
win = window_name
title = window_name
",""
"Variable:agents/HMPSAC/A2C_v5.1.py:win","win","agents/HMPSAC/A2C_v5.1.py",28,28,"window_name = 'Double Actor_critic' + agent_version
vis = Visdom()
win = window_name
title = window_name
vis.line(X=[0], Y=[650], win=win, opts=dict(title=title, xlabel='epoch', ylable='completion_time', font=dict(family='Times New Roman')))
",""
"Variable:agents/HMPSAC/A2C_v5.1.py:title","title","agents/HMPSAC/A2C_v5.1.py",29,29,"vis = Visdom()
win = window_name
title = window_name
vis.line(X=[0], Y=[650], win=win, opts=dict(title=title, xlabel='epoch', ylable='completion_time', font=dict(family='Times New Roman')))

",""
"Variable:agents/HMPSAC/A2C_v5.1.py:x","x","agents/HMPSAC/A2C_v5.1.py",49,49,"    def forward(self, x):
        for layer in self.layers_1:
            x = layer(x)
        x = F.softmax(x, dim=-1)
        return x
",""
"Variable:agents/HMPSAC/A2C_v5.1.py:agent_name","agent_name","agents/HMPSAC/A2C_v5.1.py",96,96,"class DA3C(Base_Agent, Config):
    """"""Actor critic A3C algorithm""""""
    agent_name = ""DA3C""

    def __init__(self):
",""
"Variable:agents/HMPSAC/A2C_v5.1.py:start","start","agents/HMPSAC/A2C_v5.1.py",126,126,"    def run_n_episodes(self):
        """"""运行环境n次直到完成，然后总结结果并保存模型(如果要求的话)""""""
        start = time.time()
        gradient_updates_queue_actor_task = Queue()
        gradient_updates_queue_actor_machine = Queue()
",""
"Variable:agents/HMPSAC/A2C_v5.1.py:gradient_updates_queue_actor_task","gradient_updates_queue_actor_task","agents/HMPSAC/A2C_v5.1.py",127,127,"        """"""运行环境n次直到完成，然后总结结果并保存模型(如果要求的话)""""""
        start = time.time()
        gradient_updates_queue_actor_task = Queue()
        gradient_updates_queue_actor_machine = Queue()
        gradient_updates_queue_critic = Queue()
",""
"Variable:agents/HMPSAC/A2C_v5.1.py:gradient_updates_queue_actor_machine","gradient_updates_queue_actor_machine","agents/HMPSAC/A2C_v5.1.py",128,128,"        start = time.time()
        gradient_updates_queue_actor_task = Queue()
        gradient_updates_queue_actor_machine = Queue()
        gradient_updates_queue_critic = Queue()
        self.episode_number = multiprocessing.Value('i', 0)  # 多线程共享整数型+初始值为0的参数
",""
"Variable:agents/HMPSAC/A2C_v5.1.py:gradient_updates_queue_critic","gradient_updates_queue_critic","agents/HMPSAC/A2C_v5.1.py",129,129,"        gradient_updates_queue_actor_task = Queue()
        gradient_updates_queue_actor_machine = Queue()
        gradient_updates_queue_critic = Queue()
        self.episode_number = multiprocessing.Value('i', 0)  # 多线程共享整数型+初始值为0的参数
        self.optimizer_lock = multiprocessing.Lock()   # 创建锁对象，用于更新全局网络参数
",""
"Variable:agents/HMPSAC/A2C_v5.1.py:episodes_per_process","episodes_per_process","agents/HMPSAC/A2C_v5.1.py",132,132,"        self.episode_number = multiprocessing.Value('i', 0)  # 多线程共享整数型+初始值为0的参数
        self.optimizer_lock = multiprocessing.Lock()   # 创建锁对象，用于更新全局网络参数
        episodes_per_process = int(self.num_episodes_to_run / self.worker_processes) + 1
        processes = []  # 初始化线程列表
        self.actor_task_model.share_memory()
",""
"Variable:agents/HMPSAC/A2C_v5.1.py:processes","processes","agents/HMPSAC/A2C_v5.1.py",133,133,"        self.optimizer_lock = multiprocessing.Lock()   # 创建锁对象，用于更新全局网络参数
        episodes_per_process = int(self.num_episodes_to_run / self.worker_processes) + 1
        processes = []  # 初始化线程列表
        self.actor_task_model.share_memory()
        self.actor_machine_model.share_memory()
",""
"Variable:agents/HMPSAC/A2C_v5.1.py:optimizer_worker","optimizer_worker","agents/HMPSAC/A2C_v5.1.py",140,143,"        self.actor_machine_optimizer.share_memory()
        self.critic_optimizer.share_memory()
        optimizer_worker = multiprocessing.Process(target=self.update_shared_model,
                                                   args=(gradient_updates_queue_actor_task,
                                                         gradient_updates_queue_actor_machine,
                                                         gradient_updates_queue_critic))
        optimizer_worker.start()  # 启动总梯度更新主线程

",""
"Variable:agents/HMPSAC/A2C_v5.1.py:worker","worker","agents/HMPSAC/A2C_v5.1.py",147,154,"
        for process_num in range(self.worker_processes):
            worker = Actor_Critic_Worker(process_num, self.actor_task_model, self.actor_machine_model, self.critic_model,
                                         self.episode_number, self.optimizer_lock, self.actor_task_optimizer,
                                         self.actor_machine_optimizer, self.critic_optimizer, self.hyper_parameters,
                                         episodes_per_process, self.epsilon_decay_rate_denominator,
                                         copy.deepcopy(self.actor_task_model), copy.deepcopy(self.actor_machine_model),
                                         copy.deepcopy(self.critic_model), gradient_updates_queue_actor_task,
                                         gradient_updates_queue_actor_machine, gradient_updates_queue_critic,
                                         self.environment_test)
            worker.start()  # 启动各子线程run()函数
            processes.append(worker)
",""
"Variable:agents/HMPSAC/A2C_v5.1.py:time_taken","time_taken","agents/HMPSAC/A2C_v5.1.py",160,160,"            worker.join()  # 让子线程结束后主线程再结束
        optimizer_worker.terminate()  # 主线程退出
        time_taken = time.time() - start
        return time_taken

",""
"Variable:agents/HMPSAC/A2C_v5.1.py:gradients_actor_task","gradients_actor_task","agents/HMPSAC/A2C_v5.1.py",168,168,"        """"""收到工作线程的梯度{信息传入队列}，更新全局网络梯度""""""
        while True:
            gradients_actor_task = gradient_updates_queue_actor_task.get()
            gradients_actor_machine = gradient_updates_queue_actor_machine.get()
            gradients_critic = gradient_updates_queue_critic.get()
",""
"Variable:agents/HMPSAC/A2C_v5.1.py:gradients_actor_machine","gradients_actor_machine","agents/HMPSAC/A2C_v5.1.py",169,169,"        while True:
            gradients_actor_task = gradient_updates_queue_actor_task.get()
            gradients_actor_machine = gradient_updates_queue_actor_machine.get()
            gradients_critic = gradient_updates_queue_critic.get()
            with self.optimizer_lock:
",""
"Variable:agents/HMPSAC/A2C_v5.1.py:gradients_critic","gradients_critic","agents/HMPSAC/A2C_v5.1.py",170,170,"            gradients_actor_task = gradient_updates_queue_actor_task.get()
            gradients_actor_machine = gradient_updates_queue_actor_machine.get()
            gradients_critic = gradient_updates_queue_critic.get()
            with self.optimizer_lock:
                # 更新工序策略网络梯度
",""
"Variable:agents/HMPSAC/A2C_v5.1.py:file_path","file_path","agents/HMPSAC/A2C_v5.1.py",236,236,"    def save_actor_model(self, save_model_boole=True):
        """"""保存全局策略网络""""""
        file_path = 'D:/Python project/HMPSAC_Fluid_Model_MOMDFJSP/results/HMPSAC/policy_networks' + agent_version + '/'
        if save_model_boole:
            torch.save(self.actor_task_model.state_dict(), file_path + 'actor_task_model.path')
",""
"Variable:agents/HMPSAC/A2C_v5.1.py:DDT","DDT","agents/HMPSAC/A2C_v5.1.py",246,246,"    def generated_new_environment(self):
        """"""返回新环境对象""""""
        DDT = random.uniform(0.5, 1.5)
        M = random.randint(10, 20)
        S = random.randint(1, 5)
",""
"Variable:agents/HMPSAC/A2C_v5.1.py:M","M","agents/HMPSAC/A2C_v5.1.py",247,247,"        """"""返回新环境对象""""""
        DDT = random.uniform(0.5, 1.5)
        M = random.randint(10, 20)
        S = random.randint(1, 5)
        return MO_DFJSP_Environment(use_instance=True, DDT=DDT, M=M, S=S)
",""
"Variable:agents/HMPSAC/A2C_v5.1.py:S","S","agents/HMPSAC/A2C_v5.1.py",248,248,"        DDT = random.uniform(0.5, 1.5)
        M = random.randint(10, 20)
        S = random.randint(1, 5)
        return MO_DFJSP_Environment(use_instance=True, DDT=DDT, M=M, S=S)

",""
"Variable:agents/HMPSAC/A2C_v5.1.py:epsilon_exploration","epsilon_exploration","agents/HMPSAC/A2C_v5.1.py",261,261,"                Base_Agent.copy_model_over(self.actor_machine_model, self.local_actor_machine_model)
                Base_Agent.copy_model_over(self.critic_model, self.local_critic_model)
            epsilon_exploration = self.calculate_new_exploration()  # 计算新的探索参数
            state = self.environment.reset()  # 初始化状态
            done = False
",""
"Variable:agents/HMPSAC/A2C_v5.1.py:state","state","agents/HMPSAC/A2C_v5.1.py",262,262,"                Base_Agent.copy_model_over(self.critic_model, self.local_critic_model)
            epsilon_exploration = self.calculate_new_exploration()  # 计算新的探索参数
            state = self.environment.reset()  # 初始化状态
            done = False
            self.episode_states = []  # 状态列表
",""
"Variable:agents/HMPSAC/A2C_v5.1.py:done","done","agents/HMPSAC/A2C_v5.1.py",263,263,"            epsilon_exploration = self.calculate_new_exploration()  # 计算新的探索参数
            state = self.environment.reset()  # 初始化状态
            done = False
            self.episode_states = []  # 状态列表
            self.episode_actions = []  # 动作列表
",""
"Variable:agents/HMPSAC/A2C_v5.1.py:state_add","state_add","agents/HMPSAC/A2C_v5.1.py",273,273,"            while not done:
                action_task, action_task_log_prob = self.pick_action_and_log_prob(self.local_actor_task_model, state, epsilon_exploration)
                state_add = np.append(state, action_task)  # 带选择的工序规则信息的状态
                action_machine, action_machine_log_prob = self.pick_action_and_log_prob(self.local_actor_machine_model, state_add, epsilon_exploration)
                critic_outputs = self.get_critic_value(self.local_critic_model, state)
",""
"Variable:agents/HMPSAC/A2C_v5.1.py:critic_outputs","critic_outputs","agents/HMPSAC/A2C_v5.1.py",275,275,"                state_add = np.append(state, action_task)  # 带选择的工序规则信息的状态
                action_machine, action_machine_log_prob = self.pick_action_and_log_prob(self.local_actor_machine_model, state_add, epsilon_exploration)
                critic_outputs = self.get_critic_value(self.local_critic_model, state)
                actions = np.array([action_task, action_machine])  # 二维离散动作
                next_state, reward, done = self.environment.step(actions, reward_policy=0)
",""
"Variable:agents/HMPSAC/A2C_v5.1.py:actions","actions","agents/HMPSAC/A2C_v5.1.py",276,276,"                action_machine, action_machine_log_prob = self.pick_action_and_log_prob(self.local_actor_machine_model, state_add, epsilon_exploration)
                critic_outputs = self.get_critic_value(self.local_critic_model, state)
                actions = np.array([action_task, action_machine])  # 二维离散动作
                next_state, reward, done = self.environment.step(actions, reward_policy=0)
                self.episode_states.append(state)
",""
"Variable:agents/HMPSAC/A2C_v5.1.py:action_task","action_task","agents/HMPSAC/A2C_v5.1.py",294,294,"                state = self.environment_test.reset()
                while not self.environment_test.done:
                    action_task = self.pick_action(self.actor_task_model, state)
                    state_add = np.append(state, action_task)  # 带选择的工序规则信息的状态
                    action_machine = \
",""
"Variable:agents/HMPSAC/A2C_v5.1.py:action_machine","action_machine","agents/HMPSAC/A2C_v5.1.py",296,297,"                    action_task = self.pick_action(self.actor_task_model, state)
                    state_add = np.append(state, action_task)  # 带选择的工序规则信息的状态
                    action_machine = \
                        self.pick_action(self.actor_machine_model, state_add)
                    actions = np.array([action_task, action_machine])  # 二维离散动作
                    next_state, reward, done = self.environment_test.step(actions, reward_policy=0)
",""
"Variable:agents/HMPSAC/A2C_v5.1.py:epsilon","epsilon","agents/HMPSAC/A2C_v5.1.py",312,312,"        """"""计算新的勘探参数。它在当前的上下3X范围内随机选取一个点""""""
        with self.counter.get_lock():
            epsilon = 1.0 / (1.0 + (self.counter.value / self.epsilon_decay_denominator))
        epsilon = max(0.0, random.uniform(epsilon / self.exploration_worker_difference,
                                          epsilon * self.exploration_worker_difference))
",""
"Variable:agents/HMPSAC/A2C_v5.1.py:actor_output","actor_output","agents/HMPSAC/A2C_v5.1.py",320,320,"        """"""使用策略选择一个动作""""""
        state = torch.from_numpy(state).float().unsqueeze(0)  # 状态转为tensor类型
        actor_output = policy.forward(state)
        if policy.name == ""task_policy"":
            action_size = self.actions_size[0]
",""
"Variable:agents/HMPSAC/A2C_v5.1.py:action_size","action_size","agents/HMPSAC/A2C_v5.1.py",322,322,"        actor_output = policy.forward(state)
        if policy.name == ""task_policy"":
            action_size = self.actions_size[0]
        else:
            action_size = self.actions_size[1]
",""
"Variable:agents/HMPSAC/A2C_v5.1.py:action_distribution","action_distribution","agents/HMPSAC/A2C_v5.1.py",326,326,"            action_size = self.actions_size[1]
        # 动作分布实例
        action_distribution = create_actor_distribution(self.action_types, actor_output, action_size)  # 动作分布实例
        action = action_distribution.sample().cpu().numpy()  # 采样一个动作
        if self.action_types == ""DISCRETE"":
",""
"Variable:agents/HMPSAC/A2C_v5.1.py:action","action","agents/HMPSAC/A2C_v5.1.py",327,327,"        # 动作分布实例
        action_distribution = create_actor_distribution(self.action_types, actor_output, action_size)  # 动作分布实例
        action = action_distribution.sample().cpu().numpy()  # 采样一个动作
        if self.action_types == ""DISCRETE"":
            if random.random() <= epsilon_exploration:
",""
"Variable:agents/HMPSAC/A2C_v5.1.py:action_log_prob","action_log_prob","agents/HMPSAC/A2C_v5.1.py",333,333,"            else:
                action = action[0]
        action_log_prob = self.calculate_log_action_probability(action, action_distribution)
        return action, action_log_prob

",""
"Variable:agents/HMPSAC/A2C_v5.1.py:critic_output","critic_output","agents/HMPSAC/A2C_v5.1.py",353,353,"        """"""返回评论家网络值""""""
        state = torch.from_numpy(state).float().unsqueeze(0)  # 状态转为tensor类型
        critic_output = policy.forward(state)
        return critic_output

",""
"Variable:agents/HMPSAC/A2C_v5.1.py:policy_distribution_log_prob","policy_distribution_log_prob","agents/HMPSAC/A2C_v5.1.py",359,359,"        """"""计算所选动作的log概率""""""
        actions = torch.Tensor([actions])
        policy_distribution_log_prob = action_distribution.log_prob(actions)
        return policy_distribution_log_prob

",""
"Variable:agents/HMPSAC/A2C_v5.1.py:discounted_returns","discounted_returns","agents/HMPSAC/A2C_v5.1.py",364,364,"    def calculate_total_loss(self):
        """"""计算策略网络损失和评论家损失之和""""""
        discounted_returns = self.calculate_discounted_returns()
        if self.normalise_rewards:
            discounted_returns = self.normalise_discounted_returns(discounted_returns)
",""
"Variable:agents/HMPSAC/A2C_v5.1.py:actor_task_loss","actor_task_loss","agents/HMPSAC/A2C_v5.1.py",368,368,"            discounted_returns = self.normalise_discounted_returns(discounted_returns)
        critic_loss, advantages = self.calculate_critic_loss_and_advantages(discounted_returns)  # 计算评论家损失和优势函数
        actor_task_loss = self.calculate_actor_loss(advantages, self.episode_log_action_task_probabilities)
        actor_machine_loss = self.calculate_actor_loss(advantages, self.episode_log_action_machine_probabilities)
        return critic_loss, actor_task_loss, actor_machine_loss
",""
"Variable:agents/HMPSAC/A2C_v5.1.py:actor_machine_loss","actor_machine_loss","agents/HMPSAC/A2C_v5.1.py",369,369,"        critic_loss, advantages = self.calculate_critic_loss_and_advantages(discounted_returns)  # 计算评论家损失和优势函数
        actor_task_loss = self.calculate_actor_loss(advantages, self.episode_log_action_task_probabilities)
        actor_machine_loss = self.calculate_actor_loss(advantages, self.episode_log_action_machine_probabilities)
        return critic_loss, actor_task_loss, actor_machine_loss

",""
"Variable:agents/HMPSAC/A2C_v5.1.py:return_value","return_value","agents/HMPSAC/A2C_v5.1.py",378,378,"        discounted_returns = [0]
        for ix in range(len(self.episode_states)):
            return_value = self.episode_rewards[-(ix + 1)] + self.discount_rate*discounted_returns[-1]
            discounted_returns.append(return_value)
        discounted_returns = discounted_returns[1:]
",""
"Variable:agents/HMPSAC/A2C_v5.1.py:mean","mean","agents/HMPSAC/A2C_v5.1.py",386,386,"    def normalise_discounted_returns(self, discounted_returns):
        """"""通过回报的均值和标准差，使回报均值为0标准差为1""""""
        mean = np.mean(discounted_returns)
        std = np.std(discounted_returns)
        discounted_returns -= mean
",""
"Variable:agents/HMPSAC/A2C_v5.1.py:std","std","agents/HMPSAC/A2C_v5.1.py",387,387,"        """"""通过回报的均值和标准差，使回报均值为0标准差为1""""""
        mean = np.mean(discounted_returns)
        std = np.std(discounted_returns)
        discounted_returns -= mean
        discounted_returns /= (std + 1e-5)
",""
"Variable:agents/HMPSAC/A2C_v5.1.py:min_value","min_value","agents/HMPSAC/A2C_v5.1.py",394,394,"    def normalization_discounted_returns(self, discounted_returns):
        """"""归一化每个环境下的回报值，抵消不同环境对累计回报的影响""""""
        min_value = np.min(discounted_returns)
        max_value = np.max(discounted_returns)
        discounted_returns = discounted_returns + abs(min_value)
",""
"Variable:agents/HMPSAC/A2C_v5.1.py:max_value","max_value","agents/HMPSAC/A2C_v5.1.py",395,395,"        """"""归一化每个环境下的回报值，抵消不同环境对累计回报的影响""""""
        min_value = np.min(discounted_returns)
        max_value = np.max(discounted_returns)
        discounted_returns = discounted_returns + abs(min_value)
        range_value = max_value - min_value
",""
"Variable:agents/HMPSAC/A2C_v5.1.py:range_value","range_value","agents/HMPSAC/A2C_v5.1.py",397,397,"        max_value = np.max(discounted_returns)
        discounted_returns = discounted_returns + abs(min_value)
        range_value = max_value - min_value
        discounted_returns = discounted_returns/range_value
        return discounted_returns
",""
"Variable:agents/HMPSAC/A2C_v5.1.py:critic_values","critic_values","agents/HMPSAC/A2C_v5.1.py",403,403,"    def calculate_critic_loss_and_advantages(self, all_discounted_returns):
        """"""计算评论家的损失和优势""""""
        critic_values = torch.cat(self.critic_outputs)
        advantages = torch.Tensor(all_discounted_returns) - critic_values  # 计算优势函数值|V(s_t)_target - V(s_t)_critic
        advantages = advantages.detach()
",""
"Variable:agents/HMPSAC/A2C_v5.1.py:advantages","advantages","agents/HMPSAC/A2C_v5.1.py",404,404,"        """"""计算评论家的损失和优势""""""
        critic_values = torch.cat(self.critic_outputs)
        advantages = torch.Tensor(all_discounted_returns) - critic_values  # 计算优势函数值|V(s_t)_target - V(s_t)_critic
        advantages = advantages.detach()
        critic_loss = (torch.Tensor(all_discounted_returns) - critic_values)**2
",""
"Variable:agents/HMPSAC/A2C_v5.1.py:critic_loss","critic_loss","agents/HMPSAC/A2C_v5.1.py",406,406,"        advantages = torch.Tensor(all_discounted_returns) - critic_values  # 计算优势函数值|V(s_t)_target - V(s_t)_critic
        advantages = advantages.detach()
        critic_loss = (torch.Tensor(all_discounted_returns) - critic_values)**2
        critic_loss = critic_loss.mean()
        return critic_loss, advantages
",""
"Variable:agents/HMPSAC/A2C_v5.1.py:action_log_probabilities_for_all_episodes","action_log_probabilities_for_all_episodes","agents/HMPSAC/A2C_v5.1.py",412,412,"    def calculate_actor_loss(self, advantages, episode_log_action_probabilities):
        """"""计算参与者的损失""""""
        action_log_probabilities_for_all_episodes = torch.cat(episode_log_action_probabilities)
        actor_loss = -1.0 * action_log_probabilities_for_all_episodes * advantages
        actor_loss = actor_loss.mean()
",""
"Variable:agents/HMPSAC/A2C_v5.1.py:actor_loss","actor_loss","agents/HMPSAC/A2C_v5.1.py",413,413,"        """"""计算参与者的损失""""""
        action_log_probabilities_for_all_episodes = torch.cat(episode_log_action_probabilities)
        actor_loss = -1.0 * action_log_probabilities_for_all_episodes * advantages
        actor_loss = actor_loss.mean()
        return actor_loss
",""
"Variable:agents/HMPSAC/A2C_v5.1.py:gradients","gradients","agents/HMPSAC/A2C_v5.1.py",423,423,"        actor_task_loss.backward()
        torch.nn.utils.clip_grad_norm_(self.local_actor_task_model.parameters(), self.gradient_clipping_norm)  # 梯度裁剪
        gradients = [param.grad.clone() for param in self.local_actor_task_model.parameters()]  # 线程子网络梯度
        self.gradient_updates_queue_actor_task.put(gradients)
        # 线程机器策略网络梯度加入队列
",""
"Variable:agents/HMPSAC/A2C_v5.1.py:da3c_object","da3c_object","agents/HMPSAC/A2C_v5.1.py",440,440,"
if __name__ == '__main__':
    da3c_object = DA3C()
    da3c_object.run_n_episodes()

",""
"Variable:agents/HMPSAC/A2C_v5.2.py:agent_version","agent_version","agents/HMPSAC/A2C_v5.2.py",20,20,"from visdom import Visdom
from utilities.Utility_Class import AddData
agent_version = '_v5.2'
# 训练结果数据保存位置
path_file_name = 'D:/Python project/HMPSAC_Fluid_Model_MOMDFJSP/results/HMPSAC/training' + agent_version + '.csv'
",""
"Variable:agents/HMPSAC/A2C_v5.2.py:path_file_name","path_file_name","agents/HMPSAC/A2C_v5.2.py",22,22,"agent_version = '_v5.2'
# 训练结果数据保存位置
path_file_name = 'D:/Python project/HMPSAC_Fluid_Model_MOMDFJSP/results/HMPSAC/training' + agent_version + '.csv'
add_data_object = AddData(path_file_name)
add_data_object.add_data(['epoch', 'tardiness'])
",""
"Variable:agents/HMPSAC/A2C_v5.2.py:add_data_object","add_data_object","agents/HMPSAC/A2C_v5.2.py",23,23,"# 训练结果数据保存位置
path_file_name = 'D:/Python project/HMPSAC_Fluid_Model_MOMDFJSP/results/HMPSAC/training' + agent_version + '.csv'
add_data_object = AddData(path_file_name)
add_data_object.add_data(['epoch', 'tardiness'])
# 监控训练过程
",""
"Variable:agents/HMPSAC/A2C_v5.2.py:window_name","window_name","agents/HMPSAC/A2C_v5.2.py",26,26,"add_data_object.add_data(['epoch', 'tardiness'])
# 监控训练过程
window_name = 'Double Actor_critic' + agent_version
vis = Visdom()
win = window_name
",""
"Variable:agents/HMPSAC/A2C_v5.2.py:vis","vis","agents/HMPSAC/A2C_v5.2.py",27,27,"# 监控训练过程
window_name = 'Double Actor_critic' + agent_version
vis = Visdom()
win = window_name
title = window_name
",""
"Variable:agents/HMPSAC/A2C_v5.2.py:win","win","agents/HMPSAC/A2C_v5.2.py",28,28,"window_name = 'Double Actor_critic' + agent_version
vis = Visdom()
win = window_name
title = window_name
vis.line(X=[0], Y=[0], win=win, opts=dict(title=title, xlabel='epoch', ylable='total_tardiness', font=dict(family='Times New Roman')))
",""
"Variable:agents/HMPSAC/A2C_v5.2.py:title","title","agents/HMPSAC/A2C_v5.2.py",29,29,"vis = Visdom()
win = window_name
title = window_name
vis.line(X=[0], Y=[0], win=win, opts=dict(title=title, xlabel='epoch', ylable='total_tardiness', font=dict(family='Times New Roman')))

",""
"Variable:agents/HMPSAC/A2C_v5.2.py:x","x","agents/HMPSAC/A2C_v5.2.py",49,49,"    def forward(self, x):
        for layer in self.layers_1:
            x = layer(x)
        x = F.softmax(x, dim=-1)
        return x
",""
"Variable:agents/HMPSAC/A2C_v5.2.py:agent_name","agent_name","agents/HMPSAC/A2C_v5.2.py",96,96,"class DA3C(Base_Agent, Config):
    """"""Actor critic A3C algorithm""""""
    agent_name = ""DA3C""

    def __init__(self):
",""
"Variable:agents/HMPSAC/A2C_v5.2.py:start","start","agents/HMPSAC/A2C_v5.2.py",126,126,"    def run_n_episodes(self):
        """"""运行环境n次直到完成，然后总结结果并保存模型(如果要求的话)""""""
        start = time.time()
        gradient_updates_queue_actor_task = Queue()
        gradient_updates_queue_actor_machine = Queue()
",""
"Variable:agents/HMPSAC/A2C_v5.2.py:gradient_updates_queue_actor_task","gradient_updates_queue_actor_task","agents/HMPSAC/A2C_v5.2.py",127,127,"        """"""运行环境n次直到完成，然后总结结果并保存模型(如果要求的话)""""""
        start = time.time()
        gradient_updates_queue_actor_task = Queue()
        gradient_updates_queue_actor_machine = Queue()
        gradient_updates_queue_critic = Queue()
",""
"Variable:agents/HMPSAC/A2C_v5.2.py:gradient_updates_queue_actor_machine","gradient_updates_queue_actor_machine","agents/HMPSAC/A2C_v5.2.py",128,128,"        start = time.time()
        gradient_updates_queue_actor_task = Queue()
        gradient_updates_queue_actor_machine = Queue()
        gradient_updates_queue_critic = Queue()
        self.episode_number = multiprocessing.Value('i', 0)  # 多线程共享整数型+初始值为0的参数
",""
"Variable:agents/HMPSAC/A2C_v5.2.py:gradient_updates_queue_critic","gradient_updates_queue_critic","agents/HMPSAC/A2C_v5.2.py",129,129,"        gradient_updates_queue_actor_task = Queue()
        gradient_updates_queue_actor_machine = Queue()
        gradient_updates_queue_critic = Queue()
        self.episode_number = multiprocessing.Value('i', 0)  # 多线程共享整数型+初始值为0的参数
        self.optimizer_lock = multiprocessing.Lock()   # 创建锁对象，用于更新全局网络参数
",""
"Variable:agents/HMPSAC/A2C_v5.2.py:episodes_per_process","episodes_per_process","agents/HMPSAC/A2C_v5.2.py",132,132,"        self.episode_number = multiprocessing.Value('i', 0)  # 多线程共享整数型+初始值为0的参数
        self.optimizer_lock = multiprocessing.Lock()   # 创建锁对象，用于更新全局网络参数
        episodes_per_process = int(self.num_episodes_to_run / self.worker_processes) + 1
        processes = []  # 初始化线程列表
        self.actor_task_model.share_memory()
",""
"Variable:agents/HMPSAC/A2C_v5.2.py:processes","processes","agents/HMPSAC/A2C_v5.2.py",133,133,"        self.optimizer_lock = multiprocessing.Lock()   # 创建锁对象，用于更新全局网络参数
        episodes_per_process = int(self.num_episodes_to_run / self.worker_processes) + 1
        processes = []  # 初始化线程列表
        self.actor_task_model.share_memory()
        self.actor_machine_model.share_memory()
",""
"Variable:agents/HMPSAC/A2C_v5.2.py:optimizer_worker","optimizer_worker","agents/HMPSAC/A2C_v5.2.py",140,143,"        self.actor_machine_optimizer.share_memory()
        self.critic_optimizer.share_memory()
        optimizer_worker = multiprocessing.Process(target=self.update_shared_model,
                                                   args=(gradient_updates_queue_actor_task,
                                                         gradient_updates_queue_actor_machine,
                                                         gradient_updates_queue_critic))
        optimizer_worker.start()  # 启动总梯度更新主线程

",""
"Variable:agents/HMPSAC/A2C_v5.2.py:worker","worker","agents/HMPSAC/A2C_v5.2.py",147,154,"
        for process_num in range(self.worker_processes):
            worker = Actor_Critic_Worker(process_num, self.actor_task_model, self.actor_machine_model, self.critic_model,
                                         self.episode_number, self.optimizer_lock, self.actor_task_optimizer,
                                         self.actor_machine_optimizer, self.critic_optimizer, self.hyper_parameters,
                                         episodes_per_process, self.epsilon_decay_rate_denominator,
                                         copy.deepcopy(self.actor_task_model), copy.deepcopy(self.actor_machine_model),
                                         copy.deepcopy(self.critic_model), gradient_updates_queue_actor_task,
                                         gradient_updates_queue_actor_machine, gradient_updates_queue_critic,
                                         self.environment_test)
            worker.start()  # 启动各子线程run()函数
            processes.append(worker)
",""
"Variable:agents/HMPSAC/A2C_v5.2.py:time_taken","time_taken","agents/HMPSAC/A2C_v5.2.py",160,160,"            worker.join()  # 让子线程结束后主线程再结束
        optimizer_worker.terminate()  # 主线程退出
        time_taken = time.time() - start
        return time_taken

",""
"Variable:agents/HMPSAC/A2C_v5.2.py:gradients_actor_task","gradients_actor_task","agents/HMPSAC/A2C_v5.2.py",168,168,"        """"""收到工作线程的梯度{信息传入队列}，更新全局网络梯度""""""
        while True:
            gradients_actor_task = gradient_updates_queue_actor_task.get()
            gradients_actor_machine = gradient_updates_queue_actor_machine.get()
            gradients_critic = gradient_updates_queue_critic.get()
",""
"Variable:agents/HMPSAC/A2C_v5.2.py:gradients_actor_machine","gradients_actor_machine","agents/HMPSAC/A2C_v5.2.py",169,169,"        while True:
            gradients_actor_task = gradient_updates_queue_actor_task.get()
            gradients_actor_machine = gradient_updates_queue_actor_machine.get()
            gradients_critic = gradient_updates_queue_critic.get()
            with self.optimizer_lock:
",""
"Variable:agents/HMPSAC/A2C_v5.2.py:gradients_critic","gradients_critic","agents/HMPSAC/A2C_v5.2.py",170,170,"            gradients_actor_task = gradient_updates_queue_actor_task.get()
            gradients_actor_machine = gradient_updates_queue_actor_machine.get()
            gradients_critic = gradient_updates_queue_critic.get()
            with self.optimizer_lock:
                # 更新工序策略网络梯度
",""
"Variable:agents/HMPSAC/A2C_v5.2.py:file_path","file_path","agents/HMPSAC/A2C_v5.2.py",236,236,"    def save_actor_model(self, save_model_boole=True):
        """"""保存全局策略网络""""""
        file_path = 'D:/Python project/HMPSAC_Fluid_Model_MOMDFJSP/results/HMPSAC/policy_networks' + agent_version + '/'
        if save_model_boole:
            torch.save(self.actor_task_model.state_dict(), file_path + 'actor_task_model.path')
",""
"Variable:agents/HMPSAC/A2C_v5.2.py:DDT","DDT","agents/HMPSAC/A2C_v5.2.py",246,246,"    def generated_new_environment(self):
        """"""返回新环境对象""""""
        DDT = random.uniform(0.5, 1.5)
        M = random.randint(10, 20)
        S = random.randint(1, 5)
",""
"Variable:agents/HMPSAC/A2C_v5.2.py:M","M","agents/HMPSAC/A2C_v5.2.py",247,247,"        """"""返回新环境对象""""""
        DDT = random.uniform(0.5, 1.5)
        M = random.randint(10, 20)
        S = random.randint(1, 5)
        return MO_DFJSP_Environment(use_instance=True, DDT=DDT, M=M, S=S)
",""
"Variable:agents/HMPSAC/A2C_v5.2.py:S","S","agents/HMPSAC/A2C_v5.2.py",248,248,"        DDT = random.uniform(0.5, 1.5)
        M = random.randint(10, 20)
        S = random.randint(1, 5)
        return MO_DFJSP_Environment(use_instance=True, DDT=DDT, M=M, S=S)

",""
"Variable:agents/HMPSAC/A2C_v5.2.py:epsilon_exploration","epsilon_exploration","agents/HMPSAC/A2C_v5.2.py",261,261,"                Base_Agent.copy_model_over(self.actor_machine_model, self.local_actor_machine_model)
                Base_Agent.copy_model_over(self.critic_model, self.local_critic_model)
            epsilon_exploration = self.calculate_new_exploration()  # 计算新的探索参数
            state = self.environment.reset()  # 初始化状态
            done = False
",""
"Variable:agents/HMPSAC/A2C_v5.2.py:state","state","agents/HMPSAC/A2C_v5.2.py",262,262,"                Base_Agent.copy_model_over(self.critic_model, self.local_critic_model)
            epsilon_exploration = self.calculate_new_exploration()  # 计算新的探索参数
            state = self.environment.reset()  # 初始化状态
            done = False
            self.episode_states = []  # 状态列表
",""
"Variable:agents/HMPSAC/A2C_v5.2.py:done","done","agents/HMPSAC/A2C_v5.2.py",263,263,"            epsilon_exploration = self.calculate_new_exploration()  # 计算新的探索参数
            state = self.environment.reset()  # 初始化状态
            done = False
            self.episode_states = []  # 状态列表
            self.episode_actions = []  # 动作列表
",""
"Variable:agents/HMPSAC/A2C_v5.2.py:state_add","state_add","agents/HMPSAC/A2C_v5.2.py",273,273,"            while not done:
                action_task, action_task_log_prob = self.pick_action_and_log_prob(self.local_actor_task_model, state, epsilon_exploration)
                state_add = np.append(state, action_task)  # 带选择的工序规则信息的状态
                action_machine, action_machine_log_prob = self.pick_action_and_log_prob(self.local_actor_machine_model, state_add, epsilon_exploration)
                critic_outputs = self.get_critic_value(self.local_critic_model, state)
",""
"Variable:agents/HMPSAC/A2C_v5.2.py:critic_outputs","critic_outputs","agents/HMPSAC/A2C_v5.2.py",275,275,"                state_add = np.append(state, action_task)  # 带选择的工序规则信息的状态
                action_machine, action_machine_log_prob = self.pick_action_and_log_prob(self.local_actor_machine_model, state_add, epsilon_exploration)
                critic_outputs = self.get_critic_value(self.local_critic_model, state)
                actions = np.array([action_task, action_machine])  # 二维离散动作
                next_state, reward, done = self.environment.step(actions, reward_policy=1)
",""
"Variable:agents/HMPSAC/A2C_v5.2.py:actions","actions","agents/HMPSAC/A2C_v5.2.py",276,276,"                action_machine, action_machine_log_prob = self.pick_action_and_log_prob(self.local_actor_machine_model, state_add, epsilon_exploration)
                critic_outputs = self.get_critic_value(self.local_critic_model, state)
                actions = np.array([action_task, action_machine])  # 二维离散动作
                next_state, reward, done = self.environment.step(actions, reward_policy=1)
                self.episode_states.append(state)
",""
"Variable:agents/HMPSAC/A2C_v5.2.py:action_task","action_task","agents/HMPSAC/A2C_v5.2.py",295,295,"                state = self.environment_test.reset()
                while not self.environment_test.done:
                    action_task = self.pick_action(self.actor_task_model, state)
                    state_add = np.append(state, action_task)  # 带选择的工序规则信息的状态
                    action_machine = \
",""
"Variable:agents/HMPSAC/A2C_v5.2.py:action_machine","action_machine","agents/HMPSAC/A2C_v5.2.py",297,298,"                    action_task = self.pick_action(self.actor_task_model, state)
                    state_add = np.append(state, action_task)  # 带选择的工序规则信息的状态
                    action_machine = \
                        self.pick_action(self.actor_machine_model, state_add)
                    actions = np.array([action_task, action_machine])  # 二维离散动作
                    next_state, reward, done = self.environment_test.step(actions, reward_policy=1)
",""
"Variable:agents/HMPSAC/A2C_v5.2.py:epsilon","epsilon","agents/HMPSAC/A2C_v5.2.py",312,312,"        """"""计算新的勘探参数。它在当前的上下3X范围内随机选取一个点""""""
        with self.counter.get_lock():
            epsilon = 1.0 / (1.0 + (self.counter.value / self.epsilon_decay_denominator))
        epsilon = max(0.0, random.uniform(epsilon / self.exploration_worker_difference,
                                          epsilon * self.exploration_worker_difference))
",""
"Variable:agents/HMPSAC/A2C_v5.2.py:actor_output","actor_output","agents/HMPSAC/A2C_v5.2.py",320,320,"        """"""使用策略选择一个动作""""""
        state = torch.from_numpy(state).float().unsqueeze(0)  # 状态转为tensor类型
        actor_output = policy.forward(state)
        if policy.name == ""task_policy"":
            action_size = self.actions_size[0]
",""
"Variable:agents/HMPSAC/A2C_v5.2.py:action_size","action_size","agents/HMPSAC/A2C_v5.2.py",322,322,"        actor_output = policy.forward(state)
        if policy.name == ""task_policy"":
            action_size = self.actions_size[0]
        else:
            action_size = self.actions_size[1]
",""
"Variable:agents/HMPSAC/A2C_v5.2.py:action_distribution","action_distribution","agents/HMPSAC/A2C_v5.2.py",326,326,"            action_size = self.actions_size[1]
        # 动作分布实例
        action_distribution = create_actor_distribution(self.action_types, actor_output, action_size)  # 动作分布实例
        action = action_distribution.sample().cpu().numpy()  # 采样一个动作
        if self.action_types == ""DISCRETE"":
",""
"Variable:agents/HMPSAC/A2C_v5.2.py:action","action","agents/HMPSAC/A2C_v5.2.py",327,327,"        # 动作分布实例
        action_distribution = create_actor_distribution(self.action_types, actor_output, action_size)  # 动作分布实例
        action = action_distribution.sample().cpu().numpy()  # 采样一个动作
        if self.action_types == ""DISCRETE"":
            if random.random() <= epsilon_exploration:
",""
"Variable:agents/HMPSAC/A2C_v5.2.py:action_log_prob","action_log_prob","agents/HMPSAC/A2C_v5.2.py",333,333,"            else:
                action = action[0]
        action_log_prob = self.calculate_log_action_probability(action, action_distribution)
        return action, action_log_prob

",""
"Variable:agents/HMPSAC/A2C_v5.2.py:critic_output","critic_output","agents/HMPSAC/A2C_v5.2.py",353,353,"        """"""返回评论家网络值""""""
        state = torch.from_numpy(state).float().unsqueeze(0)  # 状态转为tensor类型
        critic_output = policy.forward(state)
        return critic_output

",""
"Variable:agents/HMPSAC/A2C_v5.2.py:policy_distribution_log_prob","policy_distribution_log_prob","agents/HMPSAC/A2C_v5.2.py",359,359,"        """"""计算所选动作的log概率""""""
        actions = torch.Tensor([actions])
        policy_distribution_log_prob = action_distribution.log_prob(actions)
        return policy_distribution_log_prob

",""
"Variable:agents/HMPSAC/A2C_v5.2.py:discounted_returns","discounted_returns","agents/HMPSAC/A2C_v5.2.py",364,364,"    def calculate_total_loss(self):
        """"""计算策略网络损失和评论家损失之和""""""
        discounted_returns = self.calculate_discounted_returns()
        if self.normalise_rewards:
            discounted_returns = self.normalise_discounted_returns(discounted_returns)
",""
"Variable:agents/HMPSAC/A2C_v5.2.py:actor_task_loss","actor_task_loss","agents/HMPSAC/A2C_v5.2.py",368,368,"            discounted_returns = self.normalise_discounted_returns(discounted_returns)
        critic_loss, advantages = self.calculate_critic_loss_and_advantages(discounted_returns)  # 计算评论家损失和优势函数
        actor_task_loss = self.calculate_actor_loss(advantages, self.episode_log_action_task_probabilities)
        actor_machine_loss = self.calculate_actor_loss(advantages, self.episode_log_action_machine_probabilities)
        return critic_loss, actor_task_loss, actor_machine_loss
",""
"Variable:agents/HMPSAC/A2C_v5.2.py:actor_machine_loss","actor_machine_loss","agents/HMPSAC/A2C_v5.2.py",369,369,"        critic_loss, advantages = self.calculate_critic_loss_and_advantages(discounted_returns)  # 计算评论家损失和优势函数
        actor_task_loss = self.calculate_actor_loss(advantages, self.episode_log_action_task_probabilities)
        actor_machine_loss = self.calculate_actor_loss(advantages, self.episode_log_action_machine_probabilities)
        return critic_loss, actor_task_loss, actor_machine_loss

",""
"Variable:agents/HMPSAC/A2C_v5.2.py:return_value","return_value","agents/HMPSAC/A2C_v5.2.py",378,378,"        discounted_returns = [0]
        for ix in range(len(self.episode_states)):
            return_value = self.episode_rewards[-(ix + 1)] + self.discount_rate*discounted_returns[-1]
            discounted_returns.append(return_value)
        discounted_returns = discounted_returns[1:]
",""
"Variable:agents/HMPSAC/A2C_v5.2.py:mean","mean","agents/HMPSAC/A2C_v5.2.py",386,386,"    def normalise_discounted_returns(self, discounted_returns):
        """"""通过回报的均值和标准差，使回报均值为0标准差为1""""""
        mean = np.mean(discounted_returns)
        std = np.std(discounted_returns)
        discounted_returns -= mean
",""
"Variable:agents/HMPSAC/A2C_v5.2.py:std","std","agents/HMPSAC/A2C_v5.2.py",387,387,"        """"""通过回报的均值和标准差，使回报均值为0标准差为1""""""
        mean = np.mean(discounted_returns)
        std = np.std(discounted_returns)
        discounted_returns -= mean
        discounted_returns /= (std + 1e-5)
",""
"Variable:agents/HMPSAC/A2C_v5.2.py:min_value","min_value","agents/HMPSAC/A2C_v5.2.py",394,394,"    def normalization_discounted_returns(self, discounted_returns):
        """"""归一化每个环境下的回报值，抵消不同环境对累计回报的影响""""""
        min_value = np.min(discounted_returns)
        max_value = np.max(discounted_returns)
        discounted_returns = discounted_returns + abs(min_value)
",""
"Variable:agents/HMPSAC/A2C_v5.2.py:max_value","max_value","agents/HMPSAC/A2C_v5.2.py",395,395,"        """"""归一化每个环境下的回报值，抵消不同环境对累计回报的影响""""""
        min_value = np.min(discounted_returns)
        max_value = np.max(discounted_returns)
        discounted_returns = discounted_returns + abs(min_value)
        range_value = max_value - min_value
",""
"Variable:agents/HMPSAC/A2C_v5.2.py:range_value","range_value","agents/HMPSAC/A2C_v5.2.py",397,397,"        max_value = np.max(discounted_returns)
        discounted_returns = discounted_returns + abs(min_value)
        range_value = max_value - min_value
        discounted_returns = discounted_returns/range_value
        return discounted_returns
",""
"Variable:agents/HMPSAC/A2C_v5.2.py:critic_values","critic_values","agents/HMPSAC/A2C_v5.2.py",403,403,"    def calculate_critic_loss_and_advantages(self, all_discounted_returns):
        """"""计算评论家的损失和优势""""""
        critic_values = torch.cat(self.critic_outputs)
        advantages = torch.Tensor(all_discounted_returns) - critic_values  # 计算优势函数值|V(s_t)_target - V(s_t)_critic
        advantages = advantages.detach()
",""
"Variable:agents/HMPSAC/A2C_v5.2.py:advantages","advantages","agents/HMPSAC/A2C_v5.2.py",404,404,"        """"""计算评论家的损失和优势""""""
        critic_values = torch.cat(self.critic_outputs)
        advantages = torch.Tensor(all_discounted_returns) - critic_values  # 计算优势函数值|V(s_t)_target - V(s_t)_critic
        advantages = advantages.detach()
        critic_loss = (torch.Tensor(all_discounted_returns) - critic_values)**2
",""
"Variable:agents/HMPSAC/A2C_v5.2.py:critic_loss","critic_loss","agents/HMPSAC/A2C_v5.2.py",406,406,"        advantages = torch.Tensor(all_discounted_returns) - critic_values  # 计算优势函数值|V(s_t)_target - V(s_t)_critic
        advantages = advantages.detach()
        critic_loss = (torch.Tensor(all_discounted_returns) - critic_values)**2
        critic_loss = critic_loss.mean()
        return critic_loss, advantages
",""
"Variable:agents/HMPSAC/A2C_v5.2.py:action_log_probabilities_for_all_episodes","action_log_probabilities_for_all_episodes","agents/HMPSAC/A2C_v5.2.py",412,412,"    def calculate_actor_loss(self, advantages, episode_log_action_probabilities):
        """"""计算参与者的损失""""""
        action_log_probabilities_for_all_episodes = torch.cat(episode_log_action_probabilities)
        actor_loss = -1.0 * action_log_probabilities_for_all_episodes * advantages
        actor_loss = actor_loss.mean()
",""
"Variable:agents/HMPSAC/A2C_v5.2.py:actor_loss","actor_loss","agents/HMPSAC/A2C_v5.2.py",413,413,"        """"""计算参与者的损失""""""
        action_log_probabilities_for_all_episodes = torch.cat(episode_log_action_probabilities)
        actor_loss = -1.0 * action_log_probabilities_for_all_episodes * advantages
        actor_loss = actor_loss.mean()
        return actor_loss
",""
"Variable:agents/HMPSAC/A2C_v5.2.py:gradients","gradients","agents/HMPSAC/A2C_v5.2.py",423,423,"        actor_task_loss.backward()
        torch.nn.utils.clip_grad_norm_(self.local_actor_task_model.parameters(), self.gradient_clipping_norm)  # 梯度裁剪
        gradients = [param.grad.clone() for param in self.local_actor_task_model.parameters()]  # 线程子网络梯度
        self.gradient_updates_queue_actor_task.put(gradients)
        # 线程机器策略网络梯度加入队列
",""
"Variable:agents/HMPSAC/A2C_v5.2.py:da3c_object","da3c_object","agents/HMPSAC/A2C_v5.2.py",440,440,"# 测试算法
if __name__ == '__main__':
    da3c_object = DA3C()
    da3c_object.run_n_episodes()

",""
"Variable:agents/HMPSAC/A2C_v5.3.py:agent_version","agent_version","agents/HMPSAC/A2C_v5.3.py",20,20,"from visdom import Visdom
from utilities.Utility_Class import AddData
agent_version = '_v5.3'
# 训练结果数据保存位置
path_file_name = 'D:/Python project/HMPSAC_Fluid_Model_MOMDFJSP/results/HMPSAC/training' + agent_version + '.csv'
",""
"Variable:agents/HMPSAC/A2C_v5.3.py:path_file_name","path_file_name","agents/HMPSAC/A2C_v5.3.py",22,22,"agent_version = '_v5.3'
# 训练结果数据保存位置
path_file_name = 'D:/Python project/HMPSAC_Fluid_Model_MOMDFJSP/results/HMPSAC/training' + agent_version + '.csv'
add_data_object = AddData(path_file_name)
add_data_object.add_data(['epoch', 'energy'])
",""
"Variable:agents/HMPSAC/A2C_v5.3.py:add_data_object","add_data_object","agents/HMPSAC/A2C_v5.3.py",23,23,"# 训练结果数据保存位置
path_file_name = 'D:/Python project/HMPSAC_Fluid_Model_MOMDFJSP/results/HMPSAC/training' + agent_version + '.csv'
add_data_object = AddData(path_file_name)
add_data_object.add_data(['epoch', 'energy'])
# 监控训练过程
",""
"Variable:agents/HMPSAC/A2C_v5.3.py:window_name","window_name","agents/HMPSAC/A2C_v5.3.py",26,26,"add_data_object.add_data(['epoch', 'energy'])
# 监控训练过程
window_name = 'Double Actor_critic' + agent_version
vis = Visdom()
win = window_name
",""
"Variable:agents/HMPSAC/A2C_v5.3.py:vis","vis","agents/HMPSAC/A2C_v5.3.py",27,27,"# 监控训练过程
window_name = 'Double Actor_critic' + agent_version
vis = Visdom()
win = window_name
title = window_name
",""
"Variable:agents/HMPSAC/A2C_v5.3.py:win","win","agents/HMPSAC/A2C_v5.3.py",28,28,"window_name = 'Double Actor_critic' + agent_version
vis = Visdom()
win = window_name
title = window_name
vis.line(X=[0], Y=[0], win=win, opts=dict(title=title, xlabel='epoch', ylable='energy_consumption', font=dict(family='Times New Roman')))
",""
"Variable:agents/HMPSAC/A2C_v5.3.py:title","title","agents/HMPSAC/A2C_v5.3.py",29,29,"vis = Visdom()
win = window_name
title = window_name
vis.line(X=[0], Y=[0], win=win, opts=dict(title=title, xlabel='epoch', ylable='energy_consumption', font=dict(family='Times New Roman')))

",""
"Variable:agents/HMPSAC/A2C_v5.3.py:x","x","agents/HMPSAC/A2C_v5.3.py",49,49,"    def forward(self, x):
        for layer in self.layers_1:
            x = layer(x)
        x = F.softmax(x, dim=-1)
        return x
",""
"Variable:agents/HMPSAC/A2C_v5.3.py:agent_name","agent_name","agents/HMPSAC/A2C_v5.3.py",96,96,"class DA3C(Base_Agent, Config):
    """"""Actor critic A3C algorithm""""""
    agent_name = ""DA3C""

    def __init__(self):
",""
"Variable:agents/HMPSAC/A2C_v5.3.py:start","start","agents/HMPSAC/A2C_v5.3.py",126,126,"    def run_n_episodes(self):
        """"""运行环境n次直到完成，然后总结结果并保存模型(如果要求的话)""""""
        start = time.time()
        gradient_updates_queue_actor_task = Queue()
        gradient_updates_queue_actor_machine = Queue()
",""
"Variable:agents/HMPSAC/A2C_v5.3.py:gradient_updates_queue_actor_task","gradient_updates_queue_actor_task","agents/HMPSAC/A2C_v5.3.py",127,127,"        """"""运行环境n次直到完成，然后总结结果并保存模型(如果要求的话)""""""
        start = time.time()
        gradient_updates_queue_actor_task = Queue()
        gradient_updates_queue_actor_machine = Queue()
        gradient_updates_queue_critic = Queue()
",""
"Variable:agents/HMPSAC/A2C_v5.3.py:gradient_updates_queue_actor_machine","gradient_updates_queue_actor_machine","agents/HMPSAC/A2C_v5.3.py",128,128,"        start = time.time()
        gradient_updates_queue_actor_task = Queue()
        gradient_updates_queue_actor_machine = Queue()
        gradient_updates_queue_critic = Queue()
        self.episode_number = multiprocessing.Value('i', 0)  # 多线程共享整数型+初始值为0的参数
",""
"Variable:agents/HMPSAC/A2C_v5.3.py:gradient_updates_queue_critic","gradient_updates_queue_critic","agents/HMPSAC/A2C_v5.3.py",129,129,"        gradient_updates_queue_actor_task = Queue()
        gradient_updates_queue_actor_machine = Queue()
        gradient_updates_queue_critic = Queue()
        self.episode_number = multiprocessing.Value('i', 0)  # 多线程共享整数型+初始值为0的参数
        self.optimizer_lock = multiprocessing.Lock()   # 创建锁对象，用于更新全局网络参数
",""
"Variable:agents/HMPSAC/A2C_v5.3.py:episodes_per_process","episodes_per_process","agents/HMPSAC/A2C_v5.3.py",132,132,"        self.episode_number = multiprocessing.Value('i', 0)  # 多线程共享整数型+初始值为0的参数
        self.optimizer_lock = multiprocessing.Lock()   # 创建锁对象，用于更新全局网络参数
        episodes_per_process = int(self.num_episodes_to_run / self.worker_processes) + 1
        processes = []  # 初始化线程列表
        self.actor_task_model.share_memory()
",""
"Variable:agents/HMPSAC/A2C_v5.3.py:processes","processes","agents/HMPSAC/A2C_v5.3.py",133,133,"        self.optimizer_lock = multiprocessing.Lock()   # 创建锁对象，用于更新全局网络参数
        episodes_per_process = int(self.num_episodes_to_run / self.worker_processes) + 1
        processes = []  # 初始化线程列表
        self.actor_task_model.share_memory()
        self.actor_machine_model.share_memory()
",""
"Variable:agents/HMPSAC/A2C_v5.3.py:optimizer_worker","optimizer_worker","agents/HMPSAC/A2C_v5.3.py",140,143,"        self.actor_machine_optimizer.share_memory()
        self.critic_optimizer.share_memory()
        optimizer_worker = multiprocessing.Process(target=self.update_shared_model,
                                                   args=(gradient_updates_queue_actor_task,
                                                         gradient_updates_queue_actor_machine,
                                                         gradient_updates_queue_critic))
        optimizer_worker.start()  # 启动总梯度更新主线程

",""
"Variable:agents/HMPSAC/A2C_v5.3.py:worker","worker","agents/HMPSAC/A2C_v5.3.py",147,154,"
        for process_num in range(self.worker_processes):
            worker = Actor_Critic_Worker(process_num, self.actor_task_model, self.actor_machine_model, self.critic_model,
                                         self.episode_number, self.optimizer_lock, self.actor_task_optimizer,
                                         self.actor_machine_optimizer, self.critic_optimizer, self.hyper_parameters,
                                         episodes_per_process, self.epsilon_decay_rate_denominator,
                                         copy.deepcopy(self.actor_task_model), copy.deepcopy(self.actor_machine_model),
                                         copy.deepcopy(self.critic_model), gradient_updates_queue_actor_task,
                                         gradient_updates_queue_actor_machine, gradient_updates_queue_critic,
                                         self.environment_test)
            worker.start()  # 启动各子线程run()函数
            processes.append(worker)
",""
"Variable:agents/HMPSAC/A2C_v5.3.py:time_taken","time_taken","agents/HMPSAC/A2C_v5.3.py",160,160,"            worker.join()  # 让子线程结束后主线程再结束
        optimizer_worker.terminate()  # 主线程退出
        time_taken = time.time() - start
        return time_taken

",""
"Variable:agents/HMPSAC/A2C_v5.3.py:gradients_actor_task","gradients_actor_task","agents/HMPSAC/A2C_v5.3.py",168,168,"        """"""收到工作线程的梯度{信息传入队列}，更新全局网络梯度""""""
        while True:
            gradients_actor_task = gradient_updates_queue_actor_task.get()
            gradients_actor_machine = gradient_updates_queue_actor_machine.get()
            gradients_critic = gradient_updates_queue_critic.get()
",""
"Variable:agents/HMPSAC/A2C_v5.3.py:gradients_actor_machine","gradients_actor_machine","agents/HMPSAC/A2C_v5.3.py",169,169,"        while True:
            gradients_actor_task = gradient_updates_queue_actor_task.get()
            gradients_actor_machine = gradient_updates_queue_actor_machine.get()
            gradients_critic = gradient_updates_queue_critic.get()
            with self.optimizer_lock:
",""
"Variable:agents/HMPSAC/A2C_v5.3.py:gradients_critic","gradients_critic","agents/HMPSAC/A2C_v5.3.py",170,170,"            gradients_actor_task = gradient_updates_queue_actor_task.get()
            gradients_actor_machine = gradient_updates_queue_actor_machine.get()
            gradients_critic = gradient_updates_queue_critic.get()
            with self.optimizer_lock:
                # 更新工序策略网络梯度
",""
"Variable:agents/HMPSAC/A2C_v5.3.py:file_path","file_path","agents/HMPSAC/A2C_v5.3.py",236,236,"    def save_actor_model(self, save_model_boole=True):
        """"""保存全局策略网络""""""
        file_path = 'D:/Python project/HMPSAC_Fluid_Model_MOMDFJSP/results/HMPSAC/policy_networks' + agent_version + '/'
        if save_model_boole:
            torch.save(self.actor_task_model.state_dict(), file_path + 'actor_task_model.path')
",""
"Variable:agents/HMPSAC/A2C_v5.3.py:DDT","DDT","agents/HMPSAC/A2C_v5.3.py",246,246,"    def generated_new_environment(self):
        """"""返回新环境对象""""""
        DDT = random.uniform(0.5, 1.5)
        M = random.randint(10, 20)
        S = random.randint(1, 5)
",""
"Variable:agents/HMPSAC/A2C_v5.3.py:M","M","agents/HMPSAC/A2C_v5.3.py",247,247,"        """"""返回新环境对象""""""
        DDT = random.uniform(0.5, 1.5)
        M = random.randint(10, 20)
        S = random.randint(1, 5)
        return MO_DFJSP_Environment(use_instance=True, DDT=DDT, M=M, S=S)
",""
"Variable:agents/HMPSAC/A2C_v5.3.py:S","S","agents/HMPSAC/A2C_v5.3.py",248,248,"        DDT = random.uniform(0.5, 1.5)
        M = random.randint(10, 20)
        S = random.randint(1, 5)
        return MO_DFJSP_Environment(use_instance=True, DDT=DDT, M=M, S=S)

",""
"Variable:agents/HMPSAC/A2C_v5.3.py:epsilon_exploration","epsilon_exploration","agents/HMPSAC/A2C_v5.3.py",261,261,"                Base_Agent.copy_model_over(self.actor_machine_model, self.local_actor_machine_model)
                Base_Agent.copy_model_over(self.critic_model, self.local_critic_model)
            epsilon_exploration = self.calculate_new_exploration()  # 计算新的探索参数
            state = self.environment.reset()  # 初始化状态
            done = False
",""
"Variable:agents/HMPSAC/A2C_v5.3.py:state","state","agents/HMPSAC/A2C_v5.3.py",262,262,"                Base_Agent.copy_model_over(self.critic_model, self.local_critic_model)
            epsilon_exploration = self.calculate_new_exploration()  # 计算新的探索参数
            state = self.environment.reset()  # 初始化状态
            done = False
            self.episode_states = []  # 状态列表
",""
"Variable:agents/HMPSAC/A2C_v5.3.py:done","done","agents/HMPSAC/A2C_v5.3.py",263,263,"            epsilon_exploration = self.calculate_new_exploration()  # 计算新的探索参数
            state = self.environment.reset()  # 初始化状态
            done = False
            self.episode_states = []  # 状态列表
            self.episode_actions = []  # 动作列表
",""
"Variable:agents/HMPSAC/A2C_v5.3.py:state_add","state_add","agents/HMPSAC/A2C_v5.3.py",273,273,"            while not done:
                action_task, action_task_log_prob = self.pick_action_and_log_prob(self.local_actor_task_model, state, epsilon_exploration)
                state_add = np.append(state, action_task)  # 带选择的工序规则信息的状态
                action_machine, action_machine_log_prob = self.pick_action_and_log_prob(self.local_actor_machine_model, state_add, epsilon_exploration)
                critic_outputs = self.get_critic_value(self.local_critic_model, state)
",""
"Variable:agents/HMPSAC/A2C_v5.3.py:critic_outputs","critic_outputs","agents/HMPSAC/A2C_v5.3.py",275,275,"                state_add = np.append(state, action_task)  # 带选择的工序规则信息的状态
                action_machine, action_machine_log_prob = self.pick_action_and_log_prob(self.local_actor_machine_model, state_add, epsilon_exploration)
                critic_outputs = self.get_critic_value(self.local_critic_model, state)
                actions = np.array([action_task, action_machine])  # 二维离散动作
                next_state, reward, done = self.environment.step(actions, reward_policy=2)
",""
"Variable:agents/HMPSAC/A2C_v5.3.py:actions","actions","agents/HMPSAC/A2C_v5.3.py",276,276,"                action_machine, action_machine_log_prob = self.pick_action_and_log_prob(self.local_actor_machine_model, state_add, epsilon_exploration)
                critic_outputs = self.get_critic_value(self.local_critic_model, state)
                actions = np.array([action_task, action_machine])  # 二维离散动作
                next_state, reward, done = self.environment.step(actions, reward_policy=2)
                self.episode_states.append(state)
",""
"Variable:agents/HMPSAC/A2C_v5.3.py:action_task","action_task","agents/HMPSAC/A2C_v5.3.py",294,294,"                state = self.environment_test.reset()
                while not self.environment_test.done:
                    action_task = self.pick_action(self.actor_task_model, state)
                    state_add = np.append(state, action_task)  # 带选择的工序规则信息的状态
                    action_machine = \
",""
"Variable:agents/HMPSAC/A2C_v5.3.py:action_machine","action_machine","agents/HMPSAC/A2C_v5.3.py",296,297,"                    action_task = self.pick_action(self.actor_task_model, state)
                    state_add = np.append(state, action_task)  # 带选择的工序规则信息的状态
                    action_machine = \
                        self.pick_action(self.actor_machine_model, state_add)
                    actions = np.array([action_task, action_machine])  # 二维离散动作
                    next_state, reward, done = self.environment_test.step(actions, reward_policy=2)
",""
"Variable:agents/HMPSAC/A2C_v5.3.py:epsilon","epsilon","agents/HMPSAC/A2C_v5.3.py",311,311,"        """"""计算新的勘探参数。它在当前的上下3X范围内随机选取一个点""""""
        with self.counter.get_lock():
            epsilon = 1.0 / (1.0 + (self.counter.value / self.epsilon_decay_denominator))
        epsilon = max(0.0, random.uniform(epsilon / self.exploration_worker_difference,
                                          epsilon * self.exploration_worker_difference))
",""
"Variable:agents/HMPSAC/A2C_v5.3.py:actor_output","actor_output","agents/HMPSAC/A2C_v5.3.py",319,319,"        """"""使用策略选择一个动作""""""
        state = torch.from_numpy(state).float().unsqueeze(0)  # 状态转为tensor类型
        actor_output = policy.forward(state)
        if policy.name == ""task_policy"":
            action_size = self.actions_size[0]
",""
"Variable:agents/HMPSAC/A2C_v5.3.py:action_size","action_size","agents/HMPSAC/A2C_v5.3.py",321,321,"        actor_output = policy.forward(state)
        if policy.name == ""task_policy"":
            action_size = self.actions_size[0]
        else:
            action_size = self.actions_size[1]
",""
"Variable:agents/HMPSAC/A2C_v5.3.py:action_distribution","action_distribution","agents/HMPSAC/A2C_v5.3.py",325,325,"            action_size = self.actions_size[1]
        # 动作分布实例
        action_distribution = create_actor_distribution(self.action_types, actor_output, action_size)  # 动作分布实例
        action = action_distribution.sample().cpu().numpy()  # 采样一个动作
        if self.action_types == ""DISCRETE"":
",""
"Variable:agents/HMPSAC/A2C_v5.3.py:action","action","agents/HMPSAC/A2C_v5.3.py",326,326,"        # 动作分布实例
        action_distribution = create_actor_distribution(self.action_types, actor_output, action_size)  # 动作分布实例
        action = action_distribution.sample().cpu().numpy()  # 采样一个动作
        if self.action_types == ""DISCRETE"":
            if random.random() <= epsilon_exploration:
",""
"Variable:agents/HMPSAC/A2C_v5.3.py:action_log_prob","action_log_prob","agents/HMPSAC/A2C_v5.3.py",332,332,"            else:
                action = action[0]
        action_log_prob = self.calculate_log_action_probability(action, action_distribution)
        return action, action_log_prob

",""
"Variable:agents/HMPSAC/A2C_v5.3.py:critic_output","critic_output","agents/HMPSAC/A2C_v5.3.py",352,352,"        """"""返回评论家网络值""""""
        state = torch.from_numpy(state).float().unsqueeze(0)  # 状态转为tensor类型
        critic_output = policy.forward(state)
        return critic_output

",""
"Variable:agents/HMPSAC/A2C_v5.3.py:policy_distribution_log_prob","policy_distribution_log_prob","agents/HMPSAC/A2C_v5.3.py",358,358,"        """"""计算所选动作的log概率""""""
        actions = torch.Tensor([actions])
        policy_distribution_log_prob = action_distribution.log_prob(actions)
        return policy_distribution_log_prob

",""
"Variable:agents/HMPSAC/A2C_v5.3.py:discounted_returns","discounted_returns","agents/HMPSAC/A2C_v5.3.py",363,363,"    def calculate_total_loss(self):
        """"""计算策略网络损失和评论家损失之和""""""
        discounted_returns = self.calculate_discounted_returns()
        if self.normalise_rewards:
            discounted_returns = self.normalise_discounted_returns(discounted_returns)
",""
"Variable:agents/HMPSAC/A2C_v5.3.py:actor_task_loss","actor_task_loss","agents/HMPSAC/A2C_v5.3.py",367,367,"            discounted_returns = self.normalise_discounted_returns(discounted_returns)
        critic_loss, advantages = self.calculate_critic_loss_and_advantages(discounted_returns)  # 计算评论家损失和优势函数
        actor_task_loss = self.calculate_actor_loss(advantages, self.episode_log_action_task_probabilities)
        actor_machine_loss = self.calculate_actor_loss(advantages, self.episode_log_action_machine_probabilities)
        return critic_loss, actor_task_loss, actor_machine_loss
",""
"Variable:agents/HMPSAC/A2C_v5.3.py:actor_machine_loss","actor_machine_loss","agents/HMPSAC/A2C_v5.3.py",368,368,"        critic_loss, advantages = self.calculate_critic_loss_and_advantages(discounted_returns)  # 计算评论家损失和优势函数
        actor_task_loss = self.calculate_actor_loss(advantages, self.episode_log_action_task_probabilities)
        actor_machine_loss = self.calculate_actor_loss(advantages, self.episode_log_action_machine_probabilities)
        return critic_loss, actor_task_loss, actor_machine_loss

",""
"Variable:agents/HMPSAC/A2C_v5.3.py:return_value","return_value","agents/HMPSAC/A2C_v5.3.py",377,377,"        discounted_returns = [0]
        for ix in range(len(self.episode_states)):
            return_value = self.episode_rewards[-(ix + 1)] + self.discount_rate*discounted_returns[-1]
            discounted_returns.append(return_value)
        discounted_returns = discounted_returns[1:]
",""
"Variable:agents/HMPSAC/A2C_v5.3.py:mean","mean","agents/HMPSAC/A2C_v5.3.py",385,385,"    def normalise_discounted_returns(self, discounted_returns):
        """"""通过回报的均值和标准差，使回报均值为0标准差为1""""""
        mean = np.mean(discounted_returns)
        std = np.std(discounted_returns)
        discounted_returns -= mean
",""
"Variable:agents/HMPSAC/A2C_v5.3.py:std","std","agents/HMPSAC/A2C_v5.3.py",386,386,"        """"""通过回报的均值和标准差，使回报均值为0标准差为1""""""
        mean = np.mean(discounted_returns)
        std = np.std(discounted_returns)
        discounted_returns -= mean
        discounted_returns /= (std + 1e-5)
",""
"Variable:agents/HMPSAC/A2C_v5.3.py:min_value","min_value","agents/HMPSAC/A2C_v5.3.py",393,393,"    def normalization_discounted_returns(self, discounted_returns):
        """"""归一化每个环境下的回报值，抵消不同环境对累计回报的影响""""""
        min_value = np.min(discounted_returns)
        max_value = np.max(discounted_returns)
        discounted_returns = discounted_returns + abs(min_value)
",""
"Variable:agents/HMPSAC/A2C_v5.3.py:max_value","max_value","agents/HMPSAC/A2C_v5.3.py",394,394,"        """"""归一化每个环境下的回报值，抵消不同环境对累计回报的影响""""""
        min_value = np.min(discounted_returns)
        max_value = np.max(discounted_returns)
        discounted_returns = discounted_returns + abs(min_value)
        range_value = max_value - min_value
",""
"Variable:agents/HMPSAC/A2C_v5.3.py:range_value","range_value","agents/HMPSAC/A2C_v5.3.py",396,396,"        max_value = np.max(discounted_returns)
        discounted_returns = discounted_returns + abs(min_value)
        range_value = max_value - min_value
        discounted_returns = discounted_returns/range_value
        return discounted_returns
",""
"Variable:agents/HMPSAC/A2C_v5.3.py:critic_values","critic_values","agents/HMPSAC/A2C_v5.3.py",402,402,"    def calculate_critic_loss_and_advantages(self, all_discounted_returns):
        """"""计算评论家的损失和优势""""""
        critic_values = torch.cat(self.critic_outputs)
        advantages = torch.Tensor(all_discounted_returns) - critic_values  # 计算优势函数值|V(s_t)_target - V(s_t)_critic
        advantages = advantages.detach()
",""
"Variable:agents/HMPSAC/A2C_v5.3.py:advantages","advantages","agents/HMPSAC/A2C_v5.3.py",403,403,"        """"""计算评论家的损失和优势""""""
        critic_values = torch.cat(self.critic_outputs)
        advantages = torch.Tensor(all_discounted_returns) - critic_values  # 计算优势函数值|V(s_t)_target - V(s_t)_critic
        advantages = advantages.detach()
        critic_loss = (torch.Tensor(all_discounted_returns) - critic_values)**2
",""
"Variable:agents/HMPSAC/A2C_v5.3.py:critic_loss","critic_loss","agents/HMPSAC/A2C_v5.3.py",405,405,"        advantages = torch.Tensor(all_discounted_returns) - critic_values  # 计算优势函数值|V(s_t)_target - V(s_t)_critic
        advantages = advantages.detach()
        critic_loss = (torch.Tensor(all_discounted_returns) - critic_values)**2
        critic_loss = critic_loss.mean()
        return critic_loss, advantages
",""
"Variable:agents/HMPSAC/A2C_v5.3.py:action_log_probabilities_for_all_episodes","action_log_probabilities_for_all_episodes","agents/HMPSAC/A2C_v5.3.py",411,411,"    def calculate_actor_loss(self, advantages, episode_log_action_probabilities):
        """"""计算参与者的损失""""""
        action_log_probabilities_for_all_episodes = torch.cat(episode_log_action_probabilities)
        actor_loss = -1.0 * action_log_probabilities_for_all_episodes * advantages
        actor_loss = actor_loss.mean()
",""
"Variable:agents/HMPSAC/A2C_v5.3.py:actor_loss","actor_loss","agents/HMPSAC/A2C_v5.3.py",412,412,"        """"""计算参与者的损失""""""
        action_log_probabilities_for_all_episodes = torch.cat(episode_log_action_probabilities)
        actor_loss = -1.0 * action_log_probabilities_for_all_episodes * advantages
        actor_loss = actor_loss.mean()
        return actor_loss
",""
"Variable:agents/HMPSAC/A2C_v5.3.py:gradients","gradients","agents/HMPSAC/A2C_v5.3.py",422,422,"        actor_task_loss.backward()
        torch.nn.utils.clip_grad_norm_(self.local_actor_task_model.parameters(), self.gradient_clipping_norm)  # 梯度裁剪
        gradients = [param.grad.clone() for param in self.local_actor_task_model.parameters()]  # 线程子网络梯度
        self.gradient_updates_queue_actor_task.put(gradients)
        # 线程机器策略网络梯度加入队列
",""
"Variable:agents/HMPSAC/A2C_v5.3.py:da3c_object","da3c_object","agents/HMPSAC/A2C_v5.3.py",439,439,"# 测试算法
if __name__ == '__main__':
    da3c_object = DA3C()
    da3c_object.run_n_episodes()

",""
"Variable:agents/HMPSAC/Buffer.py:experiences","experiences","agents/HMPSAC/Buffer.py",22,23,"        if type(dones) == list:
            assert type(dones[0]) != list, ""A done shouldn't be a list""
            experiences = [self.experience(state, action, reward, next_state, done)
                           for state, action, reward, next_state, done in zip(states, actions, rewards, next_states, dones)]
            self.memory.extend(experiences)
        else:
",""
"Variable:agents/HMPSAC/Buffer.py:experience","experience","agents/HMPSAC/Buffer.py",26,26,"            self.memory.extend(experiences)
        else:
            experience = self.experience(states, actions, rewards, next_states, dones)
            self.memory.append(experience)

",""
"Variable:agents/HMPSAC/Buffer.py:states","states","agents/HMPSAC/Buffer.py",40,40,"    def separate_out_data_types(self, experiences):
        """"""将采样经验转换为PyTorch神经网络的正确格式""""""
        states = torch.from_numpy(np.vstack([e.state for e in experiences if e is not None])).float().to(self.device)
        actions = torch.from_numpy(np.vstack([e.action for e in experiences if e is not None])).float().to(self.device).squeeze(1)
        rewards = torch.from_numpy(np.vstack([e.reward for e in experiences if e is not None])).float().to(self.device).squeeze(1)
",""
"Variable:agents/HMPSAC/Buffer.py:actions","actions","agents/HMPSAC/Buffer.py",41,41,"        """"""将采样经验转换为PyTorch神经网络的正确格式""""""
        states = torch.from_numpy(np.vstack([e.state for e in experiences if e is not None])).float().to(self.device)
        actions = torch.from_numpy(np.vstack([e.action for e in experiences if e is not None])).float().to(self.device).squeeze(1)
        rewards = torch.from_numpy(np.vstack([e.reward for e in experiences if e is not None])).float().to(self.device).squeeze(1)
        next_states = torch.from_numpy(np.vstack([e.next_state for e in experiences if e is not None])).float().to(self.device)
",""
"Variable:agents/HMPSAC/Buffer.py:rewards","rewards","agents/HMPSAC/Buffer.py",42,42,"        states = torch.from_numpy(np.vstack([e.state for e in experiences if e is not None])).float().to(self.device)
        actions = torch.from_numpy(np.vstack([e.action for e in experiences if e is not None])).float().to(self.device).squeeze(1)
        rewards = torch.from_numpy(np.vstack([e.reward for e in experiences if e is not None])).float().to(self.device).squeeze(1)
        next_states = torch.from_numpy(np.vstack([e.next_state for e in experiences if e is not None])).float().to(self.device)
        dones = torch.from_numpy(np.vstack([int(e.done) for e in experiences if e is not None])).float().to(self.device).squeeze(1)
",""
"Variable:agents/HMPSAC/Buffer.py:next_states","next_states","agents/HMPSAC/Buffer.py",43,43,"        actions = torch.from_numpy(np.vstack([e.action for e in experiences if e is not None])).float().to(self.device).squeeze(1)
        rewards = torch.from_numpy(np.vstack([e.reward for e in experiences if e is not None])).float().to(self.device).squeeze(1)
        next_states = torch.from_numpy(np.vstack([e.next_state for e in experiences if e is not None])).float().to(self.device)
        dones = torch.from_numpy(np.vstack([int(e.done) for e in experiences if e is not None])).float().to(self.device).squeeze(1)
        
",""
"Variable:agents/HMPSAC/Buffer.py:dones","dones","agents/HMPSAC/Buffer.py",44,44,"        rewards = torch.from_numpy(np.vstack([e.reward for e in experiences if e is not None])).float().to(self.device).squeeze(1)
        next_states = torch.from_numpy(np.vstack([e.next_state for e in experiences if e is not None])).float().to(self.device)
        dones = torch.from_numpy(np.vstack([int(e.done) for e in experiences if e is not None])).float().to(self.device).squeeze(1)
        
        return states, actions, rewards, next_states, dones
",""
"Variable:agents/HMPSAC/SAC.py:agent_version","agent_version","agents/HMPSAC/SAC.py",19,19,"
# 训练结果数据保存位置
agent_version = '_v3.1'
path_file_name = 'D:/Python project/HMPSAC_Fluid_Model_MOMDFJSP/results/HMPSAC/training' + agent_version + '.csv'
add_data_object = AddData(path_file_name)
",""
"Variable:agents/HMPSAC/SAC.py:path_file_name","path_file_name","agents/HMPSAC/SAC.py",20,20,"# 训练结果数据保存位置
agent_version = '_v3.1'
path_file_name = 'D:/Python project/HMPSAC_Fluid_Model_MOMDFJSP/results/HMPSAC/training' + agent_version + '.csv'
add_data_object = AddData(path_file_name)
add_data_object.add_data(['epoch', 'makespan', 'tardiness', 'energy'])
",""
"Variable:agents/HMPSAC/SAC.py:add_data_object","add_data_object","agents/HMPSAC/SAC.py",21,21,"agent_version = '_v3.1'
path_file_name = 'D:/Python project/HMPSAC_Fluid_Model_MOMDFJSP/results/HMPSAC/training' + agent_version + '.csv'
add_data_object = AddData(path_file_name)
add_data_object.add_data(['epoch', 'makespan', 'tardiness', 'energy'])
# 监控训练过程
",""
"Variable:agents/HMPSAC/SAC.py:vis","vis","agents/HMPSAC/SAC.py",24,24,"add_data_object.add_data(['epoch', 'makespan', 'tardiness', 'energy'])
# 监控训练过程
vis = Visdom()
window_1 = 'completion_time' + agent_version
title_1 = window_1
",""
"Variable:agents/HMPSAC/SAC.py:window_1","window_1","agents/HMPSAC/SAC.py",25,25,"# 监控训练过程
vis = Visdom()
window_1 = 'completion_time' + agent_version
title_1 = window_1
vis.line(X=[0], Y=[0], win=window_1, opts=dict(title=title_1, xlabel='epoch', ylable='completion_time', font=dict(family='Times New Roman')))
",""
"Variable:agents/HMPSAC/SAC.py:title_1","title_1","agents/HMPSAC/SAC.py",26,26,"vis = Visdom()
window_1 = 'completion_time' + agent_version
title_1 = window_1
vis.line(X=[0], Y=[0], win=window_1, opts=dict(title=title_1, xlabel='epoch', ylable='completion_time', font=dict(family='Times New Roman')))
window_2 = 'total_delay_time' + agent_version
",""
"Variable:agents/HMPSAC/SAC.py:window_2","window_2","agents/HMPSAC/SAC.py",28,28,"title_1 = window_1
vis.line(X=[0], Y=[0], win=window_1, opts=dict(title=title_1, xlabel='epoch', ylable='completion_time', font=dict(family='Times New Roman')))
window_2 = 'total_delay_time' + agent_version
title_2 = window_2
vis.line(X=[0], Y=[0], win=window_2, opts=dict(title=title_2, xlabel='epoch', ylable='total_delay_time', font=dict(family='Times New Roman')))
",""
"Variable:agents/HMPSAC/SAC.py:title_2","title_2","agents/HMPSAC/SAC.py",29,29,"vis.line(X=[0], Y=[0], win=window_1, opts=dict(title=title_1, xlabel='epoch', ylable='completion_time', font=dict(family='Times New Roman')))
window_2 = 'total_delay_time' + agent_version
title_2 = window_2
vis.line(X=[0], Y=[0], win=window_2, opts=dict(title=title_2, xlabel='epoch', ylable='total_delay_time', font=dict(family='Times New Roman')))
window_3 = 'total_energy_consumption' + agent_version
",""
"Variable:agents/HMPSAC/SAC.py:window_3","window_3","agents/HMPSAC/SAC.py",31,31,"title_2 = window_2
vis.line(X=[0], Y=[0], win=window_2, opts=dict(title=title_2, xlabel='epoch', ylable='total_delay_time', font=dict(family='Times New Roman')))
window_3 = 'total_energy_consumption' + agent_version
title_3 = window_3
vis.line(X=[0], Y=[0], win=window_3, opts=dict(title=title_3, xlabel='epoch', ylable='total_energy_consumption', font=dict(family='Times New Roman')))
",""
"Variable:agents/HMPSAC/SAC.py:title_3","title_3","agents/HMPSAC/SAC.py",32,32,"vis.line(X=[0], Y=[0], win=window_2, opts=dict(title=title_2, xlabel='epoch', ylable='total_delay_time', font=dict(family='Times New Roman')))
window_3 = 'total_energy_consumption' + agent_version
title_3 = window_3
vis.line(X=[0], Y=[0], win=window_3, opts=dict(title=title_3, xlabel='epoch', ylable='total_energy_consumption', font=dict(family='Times New Roman')))

",""
"Variable:agents/HMPSAC/SAC.py:LOG_SIG_MAX","LOG_SIG_MAX","agents/HMPSAC/SAC.py",36,36,"
# 全局参数定义
LOG_SIG_MAX = 2
LOG_SIG_MIN = -20
TRAINING_EPISODES_PER_EVAL_EPISODE = 10
",""
"Variable:agents/HMPSAC/SAC.py:LOG_SIG_MIN","LOG_SIG_MIN","agents/HMPSAC/SAC.py",37,37,"# 全局参数定义
LOG_SIG_MAX = 2
LOG_SIG_MIN = -20
TRAINING_EPISODES_PER_EVAL_EPISODE = 10
EPSILON = 1e-6
",""
"Variable:agents/HMPSAC/SAC.py:TRAINING_EPISODES_PER_EVAL_EPISODE","TRAINING_EPISODES_PER_EVAL_EPISODE","agents/HMPSAC/SAC.py",38,38,"LOG_SIG_MAX = 2
LOG_SIG_MIN = -20
TRAINING_EPISODES_PER_EVAL_EPISODE = 10
EPSILON = 1e-6

",""
"Variable:agents/HMPSAC/SAC.py:EPSILON","EPSILON","agents/HMPSAC/SAC.py",39,39,"LOG_SIG_MIN = -20
TRAINING_EPISODES_PER_EVAL_EPISODE = 10
EPSILON = 1e-6


",""
"Variable:agents/HMPSAC/SAC.py:x","x","agents/HMPSAC/SAC.py",57,57,"    def forward(self, x):
        for layer in self.layers_1:
            x = layer(x)
        x = F.softmax(x, dim=-1)
        return x
",""
"Variable:agents/HMPSAC/SAC.py:file_path","file_path","agents/HMPSAC/SAC.py",188,188,"        """"""加载三目标策略网络""""""
        for objective, policy in self.objectives_policy.items():
            file_path = 'D:/Python project/HMPSAC_Fluid_Model_MOMDFJSP/results/HMPSAC/policy_networks_v5.' + str(policy + 1) + '/'
            actor_net_task = TaskPolicyNet(input_size_1=30, hidden_size=200, hidden_layer_1=3, output_size_1=12).to(self.device)
            actor_net_task.load_state_dict(torch.load(file_path + 'actor_task_model.path'))
",""
"Variable:agents/HMPSAC/SAC.py:actor_net_task","actor_net_task","agents/HMPSAC/SAC.py",189,189,"        for objective, policy in self.objectives_policy.items():
            file_path = 'D:/Python project/HMPSAC_Fluid_Model_MOMDFJSP/results/HMPSAC/policy_networks_v5.' + str(policy + 1) + '/'
            actor_net_task = TaskPolicyNet(input_size_1=30, hidden_size=200, hidden_layer_1=3, output_size_1=12).to(self.device)
            actor_net_task.load_state_dict(torch.load(file_path + 'actor_task_model.path'))
            self.policy_dict[policy]['task'] = actor_net_task
",""
"Variable:agents/HMPSAC/SAC.py:actor_net_machine","actor_net_machine","agents/HMPSAC/SAC.py",192,192,"            actor_net_task.load_state_dict(torch.load(file_path + 'actor_task_model.path'))
            self.policy_dict[policy]['task'] = actor_net_task
            actor_net_machine = MachinePolicyNet(input_size_2=31, hidden_size=200, hidden_layer_2=3, output_size_2=10).to(self.device)
            actor_net_machine.load_state_dict(torch.load(file_path + 'actor_machine_model.path'))
            self.policy_dict[policy]['machine'] = actor_net_machine
",""
"Variable:agents/HMPSAC/SAC.py:environment","environment","agents/HMPSAC/SAC.py",199,199,"        """"""运行N个周期""""""
        for epoch in range(self.num_episodes_to_run):
            environment = self.environment
            objectives_values = []
            # 基于三个目标策略网络获得实例的三个目标基准值
",""
"Variable:agents/HMPSAC/SAC.py:objectives_values","objectives_values","agents/HMPSAC/SAC.py",200,200,"        for epoch in range(self.num_episodes_to_run):
            environment = self.environment
            objectives_values = []
            # 基于三个目标策略网络获得实例的三个目标基准值
            for objective, policy in self.objectives_policy.items():
",""
"Variable:agents/HMPSAC/SAC.py:action_task","action_task","agents/HMPSAC/SAC.py",207,208,"                self.done = environment.done
                while not self.done:
                    action_task = self.pick_lower_action(policy=self.policy_dict[policy]['task'], state=self.state,
                                                         action_size=self.action_size_dict['task'])
                    state_machine = np.append(self.state, action_task)  # 带选择的工序规则信息的状态
                    action_machine = self.pick_lower_action(policy=self.policy_dict[policy]['machine'], state=state_machine,
",""
"Variable:agents/HMPSAC/SAC.py:state_machine","state_machine","agents/HMPSAC/SAC.py",209,209,"                    action_task = self.pick_lower_action(policy=self.policy_dict[policy]['task'], state=self.state,
                                                         action_size=self.action_size_dict['task'])
                    state_machine = np.append(self.state, action_task)  # 带选择的工序规则信息的状态
                    action_machine = self.pick_lower_action(policy=self.policy_dict[policy]['machine'], state=state_machine,
                                                            action_size=self.action_size_dict['machine'])
",""
"Variable:agents/HMPSAC/SAC.py:action_machine","action_machine","agents/HMPSAC/SAC.py",210,211,"                                                         action_size=self.action_size_dict['task'])
                    state_machine = np.append(self.state, action_task)  # 带选择的工序规则信息的状态
                    action_machine = self.pick_lower_action(policy=self.policy_dict[policy]['machine'], state=state_machine,
                                                            action_size=self.action_size_dict['machine'])
                    action_task_machine = np.array([action_task, action_machine])
                    self.next_state, self.reward, self.done = environment.step(action_task_machine, reward_policy=0, completion=None,
",""
"Variable:agents/HMPSAC/SAC.py:action_task_machine","action_task_machine","agents/HMPSAC/SAC.py",212,212,"                    action_machine = self.pick_lower_action(policy=self.policy_dict[policy]['machine'], state=state_machine,
                                                            action_size=self.action_size_dict['machine'])
                    action_task_machine = np.array([action_task, action_machine])
                    self.next_state, self.reward, self.done = environment.step(action_task_machine, reward_policy=0, completion=None,
                                                                               tardiness=None, energy_consumption=None)
",""
"Variable:agents/HMPSAC/SAC.py:objectives_arr","objectives_arr","agents/HMPSAC/SAC.py",219,219,"                objectives_values.append([environment.completion_time, environment.delay_time_sum, environment.energy_consumption])
            # 提取最小目标值
            objectives_arr = np.array(objectives_values)
            objectives_value = np.min(objectives_arr, axis=0)
            # 基于控制策略网络收集训练数据：选择目标+选择工序规则+选择机器规则+基于复合动作step环境
",""
"Variable:agents/HMPSAC/SAC.py:objectives_value","objectives_value","agents/HMPSAC/SAC.py",220,220,"            # 提取最小目标值
            objectives_arr = np.array(objectives_values)
            objectives_value = np.min(objectives_arr, axis=0)
            # 基于控制策略网络收集训练数据：选择目标+选择工序规则+选择机器规则+基于复合动作step环境
            self.state = environment.reset()
",""
"Variable:agents/HMPSAC/SAC.py:action","action","agents/HMPSAC/SAC.py",250,250,"        """"""采样动作""""""
        if self.global_step_number < self.hyper_parameters[""min_steps_before_learning""]:
            action = random.randint(0, self.action_size - 1)
        else:
            action = self.actor_pick_action(state=state)
",""
"Variable:agents/HMPSAC/SAC.py:state","state","agents/HMPSAC/SAC.py",257,257,"    def actor_pick_action(self, state):
        """"""采样一个动作""""""
        state = torch.from_numpy(state).float().unsqueeze(0).to(self.device)
        if len(state.shape) == 1:
            state = state.unsqueeze(0)
",""
"Variable:agents/HMPSAC/SAC.py:action_probabilities","action_probabilities","agents/HMPSAC/SAC.py",266,266,"    def produce_action_and_action_info(self, state):
        """"""输入状态，采样动作，各动作的概率和log概率，最大概率""""""
        action_probabilities = self.actor_local(state)
        max_probability_action = torch.argmax(action_probabilities, dim=-1)
        action_distribution = create_actor_distribution(self.action_types, action_probabilities, self.action_size)
",""
"Variable:agents/HMPSAC/SAC.py:max_probability_action","max_probability_action","agents/HMPSAC/SAC.py",267,267,"        """"""输入状态，采样动作，各动作的概率和log概率，最大概率""""""
        action_probabilities = self.actor_local(state)
        max_probability_action = torch.argmax(action_probabilities, dim=-1)
        action_distribution = create_actor_distribution(self.action_types, action_probabilities, self.action_size)
        action = action_distribution.sample().cpu()  # 动作采样
",""
"Variable:agents/HMPSAC/SAC.py:action_distribution","action_distribution","agents/HMPSAC/SAC.py",268,268,"        action_probabilities = self.actor_local(state)
        max_probability_action = torch.argmax(action_probabilities, dim=-1)
        action_distribution = create_actor_distribution(self.action_types, action_probabilities, self.action_size)
        action = action_distribution.sample().cpu()  # 动作采样
        # Have to deal with situation of 0.0 probabilities because we can't do log 0
",""
"Variable:agents/HMPSAC/SAC.py:z","z","agents/HMPSAC/SAC.py",271,271,"        action = action_distribution.sample().cpu()  # 动作采样
        # Have to deal with situation of 0.0 probabilities because we can't do log 0
        z = action_probabilities == 0.0
        z = z.float() * 1e-8
        log_action_probabilities = torch.log(action_probabilities + z)
",""
"Variable:agents/HMPSAC/SAC.py:log_action_probabilities","log_action_probabilities","agents/HMPSAC/SAC.py",273,273,"        z = action_probabilities == 0.0
        z = z.float() * 1e-8
        log_action_probabilities = torch.log(action_probabilities + z)
        return action, (action_probabilities, log_action_probabilities), max_probability_action

",""
"Variable:agents/HMPSAC/SAC.py:actor_output","actor_output","agents/HMPSAC/SAC.py",279,279,"        """"""基于策略采样一个动作""""""
        state = torch.from_numpy(state).float().unsqueeze(0).to(self.device)
        actor_output = policy.forward(state)
        action_distribution = create_actor_distribution(self.action_types, actor_output, action_size)
        action = action_distribution.sample().cpu().numpy()
",""
"Variable:agents/HMPSAC/SAC.py:alpha_loss","alpha_loss","agents/HMPSAC/SAC.py",298,298,"        policy_loss, log_pi = self.calculate_actor_loss(state_batch)
        if self.automatic_entropy_tuning:
            alpha_loss = self.calculate_entropy_tuning_loss(log_pi)
        else:
            alpha_loss = None
",""
"Variable:agents/HMPSAC/SAC.py:qf1_next_target","qf1_next_target","agents/HMPSAC/SAC.py",310,310,"        with torch.no_grad():
            next_state_action, (action_probabilities, log_action_probabilities), _ = self.produce_action_and_action_info(next_state_batch)
            qf1_next_target = self.critic_target(next_state_batch)
            qf2_next_target = self.critic_target_2(next_state_batch)
            min_qf_next_target = action_probabilities * (torch.min(qf1_next_target, qf2_next_target) - self.alpha * log_action_probabilities)
",""
"Variable:agents/HMPSAC/SAC.py:qf2_next_target","qf2_next_target","agents/HMPSAC/SAC.py",311,311,"            next_state_action, (action_probabilities, log_action_probabilities), _ = self.produce_action_and_action_info(next_state_batch)
            qf1_next_target = self.critic_target(next_state_batch)
            qf2_next_target = self.critic_target_2(next_state_batch)
            min_qf_next_target = action_probabilities * (torch.min(qf1_next_target, qf2_next_target) - self.alpha * log_action_probabilities)
            min_qf_next_target = min_qf_next_target.sum(dim=1).unsqueeze(-1)
",""
"Variable:agents/HMPSAC/SAC.py:min_qf_next_target","min_qf_next_target","agents/HMPSAC/SAC.py",312,312,"            qf1_next_target = self.critic_target(next_state_batch)
            qf2_next_target = self.critic_target_2(next_state_batch)
            min_qf_next_target = action_probabilities * (torch.min(qf1_next_target, qf2_next_target) - self.alpha * log_action_probabilities)
            min_qf_next_target = min_qf_next_target.sum(dim=1).unsqueeze(-1)
            next_q_value = reward_batch + (1.0 - done_batch) * self.hyper_parameters[""discount_rate""] * min_qf_next_target
",""
"Variable:agents/HMPSAC/SAC.py:next_q_value","next_q_value","agents/HMPSAC/SAC.py",314,314,"            min_qf_next_target = action_probabilities * (torch.min(qf1_next_target, qf2_next_target) - self.alpha * log_action_probabilities)
            min_qf_next_target = min_qf_next_target.sum(dim=1).unsqueeze(-1)
            next_q_value = reward_batch + (1.0 - done_batch) * self.hyper_parameters[""discount_rate""] * min_qf_next_target

        qf1 = self.critic_local(state_batch).gather(1, action_batch.long())
",""
"Variable:agents/HMPSAC/SAC.py:qf1","qf1","agents/HMPSAC/SAC.py",316,316,"            next_q_value = reward_batch + (1.0 - done_batch) * self.hyper_parameters[""discount_rate""] * min_qf_next_target

        qf1 = self.critic_local(state_batch).gather(1, action_batch.long())
        qf2 = self.critic_local_2(state_batch).gather(1, action_batch.long())
        qf1_loss = F.mse_loss(qf1, next_q_value)
",""
"Variable:agents/HMPSAC/SAC.py:qf2","qf2","agents/HMPSAC/SAC.py",317,317,"
        qf1 = self.critic_local(state_batch).gather(1, action_batch.long())
        qf2 = self.critic_local_2(state_batch).gather(1, action_batch.long())
        qf1_loss = F.mse_loss(qf1, next_q_value)
        qf2_loss = F.mse_loss(qf2, next_q_value)
",""
"Variable:agents/HMPSAC/SAC.py:qf1_loss","qf1_loss","agents/HMPSAC/SAC.py",318,318,"        qf1 = self.critic_local(state_batch).gather(1, action_batch.long())
        qf2 = self.critic_local_2(state_batch).gather(1, action_batch.long())
        qf1_loss = F.mse_loss(qf1, next_q_value)
        qf2_loss = F.mse_loss(qf2, next_q_value)
        return qf1_loss, qf2_loss
",""
"Variable:agents/HMPSAC/SAC.py:qf2_loss","qf2_loss","agents/HMPSAC/SAC.py",319,319,"        qf2 = self.critic_local_2(state_batch).gather(1, action_batch.long())
        qf1_loss = F.mse_loss(qf1, next_q_value)
        qf2_loss = F.mse_loss(qf2, next_q_value)
        return qf1_loss, qf2_loss

",""
"Variable:agents/HMPSAC/SAC.py:qf1_pi","qf1_pi","agents/HMPSAC/SAC.py",325,325,"        """"""计算策略网络损失""""""
        action, (action_probabilities, log_action_probabilities), _ = self.produce_action_and_action_info(state_batch)
        qf1_pi = self.critic_local(state_batch)
        qf2_pi = self.critic_local_2(state_batch)
        min_qf_pi = torch.min(qf1_pi, qf2_pi)
",""
"Variable:agents/HMPSAC/SAC.py:qf2_pi","qf2_pi","agents/HMPSAC/SAC.py",326,326,"        action, (action_probabilities, log_action_probabilities), _ = self.produce_action_and_action_info(state_batch)
        qf1_pi = self.critic_local(state_batch)
        qf2_pi = self.critic_local_2(state_batch)
        min_qf_pi = torch.min(qf1_pi, qf2_pi)
        inside_term = self.alpha * log_action_probabilities - min_qf_pi
",""
"Variable:agents/HMPSAC/SAC.py:min_qf_pi","min_qf_pi","agents/HMPSAC/SAC.py",327,327,"        qf1_pi = self.critic_local(state_batch)
        qf2_pi = self.critic_local_2(state_batch)
        min_qf_pi = torch.min(qf1_pi, qf2_pi)
        inside_term = self.alpha * log_action_probabilities - min_qf_pi
        policy_loss = (action_probabilities * inside_term).sum(dim=1).mean()
",""
"Variable:agents/HMPSAC/SAC.py:inside_term","inside_term","agents/HMPSAC/SAC.py",328,328,"        qf2_pi = self.critic_local_2(state_batch)
        min_qf_pi = torch.min(qf1_pi, qf2_pi)
        inside_term = self.alpha * log_action_probabilities - min_qf_pi
        policy_loss = (action_probabilities * inside_term).sum(dim=1).mean()
        log_action_probabilities = torch.sum(log_action_probabilities * action_probabilities, dim=1)  # 计算熵损失
",""
"Variable:agents/HMPSAC/SAC.py:policy_loss","policy_loss","agents/HMPSAC/SAC.py",329,329,"        min_qf_pi = torch.min(qf1_pi, qf2_pi)
        inside_term = self.alpha * log_action_probabilities - min_qf_pi
        policy_loss = (action_probabilities * inside_term).sum(dim=1).mean()
        log_action_probabilities = torch.sum(log_action_probabilities * action_probabilities, dim=1)  # 计算熵损失
        return policy_loss, log_action_probabilities
",""
"Variable:agents/HMPSAC/SAC.py:sac_object","sac_object","agents/HMPSAC/SAC.py",355,355,"# 测试算法
if __name__ == '__main__':
    sac_object = SAC_Discrete()
    sac_object.run_n_episodes()

",""
"Variable:environments/Instance_generate.py:font","font","environments/Instance_generate.py",11,11,"# 中文显示问题
from matplotlib.font_manager import FontProperties
font = FontProperties(fname=""SimHei.ttf"", size=12)  # 指定中文字体和字号
plt.rcParams['axes.unicode_minus'] = False  # 解决负号'-'显示为方块的问题
# 报错问题
",""
"Variable:environments/Instance_generate.py:task_r_dict","task_r_dict","environments/Instance_generate.py",70,70,"        """"""生成实例文件数据，并存入csv文件""""""
        # 机器、工件信息
        task_r_dict = {r: tuple(j for j in range(self.J_r)) for r in self.kind_tuple}  # [r]对应工序元组
        kind_task_tuple = tuple((r, j) for r in self.kind_tuple for j in task_r_dict[r])  # 工序类型元组
        machine_rj_dict = {(r, j): tuple(np.random.choice(self.machine_tuple, randint(1, self.machine_count), replace=False)) for (r, j) in kind_task_tuple}  # (r, j) 可选机器元组
",""
"Variable:environments/Instance_generate.py:kind_task_tuple","kind_task_tuple","environments/Instance_generate.py",71,71,"        # 机器、工件信息
        task_r_dict = {r: tuple(j for j in range(self.J_r)) for r in self.kind_tuple}  # [r]对应工序元组
        kind_task_tuple = tuple((r, j) for r in self.kind_tuple for j in task_r_dict[r])  # 工序类型元组
        machine_rj_dict = {(r, j): tuple(np.random.choice(self.machine_tuple, randint(1, self.machine_count), replace=False)) for (r, j) in kind_task_tuple}  # (r, j) 可选机器元组
        time_rjm_dict = {(r, j): {m: self.t_rjm for m in machine_rj_dict[(r, j)]} for (r, j) in kind_task_tuple}  # [(r, j)][m]加工时间
",""
"Variable:environments/Instance_generate.py:machine_rj_dict","machine_rj_dict","environments/Instance_generate.py",72,72,"        task_r_dict = {r: tuple(j for j in range(self.J_r)) for r in self.kind_tuple}  # [r]对应工序元组
        kind_task_tuple = tuple((r, j) for r in self.kind_tuple for j in task_r_dict[r])  # 工序类型元组
        machine_rj_dict = {(r, j): tuple(np.random.choice(self.machine_tuple, randint(1, self.machine_count), replace=False)) for (r, j) in kind_task_tuple}  # (r, j) 可选机器元组
        time_rjm_dict = {(r, j): {m: self.t_rjm for m in machine_rj_dict[(r, j)]} for (r, j) in kind_task_tuple}  # [(r, j)][m]加工时间
        kind_task_m_dict = {m: tuple((r, j) for (r, j) in kind_task_tuple if m in machine_rj_dict[(r, j)]) for m in self.machine_tuple}
",""
"Variable:environments/Instance_generate.py:time_rjm_dict","time_rjm_dict","environments/Instance_generate.py",73,73,"        kind_task_tuple = tuple((r, j) for r in self.kind_tuple for j in task_r_dict[r])  # 工序类型元组
        machine_rj_dict = {(r, j): tuple(np.random.choice(self.machine_tuple, randint(1, self.machine_count), replace=False)) for (r, j) in kind_task_tuple}  # (r, j) 可选机器元组
        time_rjm_dict = {(r, j): {m: self.t_rjm for m in machine_rj_dict[(r, j)]} for (r, j) in kind_task_tuple}  # [(r, j)][m]加工时间
        kind_task_m_dict = {m: tuple((r, j) for (r, j) in kind_task_tuple if m in machine_rj_dict[(r, j)]) for m in self.machine_tuple}
        time_mrj_dict = {m: {(r, j): time_rjm_dict[(r, j)][m] for (r, j) in kind_task_m_dict[m]} for m in self.machine_tuple}
",""
"Variable:environments/Instance_generate.py:kind_task_m_dict","kind_task_m_dict","environments/Instance_generate.py",74,74,"        machine_rj_dict = {(r, j): tuple(np.random.choice(self.machine_tuple, randint(1, self.machine_count), replace=False)) for (r, j) in kind_task_tuple}  # (r, j) 可选机器元组
        time_rjm_dict = {(r, j): {m: self.t_rjm for m in machine_rj_dict[(r, j)]} for (r, j) in kind_task_tuple}  # [(r, j)][m]加工时间
        kind_task_m_dict = {m: tuple((r, j) for (r, j) in kind_task_tuple if m in machine_rj_dict[(r, j)]) for m in self.machine_tuple}
        time_mrj_dict = {m: {(r, j): time_rjm_dict[(r, j)][m] for (r, j) in kind_task_m_dict[m]} for m in self.machine_tuple}
        # 各工序加工时间均值
",""
"Variable:environments/Instance_generate.py:time_mrj_dict","time_mrj_dict","environments/Instance_generate.py",75,75,"        time_rjm_dict = {(r, j): {m: self.t_rjm for m in machine_rj_dict[(r, j)]} for (r, j) in kind_task_tuple}  # [(r, j)][m]加工时间
        kind_task_m_dict = {m: tuple((r, j) for (r, j) in kind_task_tuple if m in machine_rj_dict[(r, j)]) for m in self.machine_tuple}
        time_mrj_dict = {m: {(r, j): time_rjm_dict[(r, j)][m] for (r, j) in kind_task_m_dict[m]} for m in self.machine_tuple}
        # 各工序加工时间均值
        time_rj_dict = {(r, j): sum([time_rjm_dict[(r, j)][m] for m in machine_rj_dict[(r, j)]]) / len(machine_rj_dict[(r, j)]) for (r, j) in kind_task_tuple}
",""
"Variable:environments/Instance_generate.py:time_rj_dict","time_rj_dict","environments/Instance_generate.py",77,77,"        time_mrj_dict = {m: {(r, j): time_rjm_dict[(r, j)][m] for (r, j) in kind_task_m_dict[m]} for m in self.machine_tuple}
        # 各工序加工时间均值
        time_rj_dict = {(r, j): sum([time_rjm_dict[(r, j)][m] for m in machine_rj_dict[(r, j)]]) / len(machine_rj_dict[(r, j)]) for (r, j) in kind_task_tuple}
        # 订单信息
        count_sr_dict = {s: tuple(self.N_sr for r in range(len(task_r_dict))) for s in self.order_tuple}  # [s][r]工件类型的数量
",""
"Variable:environments/Instance_generate.py:count_sr_dict","count_sr_dict","environments/Instance_generate.py",79,79,"        time_rj_dict = {(r, j): sum([time_rjm_dict[(r, j)][m] for m in machine_rj_dict[(r, j)]]) / len(machine_rj_dict[(r, j)]) for (r, j) in kind_task_tuple}
        # 订单信息
        count_sr_dict = {s: tuple(self.N_sr for r in range(len(task_r_dict))) for s in self.order_tuple}  # [s][r]工件类型的数量
        time_gap_s_dict = {s: sum([time_rj_dict[(r, j)]*count_sr_dict[s][r] for (r, j) in kind_task_tuple]) *
                              self.DDT/(self.machine_count*2) for s in self.order_tuple}  # 各订单交期-到达时间差值
",""
"Variable:environments/Instance_generate.py:time_gap_s_dict","time_gap_s_dict","environments/Instance_generate.py",80,81,"        # 订单信息
        count_sr_dict = {s: tuple(self.N_sr for r in range(len(task_r_dict))) for s in self.order_tuple}  # [s][r]工件类型的数量
        time_gap_s_dict = {s: sum([time_rj_dict[(r, j)]*count_sr_dict[s][r] for (r, j) in kind_task_tuple]) *
                              self.DDT/(self.machine_count*2) for s in self.order_tuple}  # 各订单交期-到达时间差值
        time_interval_list = [self.t_si for s in range(self.order_count - 1)]  # 各订单的间隔时间
        time_interval_list.insert(0, 0)
",""
"Variable:environments/Instance_generate.py:time_interval_list","time_interval_list","environments/Instance_generate.py",82,82,"        time_gap_s_dict = {s: sum([time_rj_dict[(r, j)]*count_sr_dict[s][r] for (r, j) in kind_task_tuple]) *
                              self.DDT/(self.machine_count*2) for s in self.order_tuple}  # 各订单交期-到达时间差值
        time_interval_list = [self.t_si for s in range(self.order_count - 1)]  # 各订单的间隔时间
        time_interval_list.insert(0, 0)
        time_arrive_s_dict = {s: int(sum(time_interval_list[:s + 1])) for s in self.order_tuple}  # 各订单的到达时间
",""
"Variable:environments/Instance_generate.py:time_arrive_s_dict","time_arrive_s_dict","environments/Instance_generate.py",84,84,"        time_interval_list = [self.t_si for s in range(self.order_count - 1)]  # 各订单的间隔时间
        time_interval_list.insert(0, 0)
        time_arrive_s_dict = {s: int(sum(time_interval_list[:s + 1])) for s in self.order_tuple}  # 各订单的到达时间
        time_delivery_list = [time_arrive_s_dict[s] + time_gap_s_dict[s] for s in self.order_tuple]
        time_delivery_list.sort()
",""
"Variable:environments/Instance_generate.py:time_delivery_list","time_delivery_list","environments/Instance_generate.py",85,85,"        time_interval_list.insert(0, 0)
        time_arrive_s_dict = {s: int(sum(time_interval_list[:s + 1])) for s in self.order_tuple}  # 各订单的到达时间
        time_delivery_list = [time_arrive_s_dict[s] + time_gap_s_dict[s] for s in self.order_tuple]
        time_delivery_list.sort()
        time_delivery_s_dict = {s: int(time_delivery_list[s]) for s in self.order_tuple}  # 各订单的交期时间
",""
"Variable:environments/Instance_generate.py:time_delivery_s_dict","time_delivery_s_dict","environments/Instance_generate.py",87,87,"        time_delivery_list = [time_arrive_s_dict[s] + time_gap_s_dict[s] for s in self.order_tuple]
        time_delivery_list.sort()
        time_delivery_s_dict = {s: int(time_delivery_list[s]) for s in self.order_tuple}  # 各订单的交期时间
        # 生成加工功率相关信息
        power_mrj_dict = {m: {rj: self.p_rjm for rj in kind_task_m_dict[m]} for m in self.machine_tuple}
",""
"Variable:environments/Instance_generate.py:power_mrj_dict","power_mrj_dict","environments/Instance_generate.py",89,89,"        time_delivery_s_dict = {s: int(time_delivery_list[s]) for s in self.order_tuple}  # 各订单的交期时间
        # 生成加工功率相关信息
        power_mrj_dict = {m: {rj: self.p_rjm for rj in kind_task_m_dict[m]} for m in self.machine_tuple}
        power_m_dict = {m: self.p_m_idle for m in self.machine_tuple}

",""
"Variable:environments/Instance_generate.py:power_m_dict","power_m_dict","environments/Instance_generate.py",90,90,"        # 生成加工功率相关信息
        power_mrj_dict = {m: {rj: self.p_rjm for rj in kind_task_m_dict[m]} for m in self.machine_tuple}
        power_m_dict = {m: self.p_m_idle for m in self.machine_tuple}

        return task_r_dict, machine_rj_dict, kind_task_m_dict, time_rjm_dict, count_sr_dict, time_arrive_s_dict, \
",""
"Variable:environments/Instance_generate.py:file_csv","file_csv","environments/Instance_generate.py",98,100,"        """"""写入csv文件""""""
        os.makedirs(os.path.join('../data/DA3C', self.file_name), exist_ok=True)  # 新建实例文件夹
        file_csv = {'based_data.csv': ['kind_count', 'machine_count', 'order_count'],
                    'process_data.csv': ['kind', 'task', 'machine_selectable', 'process_time'],
                    'order_data.csv': ['order', 'time_arrive', 'time_delivery', 'kind_number']}

        for csv_name, header in file_csv.items():
",""
"Variable:environments/Instance_generate.py:data_file","data_file","environments/Instance_generate.py",103,103,"
        for csv_name, header in file_csv.items():
            data_file = os.path.join('../data/DA3C', self.file_name, csv_name)
            with open(data_file, 'w', newline='') as f:
                writer = csv.writer(f)
",""
"Variable:environments/Instance_generate.py:writer","writer","environments/Instance_generate.py",105,105,"            data_file = os.path.join('../data/DA3C', self.file_name, csv_name)
            with open(data_file, 'w', newline='') as f:
                writer = csv.writer(f)
                writer.writerow(header)
                rows = []  # 初始化写入数据
",""
"Variable:environments/Instance_generate.py:rows","rows","environments/Instance_generate.py",107,107,"                writer = csv.writer(f)
                writer.writerow(header)
                rows = []  # 初始化写入数据
                if csv_name == 'based_data.csv':
                    rows.append([self.kind_count, self.machine_count, self.order_count])
",""
"Variable:environments/Instance_generate.py:time_machine_tuple","time_machine_tuple","environments/Instance_generate.py",113,113,"                    for r in self.kind_tuple:
                        for j in self.task_r_dict[r]:
                            time_machine_tuple = tuple(self.time_rjm_dict[(r, j)][m] for m in self.machine_rj_dict[(r, j)])
                            rows.append([r, j, self.machine_rj_dict[(r, j)], time_machine_tuple])
                else:
",""
"Variable:environments/Instance_generate.py:DDT_list","DDT_list","environments/Instance_generate.py",124,124,"if __name__ == '__main__':
    # 初始化算例集参数
    DDT_list = [0.5, 1.0, 1.5]
    machine_count_list = [10, 15, 20]
    order_count_list = [2, 4, 6]
",""
"Variable:environments/Instance_generate.py:machine_count_list","machine_count_list","environments/Instance_generate.py",125,125,"    # 初始化算例集参数
    DDT_list = [0.5, 1.0, 1.5]
    machine_count_list = [10, 15, 20]
    order_count_list = [2, 4, 6]
    file_name_list = []
",""
"Variable:environments/Instance_generate.py:order_count_list","order_count_list","environments/Instance_generate.py",126,126,"    DDT_list = [0.5, 1.0, 1.5]
    machine_count_list = [10, 15, 20]
    order_count_list = [2, 4, 6]
    file_name_list = []
    # 生成各实例文件
",""
"Variable:environments/Instance_generate.py:file_name_list","file_name_list","environments/Instance_generate.py",127,127,"    machine_count_list = [10, 15, 20]
    order_count_list = [2, 4, 6]
    file_name_list = []
    # 生成各实例文件
    for DDT in DDT_list:
",""
"Variable:environments/Instance_generate.py:instance_object","instance_object","environments/Instance_generate.py",132,132,"        for M in machine_count_list:
            for S in order_count_list:
                instance_object = Instance(DDT, M, S)
                instance_object.write_file()
                file_name_list.append(instance_object.file_name)
",""
"Variable:environments/MO_DFJSP_breakdown.py:DDT","DDT","environments/MO_DFJSP_breakdown.py",95,95,"        """"""
        # M = len(self.machine_idle_list) / self.machine_count  # 空闲机器数占总机器数的比例
        DDT = self.DDT  # 交期紧急度
        M = self.machine_count  # 机器数
        S = self.order_count
",""
"Variable:environments/MO_DFJSP_breakdown.py:M","M","environments/MO_DFJSP_breakdown.py",96,96,"        # M = len(self.machine_idle_list) / self.machine_count  # 空闲机器数占总机器数的比例
        DDT = self.DDT  # 交期紧急度
        M = self.machine_count  # 机器数
        S = self.order_count
        utilize_rate_ave = self.utilize_rate_ave  # 机器平均利用率
",""
"Variable:environments/MO_DFJSP_breakdown.py:S","S","environments/MO_DFJSP_breakdown.py",97,97,"        DDT = self.DDT  # 交期紧急度
        M = self.machine_count  # 机器数
        S = self.order_count
        utilize_rate_ave = self.utilize_rate_ave  # 机器平均利用率
        utilize_rate_std = math.sqrt(sum(math.pow(machine_object.utilize_rate - utilize_rate_ave, 2)
",""
"Variable:environments/MO_DFJSP_breakdown.py:utilize_rate_ave","utilize_rate_ave","environments/MO_DFJSP_breakdown.py",98,98,"        M = self.machine_count  # 机器数
        S = self.order_count
        utilize_rate_ave = self.utilize_rate_ave  # 机器平均利用率
        utilize_rate_std = math.sqrt(sum(math.pow(machine_object.utilize_rate - utilize_rate_ave, 2)
                                         for m, machine_object in self.machine_dict.items())/self.machine_count)  # 机器利用率标准差
",""
"Variable:environments/MO_DFJSP_breakdown.py:utilize_rate_std","utilize_rate_std","environments/MO_DFJSP_breakdown.py",99,100,"        S = self.order_count
        utilize_rate_ave = self.utilize_rate_ave  # 机器平均利用率
        utilize_rate_std = math.sqrt(sum(math.pow(machine_object.utilize_rate - utilize_rate_ave, 2)
                                         for m, machine_object in self.machine_dict.items())/self.machine_count)  # 机器利用率标准差
        ct_m_ave = self.ct_m_ave  # 机器的平均完工时间
        ct_m_std = math.sqrt(sum(math.pow(machine_object.time_end - ct_m_ave, 2) for m, machine_object
",""
"Variable:environments/MO_DFJSP_breakdown.py:ct_m_ave","ct_m_ave","environments/MO_DFJSP_breakdown.py",101,101,"        utilize_rate_std = math.sqrt(sum(math.pow(machine_object.utilize_rate - utilize_rate_ave, 2)
                                         for m, machine_object in self.machine_dict.items())/self.machine_count)  # 机器利用率标准差
        ct_m_ave = self.ct_m_ave  # 机器的平均完工时间
        ct_m_std = math.sqrt(sum(math.pow(machine_object.time_end - ct_m_ave, 2) for m, machine_object
                                 in self.machine_dict.items())/self.machine_count)   # 机器完工时间标准差
",""
"Variable:environments/MO_DFJSP_breakdown.py:ct_m_std","ct_m_std","environments/MO_DFJSP_breakdown.py",102,103,"                                         for m, machine_object in self.machine_dict.items())/self.machine_count)  # 机器利用率标准差
        ct_m_ave = self.ct_m_ave  # 机器的平均完工时间
        ct_m_std = math.sqrt(sum(math.pow(machine_object.time_end - ct_m_ave, 2) for m, machine_object
                                 in self.machine_dict.items())/self.machine_count)   # 机器完工时间标准差
        ratio_idle = len(self.fluid_kind_task_available_list)/(len(self.kind_task_available_list) + 1e-08)  # 可选工序类型数比值
        cro_ave = sum(kind_task_object.finish_rate for (r, j), kind_task_object in
",""
"Variable:environments/MO_DFJSP_breakdown.py:ratio_idle","ratio_idle","environments/MO_DFJSP_breakdown.py",104,104,"        ct_m_std = math.sqrt(sum(math.pow(machine_object.time_end - ct_m_ave, 2) for m, machine_object
                                 in self.machine_dict.items())/self.machine_count)   # 机器完工时间标准差
        ratio_idle = len(self.fluid_kind_task_available_list)/(len(self.kind_task_available_list) + 1e-08)  # 可选工序类型数比值
        cro_ave = sum(kind_task_object.finish_rate for (r, j), kind_task_object in
                      self.kind_task_dict.items())/len(self.kind_task_tuple)  # 工序类型完工率均值
",""
"Variable:environments/MO_DFJSP_breakdown.py:cro_ave","cro_ave","environments/MO_DFJSP_breakdown.py",105,106,"                                 in self.machine_dict.items())/self.machine_count)   # 机器完工时间标准差
        ratio_idle = len(self.fluid_kind_task_available_list)/(len(self.kind_task_available_list) + 1e-08)  # 可选工序类型数比值
        cro_ave = sum(kind_task_object.finish_rate for (r, j), kind_task_object in
                      self.kind_task_dict.items())/len(self.kind_task_tuple)  # 工序类型完工率均值
        cro_std = math.sqrt(sum(math.pow(kind_task_object.finish_rate - cro_ave, 2) for (r, j), kind_task_object
                                in self.kind_task_dict.items())/len(self.kind_task_tuple))  # 工序类型完工率标准差
",""
"Variable:environments/MO_DFJSP_breakdown.py:cro_std","cro_std","environments/MO_DFJSP_breakdown.py",107,108,"        cro_ave = sum(kind_task_object.finish_rate for (r, j), kind_task_object in
                      self.kind_task_dict.items())/len(self.kind_task_tuple)  # 工序类型完工率均值
        cro_std = math.sqrt(sum(math.pow(kind_task_object.finish_rate - cro_ave, 2) for (r, j), kind_task_object
                                in self.kind_task_dict.items())/len(self.kind_task_tuple))  # 工序类型完工率标准差
        gap_ave = sum(kind_task_object.gap_rate for (r, j), kind_task_object
                      in self.kind_task_dict.items())/len(self.kind_task_tuple)  # 工序类型gap_rj均值
",""
"Variable:environments/MO_DFJSP_breakdown.py:gap_ave","gap_ave","environments/MO_DFJSP_breakdown.py",109,110,"        cro_std = math.sqrt(sum(math.pow(kind_task_object.finish_rate - cro_ave, 2) for (r, j), kind_task_object
                                in self.kind_task_dict.items())/len(self.kind_task_tuple))  # 工序类型完工率标准差
        gap_ave = sum(kind_task_object.gap_rate for (r, j), kind_task_object
                      in self.kind_task_dict.items())/len(self.kind_task_tuple)  # 工序类型gap_rj均值
        gap_std = math.sqrt(sum(math.pow(kind_task_object.gap_rate - gap_ave, 2) for (r, j), kind_task_object
                                in self.kind_task_dict.items())/len(self.kind_task_tuple))  # 工序类型gap_rj标准差
",""
"Variable:environments/MO_DFJSP_breakdown.py:gap_std","gap_std","environments/MO_DFJSP_breakdown.py",111,112,"        gap_ave = sum(kind_task_object.gap_rate for (r, j), kind_task_object
                      in self.kind_task_dict.items())/len(self.kind_task_tuple)  # 工序类型gap_rj均值
        gap_std = math.sqrt(sum(math.pow(kind_task_object.gap_rate - gap_ave, 2) for (r, j), kind_task_object
                                in self.kind_task_dict.items())/len(self.kind_task_tuple))  # 工序类型gap_rj标准差
        gap_m_ave = sum(machine_object.gap_ave for m, machine_object in self.machine_dict.items())/self.machine_count  # 机器gap_m均值
        gap_m_std = math.sqrt(sum(math.pow(machine_object.gap_ave - gap_m_ave, 2) for m, machine_object
",""
"Variable:environments/MO_DFJSP_breakdown.py:gap_m_ave","gap_m_ave","environments/MO_DFJSP_breakdown.py",113,113,"        gap_std = math.sqrt(sum(math.pow(kind_task_object.gap_rate - gap_ave, 2) for (r, j), kind_task_object
                                in self.kind_task_dict.items())/len(self.kind_task_tuple))  # 工序类型gap_rj标准差
        gap_m_ave = sum(machine_object.gap_ave for m, machine_object in self.machine_dict.items())/self.machine_count  # 机器gap_m均值
        gap_m_std = math.sqrt(sum(math.pow(machine_object.gap_ave - gap_m_ave, 2) for m, machine_object
                                 in self.machine_dict.items())/self.machine_count)   # 机器gap_m标准差
",""
"Variable:environments/MO_DFJSP_breakdown.py:gap_m_std","gap_m_std","environments/MO_DFJSP_breakdown.py",114,115,"                                in self.kind_task_dict.items())/len(self.kind_task_tuple))  # 工序类型gap_rj标准差
        gap_m_ave = sum(machine_object.gap_ave for m, machine_object in self.machine_dict.items())/self.machine_count  # 机器gap_m均值
        gap_m_std = math.sqrt(sum(math.pow(machine_object.gap_ave - gap_m_ave, 2) for m, machine_object
                                 in self.machine_dict.items())/self.machine_count)   # 机器gap_m标准差
        dro_a, dro_e, drj_a, drj_e = self.update_parameter()  # 返回工序实际和估计延迟率、工件实际和估计延迟率+更新相关参数
        return [DDT, M, S, ct_m_std, ratio_idle, cro_ave, cro_std, gap_ave, gap_std, gap_m_ave, gap_m_std, dro_a, dro_e, drj_a, drj_e]
",""
"Variable:environments/MO_DFJSP_breakdown.py:delay_task_number_a","delay_task_number_a","environments/MO_DFJSP_breakdown.py",124,124,"        更新参数：工序类型的估计/实际延期时间最大值+工序类型的最小交期值+实际/估计延迟工序类型集合
        """"""
        delay_task_number_a = 0  # 实际延迟工序总数
        delay_task_number_e = 0  # 估计延迟工序总数
        task_number = 0  # 剩余工序总数
",""
"Variable:environments/MO_DFJSP_breakdown.py:delay_task_number_e","delay_task_number_e","environments/MO_DFJSP_breakdown.py",125,125,"        """"""
        delay_task_number_a = 0  # 实际延迟工序总数
        delay_task_number_e = 0  # 估计延迟工序总数
        task_number = 0  # 剩余工序总数
        delay_job_number_a = 0  # 实际延迟工件总数
",""
"Variable:environments/MO_DFJSP_breakdown.py:task_number","task_number","environments/MO_DFJSP_breakdown.py",126,126,"        delay_task_number_a = 0  # 实际延迟工序总数
        delay_task_number_e = 0  # 估计延迟工序总数
        task_number = 0  # 剩余工序总数
        delay_job_number_a = 0  # 实际延迟工件总数
        delay_job_number_e = 0  # 估计延迟工件总数
",""
"Variable:environments/MO_DFJSP_breakdown.py:delay_job_number_a","delay_job_number_a","environments/MO_DFJSP_breakdown.py",127,127,"        delay_task_number_e = 0  # 估计延迟工序总数
        task_number = 0  # 剩余工序总数
        delay_job_number_a = 0  # 实际延迟工件总数
        delay_job_number_e = 0  # 估计延迟工件总数
        job_number = 0  # 剩余工件总数
",""
"Variable:environments/MO_DFJSP_breakdown.py:delay_job_number_e","delay_job_number_e","environments/MO_DFJSP_breakdown.py",128,128,"        task_number = 0  # 剩余工序总数
        delay_job_number_a = 0  # 实际延迟工件总数
        delay_job_number_e = 0  # 估计延迟工件总数
        job_number = 0  # 剩余工件总数
        self.delay_time_sum_unprocessed = 0  # 剩余工件的实际延期时间
",""
"Variable:environments/MO_DFJSP_breakdown.py:job_number","job_number","environments/MO_DFJSP_breakdown.py",129,129,"        delay_job_number_a = 0  # 实际延迟工件总数
        delay_job_number_e = 0  # 估计延迟工件总数
        job_number = 0  # 剩余工件总数
        self.delay_time_sum_unprocessed = 0  # 剩余工件的实际延期时间
        self.kind_task_delay_e_list = []  # 估计延期工序类型列表
",""
"Variable:environments/MO_DFJSP_breakdown.py:time_start_point","time_start_point","environments/MO_DFJSP_breakdown.py",134,134,"        self.kind_task_delay_a_list = []  # 实际延期工序类型列表
        # time_start_point = max(self.ct_m_ave, self.step_time)  # 估计开始时间点
        time_start_point = self.step_time  # 时间点
        # 依据流体模型计算各值: 计算剩余工件的实际延总数和估计延迟总数
        for r, kind_object in self.kind_dict.items():
",""
"Variable:environments/MO_DFJSP_breakdown.py:kind_end_task_object","kind_end_task_object","environments/MO_DFJSP_breakdown.py",138,138,"        for r, kind_object in self.kind_dict.items():
            job_number += len(kind_object.job_unprocessed_list)  # 剩余工件总数
            kind_end_task_object = self.kind_task_dict[(r, self.task_r_dict[r][-1])]  # 该类工件的最后一道工序对象
            for job_index, job_object in enumerate(kind_end_task_object.job_unprocessed_list):
                if time_start_point > job_object.due_date:
",""
"Variable:environments/MO_DFJSP_breakdown.py:task_residue_rj","task_residue_rj","environments/MO_DFJSP_breakdown.py",147,147,"        # 计算剩余工序的实际延迟总数和估计延迟总数
        for (r, j), kind_task_object in self.kind_task_dict.items():
            task_residue_rj = len(kind_task_object.task_unprocessed_list)  # rj的剩余工序总数
            task_number += task_residue_rj  # 更新剩余工序总数
            task_delay_rj_a = 0  # rj实际延期工序总数
",""
"Variable:environments/MO_DFJSP_breakdown.py:task_delay_rj_a","task_delay_rj_a","environments/MO_DFJSP_breakdown.py",149,149,"            task_residue_rj = len(kind_task_object.task_unprocessed_list)  # rj的剩余工序总数
            task_number += task_residue_rj  # 更新剩余工序总数
            task_delay_rj_a = 0  # rj实际延期工序总数
            task_delay_rj_e = 0  # rj估计延期工序总数
            task_delay_time_rj_a = []  # rj 中未处理工序对象的(time_now-time_due_date)列表
",""
"Variable:environments/MO_DFJSP_breakdown.py:task_delay_rj_e","task_delay_rj_e","environments/MO_DFJSP_breakdown.py",150,150,"            task_number += task_residue_rj  # 更新剩余工序总数
            task_delay_rj_a = 0  # rj实际延期工序总数
            task_delay_rj_e = 0  # rj估计延期工序总数
            task_delay_time_rj_a = []  # rj 中未处理工序对象的(time_now-time_due_date)列表
            task_delay_time_rj_e = []  # rj 中未处理工序对象的(estimate_time-due_date)列表
",""
"Variable:environments/MO_DFJSP_breakdown.py:task_delay_time_rj_a","task_delay_time_rj_a","environments/MO_DFJSP_breakdown.py",151,151,"            task_delay_rj_a = 0  # rj实际延期工序总数
            task_delay_rj_e = 0  # rj估计延期工序总数
            task_delay_time_rj_a = []  # rj 中未处理工序对象的(time_now-time_due_date)列表
            task_delay_time_rj_e = []  # rj 中未处理工序对象的(estimate_time-due_date)列表
            for task_index, task_object in enumerate(kind_task_object.task_unprocessed_list):
",""
"Variable:environments/MO_DFJSP_breakdown.py:task_delay_time_rj_e","task_delay_time_rj_e","environments/MO_DFJSP_breakdown.py",152,152,"            task_delay_rj_e = 0  # rj估计延期工序总数
            task_delay_time_rj_a = []  # rj 中未处理工序对象的(time_now-time_due_date)列表
            task_delay_time_rj_e = []  # rj 中未处理工序对象的(estimate_time-due_date)列表
            for task_index, task_object in enumerate(kind_task_object.task_unprocessed_list):
                if time_start_point > task_object.due_date:
",""
"Variable:environments/MO_DFJSP_breakdown.py:dro_a","dro_a","environments/MO_DFJSP_breakdown.py",177,177,"        # 输出延迟率
        if not self.done:
            dro_a = delay_task_number_a / task_number  # 实际剩余工序延迟率
            dro_e = delay_task_number_e / task_number  # 估计剩余工序延迟率
            drj_a = delay_job_number_a / job_number  # 实际剩余工件延迟率
",""
"Variable:environments/MO_DFJSP_breakdown.py:dro_e","dro_e","environments/MO_DFJSP_breakdown.py",178,178,"        if not self.done:
            dro_a = delay_task_number_a / task_number  # 实际剩余工序延迟率
            dro_e = delay_task_number_e / task_number  # 估计剩余工序延迟率
            drj_a = delay_job_number_a / job_number  # 实际剩余工件延迟率
            drj_e = delay_job_number_e / job_number  # 估计剩余工件延迟率
",""
"Variable:environments/MO_DFJSP_breakdown.py:drj_a","drj_a","environments/MO_DFJSP_breakdown.py",179,179,"            dro_a = delay_task_number_a / task_number  # 实际剩余工序延迟率
            dro_e = delay_task_number_e / task_number  # 估计剩余工序延迟率
            drj_a = delay_job_number_a / job_number  # 实际剩余工件延迟率
            drj_e = delay_job_number_e / job_number  # 估计剩余工件延迟率
        else:
",""
"Variable:environments/MO_DFJSP_breakdown.py:drj_e","drj_e","environments/MO_DFJSP_breakdown.py",180,180,"            dro_e = delay_task_number_e / task_number  # 估计剩余工序延迟率
            drj_a = delay_job_number_a / job_number  # 实际剩余工件延迟率
            drj_e = delay_job_number_e / job_number  # 估计剩余工件延迟率
        else:
            dro_a = 0  # 实际剩余工序延迟率
",""
"Variable:environments/MO_DFJSP_breakdown.py:action","action","environments/MO_DFJSP_breakdown.py",191,191,"        """"""根据动作选择工序选择规则+机器分配规则""""""
        if len(action) == 1:
            action = self.action_tuple[action[0]]
        task_rule = action[0] + 1  # 工序类型选择规则
        machine_rule = action[1] + 1  # 机器选择规则
",""
"Variable:environments/MO_DFJSP_breakdown.py:task_rule","task_rule","environments/MO_DFJSP_breakdown.py",192,192,"        if len(action) == 1:
            action = self.action_tuple[action[0]]
        task_rule = action[0] + 1  # 工序类型选择规则
        machine_rule = action[1] + 1  # 机器选择规则
        rj_selected = self.task_select(task_rule)  # 选择的工序类型
",""
"Variable:environments/MO_DFJSP_breakdown.py:machine_rule","machine_rule","environments/MO_DFJSP_breakdown.py",193,193,"            action = self.action_tuple[action[0]]
        task_rule = action[0] + 1  # 工序类型选择规则
        machine_rule = action[1] + 1  # 机器选择规则
        rj_selected = self.task_select(task_rule)  # 选择的工序类型
        m_selected = self.machine_select(machine_rule, rj_selected)  # 选择的机器
",""
"Variable:environments/MO_DFJSP_breakdown.py:rj_selected","rj_selected","environments/MO_DFJSP_breakdown.py",194,194,"        task_rule = action[0] + 1  # 工序类型选择规则
        machine_rule = action[1] + 1  # 机器选择规则
        rj_selected = self.task_select(task_rule)  # 选择的工序类型
        m_selected = self.machine_select(machine_rule, rj_selected)  # 选择的机器
        # 定义相关对象
",""
"Variable:environments/MO_DFJSP_breakdown.py:m_selected","m_selected","environments/MO_DFJSP_breakdown.py",195,195,"        machine_rule = action[1] + 1  # 机器选择规则
        rj_selected = self.task_select(task_rule)  # 选择的工序类型
        m_selected = self.machine_select(machine_rule, rj_selected)  # 选择的机器
        # 定义相关对象
        job_object_selected = self.kind_task_dict[rj_selected].job_now_list[0]  # 工件对象
",""
"Variable:environments/MO_DFJSP_breakdown.py:job_object_selected","job_object_selected","environments/MO_DFJSP_breakdown.py",197,197,"        m_selected = self.machine_select(machine_rule, rj_selected)  # 选择的机器
        # 定义相关对象
        job_object_selected = self.kind_task_dict[rj_selected].job_now_list[0]  # 工件对象
        task_object_selected = job_object_selected.task_unprocessed_list[0]  # 工序对象
        kind_task_object_selected = self.kind_task_dict[rj_selected]  # 工序类型对象
",""
"Variable:environments/MO_DFJSP_breakdown.py:task_object_selected","task_object_selected","environments/MO_DFJSP_breakdown.py",198,198,"        # 定义相关对象
        job_object_selected = self.kind_task_dict[rj_selected].job_now_list[0]  # 工件对象
        task_object_selected = job_object_selected.task_unprocessed_list[0]  # 工序对象
        kind_task_object_selected = self.kind_task_dict[rj_selected]  # 工序类型对象
        kind_object_selected = self.kind_dict[rj_selected[0]]  # 工件类型对象
",""
"Variable:environments/MO_DFJSP_breakdown.py:kind_task_object_selected","kind_task_object_selected","environments/MO_DFJSP_breakdown.py",199,199,"        job_object_selected = self.kind_task_dict[rj_selected].job_now_list[0]  # 工件对象
        task_object_selected = job_object_selected.task_unprocessed_list[0]  # 工序对象
        kind_task_object_selected = self.kind_task_dict[rj_selected]  # 工序类型对象
        kind_object_selected = self.kind_dict[rj_selected[0]]  # 工件类型对象
        machine_object_selected = self.machine_dict[m_selected]  # 机器对象
",""
"Variable:environments/MO_DFJSP_breakdown.py:kind_object_selected","kind_object_selected","environments/MO_DFJSP_breakdown.py",200,200,"        task_object_selected = job_object_selected.task_unprocessed_list[0]  # 工序对象
        kind_task_object_selected = self.kind_task_dict[rj_selected]  # 工序类型对象
        kind_object_selected = self.kind_dict[rj_selected[0]]  # 工件类型对象
        machine_object_selected = self.machine_dict[m_selected]  # 机器对象

",""
"Variable:environments/MO_DFJSP_breakdown.py:machine_object_selected","machine_object_selected","environments/MO_DFJSP_breakdown.py",201,201,"        kind_task_object_selected = self.kind_task_dict[rj_selected]  # 工序类型对象
        kind_object_selected = self.kind_dict[rj_selected[0]]  # 工件类型对象
        machine_object_selected = self.machine_dict[m_selected]  # 机器对象

        # 检查是否有故障在工序加工结束前发生
",""
"Variable:environments/MO_DFJSP_breakdown.py:current_time","current_time","environments/MO_DFJSP_breakdown.py",204,204,"
        # 检查是否有故障在工序加工结束前发生
        current_time = self.step_time
        task_duration = self.time_mrj_dict[m_selected][rj_selected]
        task_start_time = current_time
",""
"Variable:environments/MO_DFJSP_breakdown.py:task_duration","task_duration","environments/MO_DFJSP_breakdown.py",205,205,"        # 检查是否有故障在工序加工结束前发生
        current_time = self.step_time
        task_duration = self.time_mrj_dict[m_selected][rj_selected]
        task_start_time = current_time
        task_end_time = current_time + task_duration
",""
"Variable:environments/MO_DFJSP_breakdown.py:task_start_time","task_start_time","environments/MO_DFJSP_breakdown.py",206,206,"        current_time = self.step_time
        task_duration = self.time_mrj_dict[m_selected][rj_selected]
        task_start_time = current_time
        task_end_time = current_time + task_duration
        breakdowns = self.breakdown_m_dict.get(m_selected, [])
",""
"Variable:environments/MO_DFJSP_breakdown.py:task_end_time","task_end_time","environments/MO_DFJSP_breakdown.py",207,207,"        task_duration = self.time_mrj_dict[m_selected][rj_selected]
        task_start_time = current_time
        task_end_time = current_time + task_duration
        breakdowns = self.breakdown_m_dict.get(m_selected, [])
        machine_end_time = task_end_time
",""
"Variable:environments/MO_DFJSP_breakdown.py:breakdowns","breakdowns","environments/MO_DFJSP_breakdown.py",208,208,"        task_start_time = current_time
        task_end_time = current_time + task_duration
        breakdowns = self.breakdown_m_dict.get(m_selected, [])
        machine_end_time = task_end_time
        # 检查是否有故障在工序加工期间发生
",""
"Variable:environments/MO_DFJSP_breakdown.py:machine_end_time","machine_end_time","environments/MO_DFJSP_breakdown.py",209,209,"        task_end_time = current_time + task_duration
        breakdowns = self.breakdown_m_dict.get(m_selected, [])
        machine_end_time = task_end_time
        # 检查是否有故障在工序加工期间发生
        for breakdown_start, breakdown_end in breakdowns:
",""
"Variable:environments/MO_DFJSP_breakdown.py:delay","delay","environments/MO_DFJSP_breakdown.py",214,214,"            # 机器故障在加工开始前出现，且故障结束前工序被分配到了该机器
            if breakdown_start <= current_time < breakdown_end:
                delay = breakdown_end - current_time
                task_start_time += delay
                task_end_time += delay
",""
"Variable:environments/MO_DFJSP_breakdown.py:time_point_list","time_point_list","environments/MO_DFJSP_breakdown.py",262,263,"        # 判断是否移动时钟
        while len(self.kind_task_available_list) == 0:
            time_point_list = [self.machine_dict[m].time_end for m in self.machine_tuple
                               if self.machine_dict[m].time_end > self.step_time]
            self.step_time = min(time_point_list)
            # 更新对象相关属性: 工序类型阶段的工件对象列表
",""
"Variable:environments/MO_DFJSP_breakdown.py:job_object","job_object","environments/MO_DFJSP_breakdown.py",268,268,"            for m, machine_object in self.machine_dict.items():
                if machine_object.time_end == self.step_time:
                    job_object = machine_object.job_object  # 刚加工完的工件对象
                    if len(job_object.task_unprocessed_list) > 0:
                        task_object = job_object.task_unprocessed_list[0]  # 新到达的工序对象
",""
"Variable:environments/MO_DFJSP_breakdown.py:task_object","task_object","environments/MO_DFJSP_breakdown.py",270,270,"                    job_object = machine_object.job_object  # 刚加工完的工件对象
                    if len(job_object.task_unprocessed_list) > 0:
                        task_object = job_object.task_unprocessed_list[0]  # 新到达的工序对象
                        kind_task_object = self.kind_task_dict[(task_object.kind, task_object.task)]  # 对应的工序类型
                        kind_task_object.job_now_list.append(job_object)
",""
"Variable:environments/MO_DFJSP_breakdown.py:kind_task_object","kind_task_object","environments/MO_DFJSP_breakdown.py",271,271,"                    if len(job_object.task_unprocessed_list) > 0:
                        task_object = job_object.task_unprocessed_list[0]  # 新到达的工序对象
                        kind_task_object = self.kind_task_dict[(task_object.kind, task_object.task)]  # 对应的工序类型
                        kind_task_object.job_now_list.append(job_object)
                        sorted(kind_task_object.job_now_list, key=lambda x: x.number)
",""
"Variable:environments/MO_DFJSP_breakdown.py:order_object","order_object","environments/MO_DFJSP_breakdown.py",277,277,"            if len(self.order_object_list) > 0 and self.order_object_list[0].time_arrive <= self.step_time:
                # print(""___________未加工完时新订单到达____________"")
                order_object = self.order_object_list[0]
                self.order_object_list.remove(order_object)
                self.reset_object_add(order_object)
",""
"Variable:environments/MO_DFJSP_breakdown.py:gap_time","gap_time","environments/MO_DFJSP_breakdown.py",294,294,"                    machine_object.state = 0  # 更新机器状态
            # 更新流体相关属性：工序类型流体量、机器-工序类型流体量
            gap_time = self.step_time - self.order_arrive_time  # 流动时间
            for (r, j), kind_task_object in self.kind_task_dict.items():
                kind_task_object.fluid_unprocessed_number = kind_task_object.fluid_unprocessed_number_start - \
",""
"Variable:environments/MO_DFJSP_breakdown.py:rj","rj","environments/MO_DFJSP_breakdown.py",333,333,"        if task_rule == 1:  # 工序选择规则1
            if len(self.kind_task_delay_e_list) == 0:
                rj = max(self.kind_task_available_list, key=lambda x: self.kind_task_delivery_urgency[x])
            else:
                rj = max(self.kind_task_delay_e_list, key=lambda x: self.kind_task_delay_time_e[x])
",""
"Variable:environments/MO_DFJSP_breakdown.py:machine_selectable_list","machine_selectable_list","environments/MO_DFJSP_breakdown.py",385,385,"    def machine_select(self, machine_rule, rj_selected):
        """"""4个机器分配规则""""""
        machine_selectable_list = self.machine_available_rj_selectable(rj_selected)
        fluid_machine_selectable_list = self.machine_fluid_available_rj_selectable(rj_selected)
        if machine_rule == 1:  # 机器分配规则1
",""
"Variable:environments/MO_DFJSP_breakdown.py:fluid_machine_selectable_list","fluid_machine_selectable_list","environments/MO_DFJSP_breakdown.py",386,386,"        """"""4个机器分配规则""""""
        machine_selectable_list = self.machine_available_rj_selectable(rj_selected)
        fluid_machine_selectable_list = self.machine_fluid_available_rj_selectable(rj_selected)
        if machine_rule == 1:  # 机器分配规则1
            if len(fluid_machine_selectable_list) == 0:
",""
"Variable:environments/MO_DFJSP_breakdown.py:m","m","environments/MO_DFJSP_breakdown.py",389,389,"        if machine_rule == 1:  # 机器分配规则1
            if len(fluid_machine_selectable_list) == 0:
                m = max(machine_selectable_list, key=lambda x: self.machine_dict[x].gap_rj_dict[rj_selected])
            else:
                m = max(fluid_machine_selectable_list, key=lambda x: self.machine_dict[x].gap_rj_dict[rj_selected])
",""
"Variable:environments/MO_DFJSP_breakdown.py:machine_min_time","machine_min_time","environments/MO_DFJSP_breakdown.py",461,461,"        """"""工序类在制造系统中空闲机器上的最小加工时间""""""
        machine_selectable_list = self.machine_available_rj_selectable(rj)
        machine_min_time = min(machine_selectable_list, key=lambda x: self.time_mrj_dict[x][rj])
        return self.time_mrj_dict[machine_min_time][rj]

",""
"Variable:environments/MO_DFJSP_breakdown.py:machine_min_power","machine_min_power","environments/MO_DFJSP_breakdown.py",473,473,"        """"""工序类在制造系统中空闲机器上的最小加工能耗""""""
        machine_selectable_list = self.machine_available_rj_selectable(rj)
        machine_min_power = min(machine_selectable_list, key=lambda x: self.energy_mrj_dict[x][rj])
        return self.energy_mrj_dict[machine_min_power][rj]

",""
"Variable:environments/MO_DFJSP_breakdown.py:path","path","environments/MO_DFJSP_breakdown.py",511,511,"
if __name__ == '__main__':
    path = 'D:/Python project/HMPSAC_Fluid_Model_MOMDFJSP/data/HMPSAC_breakdown'
    # file_csv = '/rules_objectives.csv'
    # data_add = AddData(path + file_csv)
",""
"Variable:environments/MO_DFJSP_breakdown.py:file_name","file_name","environments/MO_DFJSP_breakdown.py",515,515,"    # data_add = AddData(path + file_csv)
    # data_add.add_data(['actions', 'completion', 'tardiness', 'energy'])
    file_name = 'DDT1.0_M20_S3'
    # file_name = 'DDT0.5_M10_S1'
    # file_name_list \
",""
"Variable:environments/MO_DFJSP_breakdown.py:time_start","time_start","environments/MO_DFJSP_breakdown.py",524,524,"    #        'DDT1.5_M20_S1', 'DDT1.5_M20_S3', 'DDT1.5_M20_S5']
    # for file_name in file_name_list:
    time_start = time.time()
    env_object = MO_DFJSP_Environment(use_instance=False, path=path, file_name=file_name)  # 定义环境对象
    for action in env_object.action_tuple:
",""
"Variable:environments/MO_DFJSP_breakdown.py:env_object","env_object","environments/MO_DFJSP_breakdown.py",525,525,"    # for file_name in file_name_list:
    time_start = time.time()
    env_object = MO_DFJSP_Environment(use_instance=False, path=path, file_name=file_name)  # 定义环境对象
    for action in env_object.action_tuple:
        state = env_object.reset()  # 初始化状态
",""
"Variable:environments/MO_DFJSP_breakdown.py:state","state","environments/MO_DFJSP_breakdown.py",527,527,"    env_object = MO_DFJSP_Environment(use_instance=False, path=path, file_name=file_name)  # 定义环境对象
    for action in env_object.action_tuple:
        state = env_object.reset()  # 初始化状态
        while not env_object.done:
            # action = (random.randint(0, 9), random.randint(0, 9))
",""
"Variable:environments/MO_DFJSP_instance_read.py:kind_task_tuple","kind_task_tuple","environments/MO_DFJSP_instance_read.py",25,25,"    def process(self):
        """"""生成额外索引""""""
        kind_task_tuple = tuple((r, j) for r in self.kind_tuple for j in self.task_r_dict[r])  # 工序类型元组
        kind_task_m_dict = {m: tuple((r, j) for (r, j) in kind_task_tuple if m in self.machine_rj_dict[(r, j)]) for m in self.machine_tuple}
        time_mrj_dict = {m: {(r, j): self.time_rjm_dict[(r, j)][m] for (r, j) in kind_task_m_dict[m]} for m in self.machine_tuple}
",""
"Variable:environments/MO_DFJSP_instance_read.py:kind_task_m_dict","kind_task_m_dict","environments/MO_DFJSP_instance_read.py",26,26,"        """"""生成额外索引""""""
        kind_task_tuple = tuple((r, j) for r in self.kind_tuple for j in self.task_r_dict[r])  # 工序类型元组
        kind_task_m_dict = {m: tuple((r, j) for (r, j) in kind_task_tuple if m in self.machine_rj_dict[(r, j)]) for m in self.machine_tuple}
        time_mrj_dict = {m: {(r, j): self.time_rjm_dict[(r, j)][m] for (r, j) in kind_task_m_dict[m]} for m in self.machine_tuple}
        time_rj_dict = {(r, j): sum([time_mrj_dict[m][(r, j)] for m in self.machine_rj_dict[(r, j)]]) / len(self.machine_rj_dict[(r, j)]) for (r, j) in kind_task_tuple}
",""
"Variable:environments/MO_DFJSP_instance_read.py:time_mrj_dict","time_mrj_dict","environments/MO_DFJSP_instance_read.py",27,27,"        kind_task_tuple = tuple((r, j) for r in self.kind_tuple for j in self.task_r_dict[r])  # 工序类型元组
        kind_task_m_dict = {m: tuple((r, j) for (r, j) in kind_task_tuple if m in self.machine_rj_dict[(r, j)]) for m in self.machine_tuple}
        time_mrj_dict = {m: {(r, j): self.time_rjm_dict[(r, j)][m] for (r, j) in kind_task_m_dict[m]} for m in self.machine_tuple}
        time_rj_dict = {(r, j): sum([time_mrj_dict[m][(r, j)] for m in self.machine_rj_dict[(r, j)]]) / len(self.machine_rj_dict[(r, j)]) for (r, j) in kind_task_tuple}
        return kind_task_m_dict, kind_task_tuple, time_mrj_dict, time_rj_dict
",""
"Variable:environments/MO_DFJSP_instance_read.py:time_rj_dict","time_rj_dict","environments/MO_DFJSP_instance_read.py",28,28,"        kind_task_m_dict = {m: tuple((r, j) for (r, j) in kind_task_tuple if m in self.machine_rj_dict[(r, j)]) for m in self.machine_tuple}
        time_mrj_dict = {m: {(r, j): self.time_rjm_dict[(r, j)][m] for (r, j) in kind_task_m_dict[m]} for m in self.machine_tuple}
        time_rj_dict = {(r, j): sum([time_mrj_dict[m][(r, j)] for m in self.machine_rj_dict[(r, j)]]) / len(self.machine_rj_dict[(r, j)]) for (r, j) in kind_task_tuple}
        return kind_task_m_dict, kind_task_tuple, time_mrj_dict, time_rj_dict

",""
"Variable:environments/MO_DFJSP_instance_read.py:nums","nums","environments/MO_DFJSP_instance_read.py",33,33,"    def str_int_tuple(self, s):
        """"""字符串中提取数字并转为int类型元组""""""
        nums = [int(i) for i in re.findall(r'\d+', s)]
        return tuple(nums)

",""
"Variable:environments/MO_DFJSP_instance_read.py:data_file","data_file","environments/MO_DFJSP_instance_read.py",43,43,"    def read(self, csv_name):
        """"""读取文件数据""""""
        data_file = os.path.join(self.path, self.file_name, csv_name)
        with open(data_file, 'r') as f:
            reader = csv.reader(f)
",""
"Variable:environments/MO_DFJSP_instance_read.py:reader","reader","environments/MO_DFJSP_instance_read.py",45,45,"        data_file = os.path.join(self.path, self.file_name, csv_name)
        with open(data_file, 'r') as f:
            reader = csv.reader(f)
            rows = []
            for row in reader:
",""
"Variable:environments/MO_DFJSP_instance_read.py:rows","rows","environments/MO_DFJSP_instance_read.py",46,46,"        with open(data_file, 'r') as f:
            reader = csv.reader(f)
            rows = []
            for row in reader:
                rows.append(row)
",""
"Variable:environments/MO_DFJSP_instance_read.py:kind_count","kind_count","environments/MO_DFJSP_instance_read.py",50,50,"                rows.append(row)
        if csv_name == 'based_data.csv':
            kind_count = self.str_int(rows[1][0])
            machine_count = self.str_int(rows[1][1])
            order_count = self.str_int(rows[1][2])
",""
"Variable:environments/MO_DFJSP_instance_read.py:machine_count","machine_count","environments/MO_DFJSP_instance_read.py",51,51,"        if csv_name == 'based_data.csv':
            kind_count = self.str_int(rows[1][0])
            machine_count = self.str_int(rows[1][1])
            order_count = self.str_int(rows[1][2])
            DDT = self.str_int(rows[1][3])
",""
"Variable:environments/MO_DFJSP_instance_read.py:order_count","order_count","environments/MO_DFJSP_instance_read.py",52,52,"            kind_count = self.str_int(rows[1][0])
            machine_count = self.str_int(rows[1][1])
            order_count = self.str_int(rows[1][2])
            DDT = self.str_int(rows[1][3])
            return kind_count, machine_count, order_count, DDT
",""
"Variable:environments/MO_DFJSP_instance_read.py:DDT","DDT","environments/MO_DFJSP_instance_read.py",53,53,"            machine_count = self.str_int(rows[1][1])
            order_count = self.str_int(rows[1][2])
            DDT = self.str_int(rows[1][3])
            return kind_count, machine_count, order_count, DDT
        elif csv_name == 'machine_data.csv':
",""
"Variable:environments/MO_DFJSP_instance_read.py:power_m_dict","power_m_dict","environments/MO_DFJSP_instance_read.py",56,56,"            return kind_count, machine_count, order_count, DDT
        elif csv_name == 'machine_data.csv':
            power_m_dict = {m: None for m in self.machine_tuple}
            breakdown_m_dict = {m: [] for m in self.machine_tuple}
            with open(data_file, 'r') as f:
",""
"Variable:environments/MO_DFJSP_instance_read.py:breakdown_m_dict","breakdown_m_dict","environments/MO_DFJSP_instance_read.py",57,57,"        elif csv_name == 'machine_data.csv':
            power_m_dict = {m: None for m in self.machine_tuple}
            breakdown_m_dict = {m: [] for m in self.machine_tuple}
            with open(data_file, 'r') as f:
                reader = csv.reader(f)
",""
"Variable:environments/MO_DFJSP_instance_read.py:machine","machine","environments/MO_DFJSP_instance_read.py",62,62,"                next(reader)  # 跳过标题头
                for row in reader:
                    machine = self.str_int(row[0])
                    idle_power = self.str_int(row[1])
                    # 只在第一次读取机器信息时设置待机功率，避免重复设置
",""
"Variable:environments/MO_DFJSP_instance_read.py:idle_power","idle_power","environments/MO_DFJSP_instance_read.py",63,63,"                for row in reader:
                    machine = self.str_int(row[0])
                    idle_power = self.str_int(row[1])
                    # 只在第一次读取机器信息时设置待机功率，避免重复设置
                    if power_m_dict[machine] is None:
",""
"Variable:environments/MO_DFJSP_instance_read.py:breakdown_start","breakdown_start","environments/MO_DFJSP_instance_read.py",69,69,"                    # 读取故障信息，如果有的话
                    if len(row) > 2:
                        breakdown_start = self.str_int(row[2])
                        breakdown_end = self.str_int(row[3])
                        breakdown_m_dict[machine].append((breakdown_start, breakdown_end))
",""
"Variable:environments/MO_DFJSP_instance_read.py:breakdown_end","breakdown_end","environments/MO_DFJSP_instance_read.py",70,70,"                    if len(row) > 2:
                        breakdown_start = self.str_int(row[2])
                        breakdown_end = self.str_int(row[3])
                        breakdown_m_dict[machine].append((breakdown_start, breakdown_end))
            return power_m_dict, breakdown_m_dict
",""
"Variable:environments/MO_DFJSP_instance_read.py:task_r_dict","task_r_dict","environments/MO_DFJSP_instance_read.py",74,74,"            return power_m_dict, breakdown_m_dict
        elif csv_name == 'process_data.csv':
            task_r_dict = {kind: [] for kind in self.kind_tuple}
            machine_rj_dict = {}
            time_rjm_dict = {}
",""
"Variable:environments/MO_DFJSP_instance_read.py:machine_rj_dict","machine_rj_dict","environments/MO_DFJSP_instance_read.py",75,75,"        elif csv_name == 'process_data.csv':
            task_r_dict = {kind: [] for kind in self.kind_tuple}
            machine_rj_dict = {}
            time_rjm_dict = {}
            power_mrj_dict = {m: {} for m in self.machine_tuple}
",""
"Variable:environments/MO_DFJSP_instance_read.py:time_rjm_dict","time_rjm_dict","environments/MO_DFJSP_instance_read.py",76,76,"            task_r_dict = {kind: [] for kind in self.kind_tuple}
            machine_rj_dict = {}
            time_rjm_dict = {}
            power_mrj_dict = {m: {} for m in self.machine_tuple}
            for row in rows[1:]:
",""
"Variable:environments/MO_DFJSP_instance_read.py:power_mrj_dict","power_mrj_dict","environments/MO_DFJSP_instance_read.py",77,77,"            machine_rj_dict = {}
            time_rjm_dict = {}
            power_mrj_dict = {m: {} for m in self.machine_tuple}
            for row in rows[1:]:
                kind = self.str_int(row[0])
",""
"Variable:environments/MO_DFJSP_instance_read.py:kind","kind","environments/MO_DFJSP_instance_read.py",79,79,"            power_mrj_dict = {m: {} for m in self.machine_tuple}
            for row in rows[1:]:
                kind = self.str_int(row[0])
                task = self.str_int(row[1])
                machine_str = self.str_int_tuple(row[2])
",""
"Variable:environments/MO_DFJSP_instance_read.py:task","task","environments/MO_DFJSP_instance_read.py",80,80,"            for row in rows[1:]:
                kind = self.str_int(row[0])
                task = self.str_int(row[1])
                machine_str = self.str_int_tuple(row[2])
                time_str = self.str_int_tuple(row[3])
",""
"Variable:environments/MO_DFJSP_instance_read.py:machine_str","machine_str","environments/MO_DFJSP_instance_read.py",81,81,"                kind = self.str_int(row[0])
                task = self.str_int(row[1])
                machine_str = self.str_int_tuple(row[2])
                time_str = self.str_int_tuple(row[3])
                power_str = self.str_int_tuple(row[4])
",""
"Variable:environments/MO_DFJSP_instance_read.py:time_str","time_str","environments/MO_DFJSP_instance_read.py",82,82,"                task = self.str_int(row[1])
                machine_str = self.str_int_tuple(row[2])
                time_str = self.str_int_tuple(row[3])
                power_str = self.str_int_tuple(row[4])
                task_r_dict[kind].append(task)
",""
"Variable:environments/MO_DFJSP_instance_read.py:power_str","power_str","environments/MO_DFJSP_instance_read.py",83,83,"                machine_str = self.str_int_tuple(row[2])
                time_str = self.str_int_tuple(row[3])
                power_str = self.str_int_tuple(row[4])
                task_r_dict[kind].append(task)
                machine_rj_dict[(kind, task)] = machine_str
",""
"Variable:environments/MO_DFJSP_instance_read.py:time_machine","time_machine","environments/MO_DFJSP_instance_read.py",95,95,"            for kind in self.kind_tuple:
                for task in task_r_dict[kind]:
                    time_machine = {}
                    for machine, time in zip(machine_rj_dict[(kind, task)], time_rjm_dict[(kind, task)]):
                        time_machine[machine] = time
",""
"Variable:environments/MO_DFJSP_instance_read.py:count_sr_dict","count_sr_dict","environments/MO_DFJSP_instance_read.py",101,101,"            return task_r_dict, machine_rj_dict, time_rjm_dict, power_mrj_dict
        else:
            count_sr_dict = {}
            time_arrive_s_dict = {}
            time_delivery_s_dict = {}
",""
"Variable:environments/MO_DFJSP_instance_read.py:time_arrive_s_dict","time_arrive_s_dict","environments/MO_DFJSP_instance_read.py",102,102,"        else:
            count_sr_dict = {}
            time_arrive_s_dict = {}
            time_delivery_s_dict = {}
            for row in rows[1:]:
",""
"Variable:environments/MO_DFJSP_instance_read.py:time_delivery_s_dict","time_delivery_s_dict","environments/MO_DFJSP_instance_read.py",103,103,"            count_sr_dict = {}
            time_arrive_s_dict = {}
            time_delivery_s_dict = {}
            for row in rows[1:]:
                order = self.str_int(row[0])
",""
"Variable:environments/MO_DFJSP_instance_read.py:order","order","environments/MO_DFJSP_instance_read.py",105,105,"            time_delivery_s_dict = {}
            for row in rows[1:]:
                order = self.str_int(row[0])
                time_arrive = self.str_int(row[1])
                time_delivery = self.str_int(row[2])
",""
"Variable:environments/MO_DFJSP_instance_read.py:time_arrive","time_arrive","environments/MO_DFJSP_instance_read.py",106,106,"            for row in rows[1:]:
                order = self.str_int(row[0])
                time_arrive = self.str_int(row[1])
                time_delivery = self.str_int(row[2])
                kind_count = self.str_int_tuple(row[3])
",""
"Variable:environments/MO_DFJSP_instance_read.py:time_delivery","time_delivery","environments/MO_DFJSP_instance_read.py",107,107,"                order = self.str_int(row[0])
                time_arrive = self.str_int(row[1])
                time_delivery = self.str_int(row[2])
                kind_count = self.str_int_tuple(row[3])
                count_sr_dict[order] = kind_count
",""
"Variable:environments/MO_DFJSP_instance_read.py:path","path","environments/MO_DFJSP_instance_read.py",118,118,"if __name__ == '__main__':
    # 读取功率信息到csv文件
    path = 'D:/Python project/HMPSAC_Fluid_Model_MOMDFJSP/data/industrial'
    path_write = 'D:/Python project/HMPSAC_Fluid_Model_MOMDFJSP/data/industrial/power.csv'
    file_name = 'DDT0.5_M20_S5'
",""
"Variable:environments/MO_DFJSP_instance_read.py:path_write","path_write","environments/MO_DFJSP_instance_read.py",119,119,"    # 读取功率信息到csv文件
    path = 'D:/Python project/HMPSAC_Fluid_Model_MOMDFJSP/data/industrial'
    path_write = 'D:/Python project/HMPSAC_Fluid_Model_MOMDFJSP/data/industrial/power.csv'
    file_name = 'DDT0.5_M20_S5'
    kind_name = ['K38A', 'K38B', 'K50']
",""
"Variable:environments/MO_DFJSP_instance_read.py:file_name","file_name","environments/MO_DFJSP_instance_read.py",120,120,"    path = 'D:/Python project/HMPSAC_Fluid_Model_MOMDFJSP/data/industrial'
    path_write = 'D:/Python project/HMPSAC_Fluid_Model_MOMDFJSP/data/industrial/power.csv'
    file_name = 'DDT0.5_M20_S5'
    kind_name = ['K38A', 'K38B', 'K50']
    data = Data(path, file_name)
",""
"Variable:environments/MO_DFJSP_instance_read.py:kind_name","kind_name","environments/MO_DFJSP_instance_read.py",121,121,"    path_write = 'D:/Python project/HMPSAC_Fluid_Model_MOMDFJSP/data/industrial/power.csv'
    file_name = 'DDT0.5_M20_S5'
    kind_name = ['K38A', 'K38B', 'K50']
    data = Data(path, file_name)
    for m in data.machine_tuple:
",""
"Variable:environments/MO_DFJSP_instance_read.py:data","data","environments/MO_DFJSP_instance_read.py",122,122,"    file_name = 'DDT0.5_M20_S5'
    kind_name = ['K38A', 'K38B', 'K50']
    data = Data(path, file_name)
    for m in data.machine_tuple:
        with open(path_write, mode='a', newline='') as file:
",""
"Variable:environments/MO_DFJSP_instance_read.py:writer","writer","environments/MO_DFJSP_instance_read.py",125,125,"    for m in data.machine_tuple:
        with open(path_write, mode='a', newline='') as file:
            writer = csv.writer(file)
            row = ['M' + str(m)]
            # 添加工序+功率
",""
"Variable:environments/MO_DFJSP_instance_read.py:row","row","environments/MO_DFJSP_instance_read.py",126,126,"        with open(path_write, mode='a', newline='') as file:
            writer = csv.writer(file)
            row = ['M' + str(m)]
            # 添加工序+功率
            for (kind, task) in data.kind_task_m_dict[m]:
",""
"Variable:environments/class_MODFJSP.py:min_due_date","min_due_date","environments/class_MODFJSP.py",83,83,"    def due_date_min(self):
        if len(self.job_now_list) > 0:
            min_due_date = min(job_object.due_date for job_object in self.job_now_list)
        else:
            raise MyError(""当前工序rj阶段不存在工件"")
",""
"Variable:environments/class_MODFJSP.py:gap_rj_dict","gap_rj_dict","environments/class_MODFJSP.py",151,151,"    @property
    def gap_rj_dict(self):
        gap_rj_dict = {}
        for (r, j) in self.kind_task_tuple:
            gap_rj_dict[(r, j)] = self.unprocessed_rj_dict[(r, j)] - self.fluid_unprocessed_rj_dict[(r, j)]
",""
"Variable:environments/class_MODFJSP.py:n_start","n_start","environments/class_MODFJSP.py",219,219,"        # 更新工件类型字典、工序类型对象字典、工序对象字典、工件对象字典、
        for r in self.kind_tuple:
            n_start = self.kind_dict[r].number_start
            n_end = n_start + order_object.count_kind[r]
            for n in range(n_start, n_end):
",""
"Variable:environments/class_MODFJSP.py:n_end","n_end","environments/class_MODFJSP.py",220,220,"        for r in self.kind_tuple:
            n_start = self.kind_dict[r].number_start
            n_end = n_start + order_object.count_kind[r]
            for n in range(n_start, n_end):
                job_object = Job(r, n)  # 工件对象
",""
"Variable:environments/class_MODFJSP.py:job_object","job_object","environments/class_MODFJSP.py",222,222,"            n_end = n_start + order_object.count_kind[r]
            for n in range(n_start, n_end):
                job_object = Job(r, n)  # 工件对象
                job_object.due_date = order_object.time_delivery  # 工件交期
                job_object.time_arrive = order_object.time_arrive  # 工件到达时间
",""
"Variable:environments/class_MODFJSP.py:task_object","task_object","environments/class_MODFJSP.py",232,232,"                self.kind_task_dict[(r, 0)].job_now_list.append(job_object)
                for j in self.task_r_dict[r]:
                    task_object = Task(r, n, j)  # 工序对象
                    job_object.task_unprocessed_list.append(task_object)  # 加入工序未处理工序对象字典
                    task_object.due_date = self.job_dict[(r, n)].due_date  # 工序交期
",""
"Variable:environments/class_MODFJSP.py:x","x","environments/class_MODFJSP.py",244,244,"            kind_task_object.fluid_unprocessed_number_start = len(kind_task_object.task_unprocessed_list)  # 订单到达时刻未被加工的流体数量
        # 求解流体模型更新流体模型属性
        x = self.fluid_model()
        # 初始化流体属性
        self.reset_fluid_parameter()
",""
"Variable:environments/class_MODFJSP.py:model","model","environments/class_MODFJSP.py",255,255,"        """"""
        # 初始化模型对象
        model = Model('LP')
        # 定义决策变量
        var_list = {(m, (r, j)) for m in self.machine_tuple for (r, j) in self.kind_task_m_dict[m]}
",""
"Variable:environments/class_MODFJSP.py:var_list","var_list","environments/class_MODFJSP.py",257,257,"        model = Model('LP')
        # 定义决策变量
        var_list = {(m, (r, j)) for m in self.machine_tuple for (r, j) in self.kind_task_m_dict[m]}
        # 定义决策变量上下界
        X = model.continuous_var_dict(var_list, lb=0, ub=1, name='X')
",""
"Variable:environments/class_MODFJSP.py:X","X","environments/class_MODFJSP.py",259,259,"        var_list = {(m, (r, j)) for m in self.machine_tuple for (r, j) in self.kind_task_m_dict[m]}
        # 定义决策变量上下界
        X = model.continuous_var_dict(var_list, lb=0, ub=1, name='X')
        # 各流体初始未加工数量
        fluid_number = {(r, j): self.kind_task_dict[(r, j)].fluid_unprocessed_number_start
",""
"Variable:environments/class_MODFJSP.py:fluid_number","fluid_number","environments/class_MODFJSP.py",261,262,"        X = model.continuous_var_dict(var_list, lb=0, ub=1, name='X')
        # 各流体初始未加工数量
        fluid_number = {(r, j): self.kind_task_dict[(r, j)].fluid_unprocessed_number_start
                        for (r, j) in self.kind_task_tuple}
        # 各流体初始瞬态数量
        fluid_number_time = {(r, j): self.kind_task_dict[(r, j)].fluid_number for (r, j) in self.kind_task_tuple}
",""
"Variable:environments/class_MODFJSP.py:fluid_number_time","fluid_number_time","environments/class_MODFJSP.py",264,264,"                        for (r, j) in self.kind_task_tuple}
        # 各流体初始瞬态数量
        fluid_number_time = {(r, j): self.kind_task_dict[(r, j)].fluid_number for (r, j) in self.kind_task_tuple}
        process_rate_rj_sum = {(r, j): sum(X[m, (r, j)] * self.process_rate_m_rj_dict[m][(r, j)]
                                           for m in self.machine_rj_dict[(r, j)]) for (r, j) in self.kind_task_tuple}
",""
"Variable:environments/class_MODFJSP.py:process_rate_rj_sum","process_rate_rj_sum","environments/class_MODFJSP.py",265,266,"        # 各流体初始瞬态数量
        fluid_number_time = {(r, j): self.kind_task_dict[(r, j)].fluid_number for (r, j) in self.kind_task_tuple}
        process_rate_rj_sum = {(r, j): sum(X[m, (r, j)] * self.process_rate_m_rj_dict[m][(r, j)]
                                           for m in self.machine_rj_dict[(r, j)]) for (r, j) in self.kind_task_tuple}
        # 定义目标函数
        model.maximize(model.min(process_rate_rj_sum[(r, j)]/fluid_number[(r, j)] for (r, j) in self.kind_task_tuple))
",""
"Variable:environments/class_MODFJSP.py:solution","solution","environments/class_MODFJSP.py",277,277,"                              for j in self.task_r_dict[r][:-1] if fluid_number_time[(r, j+1)] == 0)
        # 求解模型
        solution = model.solve()
        x = solution.get_value_dict(X)
        # 输出流体完工时间
",""
"Variable:environments/class_MODFJSP.py:fluid_completed_time","fluid_completed_time","environments/class_MODFJSP.py",282,282,"        process_rate_rj_sum = {(r, j): sum(x[m, (r, j)] * self.process_rate_m_rj_dict[m][(r, j)]
                                           for m in self.machine_rj_dict[(r, j)]) for (r, j) in self.kind_task_tuple}
        fluid_completed_time = max(fluid_number[(r, j)] / process_rate_rj_sum[(r, j)] for (r, j) in self.kind_task_tuple)
        # print(""流体完工时间："", fluid_completed_time)
        return x
",""
"Variable:environments/class_MODFJSP.py:machine_object","machine_object","environments/class_MODFJSP.py",289,289,"        """"""基于流体解更新流体参数""""""
        for (m, (r, j)), rate in x.items():
            machine_object = self.machine_dict[m]
            kind_task_object = self.kind_task_dict[(r, j)]
            machine_object.time_ratio_rj_dict[(r, j)] = rate  # 流体解中分配给各工序类型的时间比例
",""
"Variable:environments/class_MODFJSP.py:kind_task_object","kind_task_object","environments/class_MODFJSP.py",290,290,"        for (m, (r, j)), rate in x.items():
            machine_object = self.machine_dict[m]
            kind_task_object = self.kind_task_dict[(r, j)]
            machine_object.time_ratio_rj_dict[(r, j)] = rate  # 流体解中分配给各工序类型的时间比例
            kind_task_object.fluid_process_rate_m_dict[m] = rate*self.process_rate_m_rj_dict[m][(r, j)]
",""
"Variable:environments/class_MODFJSP.py:file_name","file_name","environments/class_MODFJSP.py",315,315,"# 测试环境
if __name__ == '__main__':
    file_name = 'DDT1.0_M15_S1'
    path = 'D:/Python project/HMPSAC_Fluid_Model_MOMDFJSP/data/HMPSAC'
    fjsp_object = FJSP(use_instance=False, file_name=file_name, path=path)
",""
"Variable:environments/class_MODFJSP.py:path","path","environments/class_MODFJSP.py",316,316,"if __name__ == '__main__':
    file_name = 'DDT1.0_M15_S1'
    path = 'D:/Python project/HMPSAC_Fluid_Model_MOMDFJSP/data/HMPSAC'
    fjsp_object = FJSP(use_instance=False, file_name=file_name, path=path)
    print(fjsp_object.power_mrj_dict)
",""
"Variable:environments/class_MODFJSP.py:fjsp_object","fjsp_object","environments/class_MODFJSP.py",317,317,"    file_name = 'DDT1.0_M15_S1'
    path = 'D:/Python project/HMPSAC_Fluid_Model_MOMDFJSP/data/HMPSAC'
    fjsp_object = FJSP(use_instance=False, file_name=file_name, path=path)
    print(fjsp_object.power_mrj_dict)
    print(fjsp_object.power_m_dict)
",""
"Variable:exploration_strategies/Epsilon_Greedy_Exploration.py:action_values","action_values","exploration_strategies/Epsilon_Greedy_Exploration.py",28,28,"        Perturbs the action of the agent to encourage exploration
        """"""
        action_values = action_info[""action_values""]
        turn_off_exploration = action_info[""turn_off_exploration""]
        episode_number = action_info[""episode_number""]
",""
"Variable:exploration_strategies/Epsilon_Greedy_Exploration.py:turn_off_exploration","turn_off_exploration","exploration_strategies/Epsilon_Greedy_Exploration.py",29,29,"        """"""
        action_values = action_info[""action_values""]
        turn_off_exploration = action_info[""turn_off_exploration""]
        episode_number = action_info[""episode_number""]
        if turn_off_exploration and not self.notified_that_exploration_turned_off:
",""
"Variable:exploration_strategies/Epsilon_Greedy_Exploration.py:episode_number","episode_number","exploration_strategies/Epsilon_Greedy_Exploration.py",30,30,"        action_values = action_info[""action_values""]
        turn_off_exploration = action_info[""turn_off_exploration""]
        episode_number = action_info[""episode_number""]
        if turn_off_exploration and not self.notified_that_exploration_turned_off:
            print("" "")
",""
"Variable:exploration_strategies/Epsilon_Greedy_Exploration.py:epsilon","epsilon","exploration_strategies/Epsilon_Greedy_Exploration.py",36,36,"            print("" "")
            self.notified_that_exploration_turned_off = True
        epsilon = self.get_updated_epsilon_exploration(action_info)

        if (random.random() > epsilon or turn_off_exploration) and (episode_number >= self.random_episodes_to_run):
",""
"Variable:exploration_strategies/Epsilon_Greedy_Exploration.py:epsilon_decay_denominator","epsilon_decay_denominator","exploration_strategies/Epsilon_Greedy_Exploration.py",47,47,"        """"""
        episode_number = action_info[""episode_number""]
        epsilon_decay_denominator = self.hyper_parameters[""epsilon_decay_rate_denominator""]

        if self.exploration_cycle_episodes_length is None:
",""
"Variable:exploration_strategies/Epsilon_Greedy_Exploration.py:max_epsilon","max_epsilon","exploration_strategies/Epsilon_Greedy_Exploration.py",59,59,"        Calculates epsilon according to a cyclical strategy
        """"""
        max_epsilon = 0.5
        min_epsilon = 0.001
        increment = (max_epsilon - min_epsilon) / float(self.exploration_cycle_episodes_length / 2)
",""
"Variable:exploration_strategies/Epsilon_Greedy_Exploration.py:min_epsilon","min_epsilon","exploration_strategies/Epsilon_Greedy_Exploration.py",60,60,"        """"""
        max_epsilon = 0.5
        min_epsilon = 0.001
        increment = (max_epsilon - min_epsilon) / float(self.exploration_cycle_episodes_length / 2)
        cycle = [ix for ix in range(int(self.exploration_cycle_episodes_length / 2))] + [ix for ix in range(
",""
"Variable:exploration_strategies/Epsilon_Greedy_Exploration.py:increment","increment","exploration_strategies/Epsilon_Greedy_Exploration.py",61,61,"        max_epsilon = 0.5
        min_epsilon = 0.001
        increment = (max_epsilon - min_epsilon) / float(self.exploration_cycle_episodes_length / 2)
        cycle = [ix for ix in range(int(self.exploration_cycle_episodes_length / 2))] + [ix for ix in range(
            int(self.exploration_cycle_episodes_length / 2), 0, -1)]
",""
"Variable:exploration_strategies/Epsilon_Greedy_Exploration.py:cycle","cycle","exploration_strategies/Epsilon_Greedy_Exploration.py",62,63,"        min_epsilon = 0.001
        increment = (max_epsilon - min_epsilon) / float(self.exploration_cycle_episodes_length / 2)
        cycle = [ix for ix in range(int(self.exploration_cycle_episodes_length / 2))] + [ix for ix in range(
            int(self.exploration_cycle_episodes_length / 2), 0, -1)]
        cycle_ix = episode_number % self.exploration_cycle_episodes_length
        epsilon = max_epsilon - cycle[cycle_ix] * increment
",""
"Variable:exploration_strategies/Epsilon_Greedy_Exploration.py:cycle_ix","cycle_ix","exploration_strategies/Epsilon_Greedy_Exploration.py",64,64,"        cycle = [ix for ix in range(int(self.exploration_cycle_episodes_length / 2))] + [ix for ix in range(
            int(self.exploration_cycle_episodes_length / 2), 0, -1)]
        cycle_ix = episode_number % self.exploration_cycle_episodes_length
        epsilon = max_epsilon - cycle[cycle_ix] * increment
        return epsilon
",""
"Variable:exploration_strategies/Gaussian_Exploration.py:action","action","exploration_strategies/Gaussian_Exploration.py",16,16,"    def perturb_action_for_exploration_purposes(self, action_info):
        """"""干扰代理的行动以鼓励探索""""""
        action = action_info[""action""]
        action_noise = self.action_noise_distribution.sample(sample_shape=action.shape)
        action_noise = action_noise.squeeze(-1)
",""
"Variable:exploration_strategies/Gaussian_Exploration.py:action_noise","action_noise","exploration_strategies/Gaussian_Exploration.py",17,17,"        """"""干扰代理的行动以鼓励探索""""""
        action = action_info[""action""]
        action_noise = self.action_noise_distribution.sample(sample_shape=action.shape)
        action_noise = action_noise.squeeze(-1)
        clipped_action_noise = torch.clamp(action_noise, min=-self.action_noise_clipping_range, max=self.action_noise_clipping_range)
",""
"Variable:exploration_strategies/Gaussian_Exploration.py:clipped_action_noise","clipped_action_noise","exploration_strategies/Gaussian_Exploration.py",19,19,"        action_noise = self.action_noise_distribution.sample(sample_shape=action.shape)
        action_noise = action_noise.squeeze(-1)
        clipped_action_noise = torch.clamp(action_noise, min=-self.action_noise_clipping_range, max=self.action_noise_clipping_range)
        action += clipped_action_noise.to(self.device)
        return action
",""
"Variable:exploration_strategies/OU_Noise_Exploration.py:action","action","exploration_strategies/OU_Noise_Exploration.py",13,13,"    def perturb_action_for_exploration_purposes(self, action_info):
        """"""干扰代理的行动以鼓励探索""""""
        action = action_info[""action""]
        action += self.noise.sample()
        return action
",""
"Variable:utilities/OU_Noise.py:dx","dx","utilities/OU_Noise.py",20,20,"    def sample(self):
        """"""更新内部状态并将其作为噪声样本返回""""""
        dx = self.theta * (self.mu - self.state) + self.sigma * np.array([np.random.normal() for _ in range(len(self.state))])
        self.state += dx
        return self.state",""
"Variable:utilities/Parallel_Experience_Generator.py:results","results","utilities/Parallel_Experience_Generator.py",33,33,"        self.exploration_epsilon = exploration_epsilon
        with closing(Pool(processes=n)) as pool:  # 创建上下文管理器，在执行过程离开with语句体时自动执行object.close()
            results = pool.map(self, range(n))  # 调用__call__(self, n)
            pool.terminate()  # 结束工作进程，不再处理未处理的任务
        states_for_all_episodes = [episode[0] for episode in results]
",""
"Variable:utilities/Parallel_Experience_Generator.py:states_for_all_episodes","states_for_all_episodes","utilities/Parallel_Experience_Generator.py",35,35,"            results = pool.map(self, range(n))  # 调用__call__(self, n)
            pool.terminate()  # 结束工作进程，不再处理未处理的任务
        states_for_all_episodes = [episode[0] for episode in results]
        actions_for_all_episodes = [episode[1] for episode in results]
        rewards_for_all_episodes = [episode[2] for episode in results]
",""
"Variable:utilities/Parallel_Experience_Generator.py:actions_for_all_episodes","actions_for_all_episodes","utilities/Parallel_Experience_Generator.py",36,36,"            pool.terminate()  # 结束工作进程，不再处理未处理的任务
        states_for_all_episodes = [episode[0] for episode in results]
        actions_for_all_episodes = [episode[1] for episode in results]
        rewards_for_all_episodes = [episode[2] for episode in results]
        objects_for_all_episodes = [episode[3] for episode in results]
",""
"Variable:utilities/Parallel_Experience_Generator.py:rewards_for_all_episodes","rewards_for_all_episodes","utilities/Parallel_Experience_Generator.py",37,37,"        states_for_all_episodes = [episode[0] for episode in results]
        actions_for_all_episodes = [episode[1] for episode in results]
        rewards_for_all_episodes = [episode[2] for episode in results]
        objects_for_all_episodes = [episode[3] for episode in results]
        return states_for_all_episodes, actions_for_all_episodes, rewards_for_all_episodes, objects_for_all_episodes
",""
"Variable:utilities/Parallel_Experience_Generator.py:objects_for_all_episodes","objects_for_all_episodes","utilities/Parallel_Experience_Generator.py",38,38,"        actions_for_all_episodes = [episode[1] for episode in results]
        rewards_for_all_episodes = [episode[2] for episode in results]
        objects_for_all_episodes = [episode[3] for episode in results]
        return states_for_all_episodes, actions_for_all_episodes, rewards_for_all_episodes, objects_for_all_episodes

",""
"Variable:utilities/Parallel_Experience_Generator.py:exploration","exploration","utilities/Parallel_Experience_Generator.py",42,42,"
    def __call__(self, n):
        exploration = max(0.0, random.uniform(self.exploration_epsilon / 3.0, self.exploration_epsilon * 3.0))
        return self.play_1_episode(exploration)

",""
"Variable:utilities/Parallel_Experience_Generator.py:state","state","utilities/Parallel_Experience_Generator.py",49,49,"        Plays 1 episode using the fixed policy and returns the data|一条轨迹
        """"""
        state = self.environment.reset()
        done = False
        episode_states = []
",""
"Variable:utilities/Parallel_Experience_Generator.py:done","done","utilities/Parallel_Experience_Generator.py",50,50,"        """"""
        state = self.environment.reset()
        done = False
        episode_states = []
        episode_actions = []
",""
"Variable:utilities/Parallel_Experience_Generator.py:episode_states","episode_states","utilities/Parallel_Experience_Generator.py",51,51,"        state = self.environment.reset()
        done = False
        episode_states = []
        episode_actions = []
        episode_rewards = []
",""
"Variable:utilities/Parallel_Experience_Generator.py:episode_actions","episode_actions","utilities/Parallel_Experience_Generator.py",52,52,"        done = False
        episode_states = []
        episode_actions = []
        episode_rewards = []
        objects = []
",""
"Variable:utilities/Parallel_Experience_Generator.py:episode_rewards","episode_rewards","utilities/Parallel_Experience_Generator.py",53,53,"        episode_states = []
        episode_actions = []
        episode_rewards = []
        objects = []
        while not done:
",""
"Variable:utilities/Parallel_Experience_Generator.py:objects","objects","utilities/Parallel_Experience_Generator.py",54,54,"        episode_actions = []
        episode_rewards = []
        objects = []
        while not done:
            action = self.pick_action(self.policy, state, epsilon_exploration)
",""
"Variable:utilities/Parallel_Experience_Generator.py:action","action","utilities/Parallel_Experience_Generator.py",56,56,"        objects = []
        while not done:
            action = self.pick_action(self.policy, state, epsilon_exploration)
            next_state, reward, done = self.environment.step(action)
            if self.hyper_parameters[""clip_rewards""]:
",""
"Variable:utilities/Parallel_Experience_Generator.py:reward","reward","utilities/Parallel_Experience_Generator.py",59,59,"            next_state, reward, done = self.environment.step(action)
            if self.hyper_parameters[""clip_rewards""]:
                reward = max(min(reward, 1.0), -1.0)
            episode_states.append(state)
            episode_actions.append(action)
",""
"Variable:utilities/Parallel_Experience_Generator.py:seed","seed","utilities/Parallel_Experience_Generator.py",71,71,"        Resets the game environment so it is ready to play a new episode
        """"""
        seed = randint(0, sys.maxsize)
        torch.manual_seed(seed)  # Need to do this otherwise each worker generates same experience
        state = self.environment.reset()
",""
"Variable:utilities/Parallel_Experience_Generator.py:actor_output","actor_output","utilities/Parallel_Experience_Generator.py",86,86,"
        state = torch.from_numpy(state).float().unsqueeze(0)
        actor_output = policy.forward(state)
        if self.action_choice_output_columns is not None:
            actor_output = actor_output[:, self.action_choice_output_columns]
",""
"Variable:utilities/Parallel_Experience_Generator.py:action_distribution","action_distribution","utilities/Parallel_Experience_Generator.py",89,89,"        if self.action_choice_output_columns is not None:
            actor_output = actor_output[:, self.action_choice_output_columns]
        action_distribution = create_actor_distribution(self.action_types, actor_output, self.action_size)
        action = action_distribution.sample().cpu()

",""
"Variable:utilities/Utility_Class.py:font","font","utilities/Utility_Class.py",13,13,"from matplotlib.font_manager import FontProperties  # 中文显示问题
# 设置显示问题
font = FontProperties(fname=""SimHei.ttf"", size=12)  # 指定中文字体和字号
os.environ[""KMP_DUPLICATE_LIB_OK""] = ""TRUE""
mpl.rcParams['font.family'] = 'Times New Roman'  # 设置全局字体为Times New Roman
",""
"Variable:utilities/Utility_Class.py:color_symbols","color_symbols","utilities/Utility_Class.py",27,27,"    def Pareto_figure(self, solutions_dict, algorithms, instance, algorithm_names=None, local='upper left'):
        """"""画帕累托图""""""
        color_symbols = ['b', 'g', 'r', 'c', 'm', 'y', 'k', 'orange', 'purple', 'brown', 'pink', 'gray']
        marker_symbols = ['*', 'o', 's', '<', 'D', 'p', 'h', 'x', '+', 'v', '^', '>']
        fig, ax = plt.subplots()
",""
"Variable:utilities/Utility_Class.py:marker_symbols","marker_symbols","utilities/Utility_Class.py",28,28,"        """"""画帕累托图""""""
        color_symbols = ['b', 'g', 'r', 'c', 'm', 'y', 'k', 'orange', 'purple', 'brown', 'pink', 'gray']
        marker_symbols = ['*', 'o', 's', '<', 'D', 'p', 'h', 'x', '+', 'v', '^', '>']
        fig, ax = plt.subplots()
        for algorithm in algorithms:
",""
"Variable:utilities/Utility_Class.py:indexed","indexed","utilities/Utility_Class.py",31,31,"        fig, ax = plt.subplots()
        for algorithm in algorithms:
            indexed = algorithms.index(algorithm)
            algorithm_data = np.array(solutions_dict[(algorithm, instance)])
            if algorithm_names is None:
",""
"Variable:utilities/Utility_Class.py:algorithm_data","algorithm_data","utilities/Utility_Class.py",32,32,"        for algorithm in algorithms:
            indexed = algorithms.index(algorithm)
            algorithm_data = np.array(solutions_dict[(algorithm, instance)])
            if algorithm_names is None:
                ax.scatter(algorithm_data[:, 0], algorithm_data[:, 1], c=color_symbols[indexed],
",""
"Variable:utilities/Utility_Class.py:algorithm_index","algorithm_index","utilities/Utility_Class.py",37,37,"                           marker=marker_symbols[indexed], label=algorithm)
            else:
                algorithm_index = algorithms.index(algorithm)
                ax.scatter(algorithm_data[:, 0], algorithm_data[:, 1], c=color_symbols[indexed],
                           marker=marker_symbols[indexed], label=algorithm_names[algorithm_index])
",""
"Variable:utilities/Utility_Class.py:objectives_list","objectives_list","utilities/Utility_Class.py",52,52,"    def Pareto_figure_2D(self, solutions_dict, algorithms, instance, objectives, algorithm_names=None, local='upper left'):
        """"""画帕累托图""""""
        objectives_list = ['Makespan', 'Tardiness', 'Energy']
        color_symbols = ['b', 'g', 'r', 'c', 'm', 'y', 'k', 'orange', 'purple', 'brown', 'pink', 'gray']
        marker_symbols = ['*', 'o', 's', '<', 'D', 'p', 'h', 'x', '+', 'v', '^', '>']
",""
"Variable:utilities/Utility_Class.py:fig","fig","utilities/Utility_Class.py",79,79,"        color_symbols = ['b', 'g', 'r', 'c', 'm', 'y', 'k', 'orange', 'purple', 'brown', 'pink', 'gray']
        marker_symbols = ['*', 'o', 's', '<', 'D', 'p', 'h', 'x', '+', 'v', '^', '>']
        fig = plt.figure()
        ax = fig.add_subplot(111, projection='3d')
        for algorithm in algorithms:
",""
"Variable:utilities/Utility_Class.py:ax","ax","utilities/Utility_Class.py",80,80,"        marker_symbols = ['*', 'o', 's', '<', 'D', 'p', 'h', 'x', '+', 'v', '^', '>']
        fig = plt.figure()
        ax = fig.add_subplot(111, projection='3d')
        for algorithm in algorithms:
            indexed = algorithms.index(algorithm)
",""
"Variable:utilities/Utility_Class.py:formatter","formatter","utilities/Utility_Class.py",109,109,"        ax.zaxis._axinfo['juggled'] = (1, 2, 0)
        # 使用 ScalarFormatter 来设置科学计数法
        formatter = ScalarFormatter(useMathText=True)
        ax.xaxis.set_major_formatter(formatter)
        ax.yaxis.set_major_formatter(formatter)
",""
"Variable:utilities/Utility_Class.py:max_values","max_values","utilities/Utility_Class.py",125,125,"    def normalized_data(self, data, max_values):
        """"""根据各目标最大值归一化数据""""""
        max_values = self.to_numpy_array(max_values)
        data = self.to_numpy_array(data)
        # 对每个元素进行归一化操作
",""
"Variable:utilities/Utility_Class.py:data","data","utilities/Utility_Class.py",126,126,"        """"""根据各目标最大值归一化数据""""""
        max_values = self.to_numpy_array(max_values)
        data = self.to_numpy_array(data)
        # 对每个元素进行归一化操作
        normalized_data = data / max_values
",""
"Variable:utilities/Utility_Class.py:normalized_data","normalized_data","utilities/Utility_Class.py",128,128,"        data = self.to_numpy_array(data)
        # 对每个元素进行归一化操作
        normalized_data = data / max_values
        return normalized_data

",""
"Variable:utilities/Utility_Class.py:population","population","utilities/Utility_Class.py",133,133,"    def filter_pareto_front(self, population):
        """"""返回解集中的帕累托前沿解""""""
        population = self.to_numpy_array(population)
        pareto_front = []
        n = len(population)
",""
"Variable:utilities/Utility_Class.py:pareto_front","pareto_front","utilities/Utility_Class.py",134,134,"        """"""返回解集中的帕累托前沿解""""""
        population = self.to_numpy_array(population)
        pareto_front = []
        n = len(population)
        for i in range(n):
",""
"Variable:utilities/Utility_Class.py:n","n","utilities/Utility_Class.py",135,135,"        population = self.to_numpy_array(population)
        pareto_front = []
        n = len(population)
        for i in range(n):
            dominated = False
",""
"Variable:utilities/Utility_Class.py:dominated","dominated","utilities/Utility_Class.py",137,137,"        n = len(population)
        for i in range(n):
            dominated = False
            for j in range(n):
                if all(population[j] <= population[i]) and any(population[j] < population[i]):
",""
"Variable:utilities/Utility_Class.py:solutions_pareto","solutions_pareto","utilities/Utility_Class.py",154,154,"        """"""
        solutions_all.remove(solution)
        solutions_pareto = self.filter_pareto_front(solutions_all).tolist()
        return len(solutions_pareto)

",""
"Variable:utilities/Utility_Class.py:true_front","true_front","utilities/Utility_Class.py",169,169,"    def calculate_igd(self, true_front, population):
        """"""计算 IGD 值""""""
        true_front = self.to_numpy_array(true_front)
        population = self.to_numpy_array(population)
        igd = 0.0
",""
"Variable:utilities/Utility_Class.py:igd","igd","utilities/Utility_Class.py",171,171,"        true_front = self.to_numpy_array(true_front)
        population = self.to_numpy_array(population)
        igd = 0.0
        for true_point in true_front:
            min_distance = np.inf
",""
"Variable:utilities/Utility_Class.py:min_distance","min_distance","utilities/Utility_Class.py",173,173,"        igd = 0.0
        for true_point in true_front:
            min_distance = np.inf
            for point in population:
                distance = self.distance_square(true_point, point)
",""
"Variable:utilities/Utility_Class.py:distance","distance","utilities/Utility_Class.py",175,175,"            min_distance = np.inf
            for point in population:
                distance = self.distance_square(true_point, point)
                distance = np.sqrt(distance)
                if distance < min_distance:
",""
"Variable:utilities/Utility_Class.py:gd","gd","utilities/Utility_Class.py",187,187,"        true_front = self.to_numpy_array(true_front)
        population = self.to_numpy_array(population)
        gd = 0.0
        for point in population:
            min_distance = np.inf
",""
"Variable:utilities/Utility_Class.py:diaa","diaa","utilities/Utility_Class.py",203,203,"        true_front = self.to_numpy_array(true_front)
        population = self.to_numpy_array(population)
        diaa = []
        for point1 in population:
            min_distance = np.inf
",""
"Variable:utilities/Utility_Class.py:daa","daa","utilities/Utility_Class.py",212,212,"                    min_distance = distance
            diaa.append(min_distance)
        daa = np.mean(np.array(diaa))
        min_objectives_population = []
        min_objectives_true_front = []
",""
"Variable:utilities/Utility_Class.py:min_objectives_population","min_objectives_population","utilities/Utility_Class.py",213,213,"            diaa.append(min_distance)
        daa = np.mean(np.array(diaa))
        min_objectives_population = []
        min_objectives_true_front = []
        for i in range(len(true_front[0])):
",""
"Variable:utilities/Utility_Class.py:min_objectives_true_front","min_objectives_true_front","utilities/Utility_Class.py",214,214,"        daa = np.mean(np.array(diaa))
        min_objectives_population = []
        min_objectives_true_front = []
        for i in range(len(true_front[0])):
            min_index_population = np.argmin(population[:, i])
",""
"Variable:utilities/Utility_Class.py:min_index_population","min_index_population","utilities/Utility_Class.py",216,216,"        min_objectives_true_front = []
        for i in range(len(true_front[0])):
            min_index_population = np.argmin(population[:, i])
            min_index_true_front = np.argmin(true_front[:, i])
            min_objectives_population.append(population[min_index_population])
",""
"Variable:utilities/Utility_Class.py:min_index_true_front","min_index_true_front","utilities/Utility_Class.py",217,217,"        for i in range(len(true_front[0])):
            min_index_population = np.argmin(population[:, i])
            min_index_true_front = np.argmin(true_front[:, i])
            min_objectives_population.append(population[min_index_population])
            min_objectives_true_front.append(true_front[min_index_true_front])
",""
"Variable:utilities/Utility_Class.py:distance_sum","distance_sum","utilities/Utility_Class.py",220,220,"            min_objectives_population.append(population[min_index_population])
            min_objectives_true_front.append(true_front[min_index_true_front])
        distance_sum = 0
        for point1, point2 in zip(min_objectives_population, min_objectives_true_front):
            distance = self.distance_square(point1, point2)
",""
"Variable:utilities/Utility_Class.py:spread","spread","utilities/Utility_Class.py",225,225,"            distance = np.sqrt(distance)
            distance_sum += distance
        spread = (distance_sum + np.sum(np.abs(np.array(diaa) - daa))) / (distance_sum + len(population) * daa)
        return spread

",""
"Variable:utilities/Utility_Class.py:file_pkl","file_pkl","utilities/Utility_Class.py",230,230,"    def pickle_save(self, file_path, solutions):
        """"""将字典保存到文件中""""""
        file_pkl = file_path + "".pkl""
        with open(file_pkl, ""wb"") as f:
            pickle.dump(solutions, f)
",""
"Variable:utilities/Utility_Class.py:loaded_solutions","loaded_solutions","utilities/Utility_Class.py",238,238,"        file_pkl = file_path + "".pkl""
        with open(file_pkl, ""rb"") as f:
            loaded_solutions = pickle.load(f)
        return loaded_solutions

",""
"Variable:utilities/Utility_Class.py:data_frame","data_frame","utilities/Utility_Class.py",243,243,"    def csv_read(self, file_path, column_name):
        """"""读取csv文件的某列数据并存入列表""""""
        data_frame = pd.read_csv(file_path)
        column_data = data_frame[column_name].tolist()
        return column_data
",""
"Variable:utilities/Utility_Class.py:column_data","column_data","utilities/Utility_Class.py",244,244,"        """"""读取csv文件的某列数据并存入列表""""""
        data_frame = pd.read_csv(file_path)
        column_data = data_frame[column_name].tolist()
        return column_data

",""
"Variable:utilities/Utility_Class.py:x_data","x_data","utilities/Utility_Class.py",256,256,"
    def plot_csv_data(self):
        x_data = []
        y_data = []

",""
"Variable:utilities/Utility_Class.py:y_data","y_data","utilities/Utility_Class.py",257,257,"    def plot_csv_data(self):
        x_data = []
        y_data = []

        with open(self.csv_file, 'r') as file:
",""
"Variable:utilities/Utility_Class.py:reader","reader","utilities/Utility_Class.py",260,260,"
        with open(self.csv_file, 'r') as file:
            reader = csv.reader(file)
            header = next(reader)  # 跳过表头
            x_index = header.index(self.x_column)
",""
"Variable:utilities/Utility_Class.py:header","header","utilities/Utility_Class.py",261,261,"        with open(self.csv_file, 'r') as file:
            reader = csv.reader(file)
            header = next(reader)  # 跳过表头
            x_index = header.index(self.x_column)
            y_index = header.index(self.y_column)
",""
"Variable:utilities/Utility_Class.py:x_index","x_index","utilities/Utility_Class.py",262,262,"            reader = csv.reader(file)
            header = next(reader)  # 跳过表头
            x_index = header.index(self.x_column)
            y_index = header.index(self.y_column)

",""
"Variable:utilities/Utility_Class.py:y_index","y_index","utilities/Utility_Class.py",263,263,"            header = next(reader)  # 跳过表头
            x_index = header.index(self.x_column)
            y_index = header.index(self.y_column)

            for row in reader:
",""
"Variable:utilities/Utility_Class.py:width","width","utilities/Utility_Class.py",289,289,"    def figure(self):
        """"""画甘特图""""""
        width = 12
        fig, ax = plt.subplots(figsize=(width, 6))  # Create a subplot with more vertical space
        colors = ['#1f77b4', '#ff7f0e', '#2ca02c']  # Professional color palette
",""
"Variable:utilities/Utility_Class.py:colors","colors","utilities/Utility_Class.py",291,291,"        width = 12
        fig, ax = plt.subplots(figsize=(width, 6))  # Create a subplot with more vertical space
        colors = ['#1f77b4', '#ff7f0e', '#2ca02c']  # Professional color palette
        kinds = ['K38A', 'K38B', 'K50']
        machines = ['M' + str(m + 1) for m in self.machine_tuple]
",""
"Variable:utilities/Utility_Class.py:kinds","kinds","utilities/Utility_Class.py",292,292,"        fig, ax = plt.subplots(figsize=(width, 6))  # Create a subplot with more vertical space
        colors = ['#1f77b4', '#ff7f0e', '#2ca02c']  # Professional color palette
        kinds = ['K38A', 'K38B', 'K50']
        machines = ['M' + str(m + 1) for m in self.machine_tuple]

",""
"Variable:utilities/Utility_Class.py:machines","machines","utilities/Utility_Class.py",293,293,"        colors = ['#1f77b4', '#ff7f0e', '#2ca02c']  # Professional color palette
        kinds = ['K38A', 'K38B', 'K50']
        machines = ['M' + str(m + 1) for m in self.machine_tuple]

        # Plot tasks
",""
"Variable:utilities/Utility_Class.py:kind","kind","utilities/Utility_Class.py",298,298,"        for machine, machine_object in self.machine_dict.items():
            for task_object in machine_object.task_list:
                kind = task_object.kind
                bar_width = task_object.time_end - task_object.time_begin
                bar_mid = task_object.time_begin + bar_width / 2
",""
"Variable:utilities/Utility_Class.py:bar_width","bar_width","utilities/Utility_Class.py",299,299,"            for task_object in machine_object.task_list:
                kind = task_object.kind
                bar_width = task_object.time_end - task_object.time_begin
                bar_mid = task_object.time_begin + bar_width / 2
                ax.barh(machines[machine], bar_width,
",""
"Variable:utilities/Utility_Class.py:bar_mid","bar_mid","utilities/Utility_Class.py",300,300,"                kind = task_object.kind
                bar_width = task_object.time_end - task_object.time_begin
                bar_mid = task_object.time_begin + bar_width / 2
                ax.barh(machines[machine], bar_width,
                        left=task_object.time_begin, height=0.4,  # Less height for a slimmer bar
",""
"Variable:utilities/Utility_Class.py:legend_patches","legend_patches","utilities/Utility_Class.py",310,310,"
        # Create the legend with hatch pattern for 'Machine breakdown'
        legend_patches = [mpatches.Patch(color=colors[i], label=kinds[i]) for i in range(len(kinds))]
        ax.legend(handles=legend_patches, loc='best', fontsize='medium', handlelength=2, handletextpad=1)

",""
"Variable:utilities/Utility_Class.py:breakdown_hatch","breakdown_hatch","utilities/Utility_Class.py",364,364,"        kinds = ['K38A', 'K38B', 'K50', 'Machine breakdown']
        machines = ['M' + str(m + 1) for m in self.machine_tuple]
        breakdown_hatch = '//'  # Hatch pattern for breakdowns

        # Plot tasks
",""
"Variable:utilities/Utility_Class.py:breakdowns","breakdowns","utilities/Utility_Class.py",381,381,"        # Plot breakdown times
        for machine in self.machine_tuple:
            breakdowns = self.object.breakdown_m_dict.get(machine, [])
            for breakdown_start, breakdown_end in breakdowns:
                if breakdown_start < self.object.machine_dict[machine].time_end:
",""
"Variable:utilities/Utility_Class.py:writer","writer","utilities/Utility_Class.py",411,411,"    def add_data(self, data):
        with open(self.file_name, mode='a', newline='') as file:
            writer = csv.writer(file)
            writer.writerow(data)

",""
"Variable:utilities/Utility_Class.py:kind_task_tuple","kind_task_tuple","utilities/Utility_Class.py",434,434,"    def process(self):
        """"""生成额外索引""""""
        kind_task_tuple = tuple((r, j) for r in self.kind_tuple for j in self.task_r_dict[r])  # 工序类型元组
        kind_task_m_dict = {m: tuple((r, j) for (r, j) in kind_task_tuple if m in self.machine_rj_dict[(r, j)]) for m in self.machine_tuple}
        time_mrj_dict = {m: {(r, j): self.time_rjm_dict[(r, j)][m] for (r, j) in kind_task_m_dict[m]} for m in self.machine_tuple}
",""
"Variable:utilities/Utility_Class.py:kind_task_m_dict","kind_task_m_dict","utilities/Utility_Class.py",435,435,"        """"""生成额外索引""""""
        kind_task_tuple = tuple((r, j) for r in self.kind_tuple for j in self.task_r_dict[r])  # 工序类型元组
        kind_task_m_dict = {m: tuple((r, j) for (r, j) in kind_task_tuple if m in self.machine_rj_dict[(r, j)]) for m in self.machine_tuple}
        time_mrj_dict = {m: {(r, j): self.time_rjm_dict[(r, j)][m] for (r, j) in kind_task_m_dict[m]} for m in self.machine_tuple}
        time_rj_dict = {(r, j): sum([time_mrj_dict[m][(r, j)] for m in self.machine_rj_dict[(r, j)]]) / len(self.machine_rj_dict[(r, j)]) for (r, j) in kind_task_tuple}
",""
"Variable:utilities/Utility_Class.py:time_mrj_dict","time_mrj_dict","utilities/Utility_Class.py",436,436,"        kind_task_tuple = tuple((r, j) for r in self.kind_tuple for j in self.task_r_dict[r])  # 工序类型元组
        kind_task_m_dict = {m: tuple((r, j) for (r, j) in kind_task_tuple if m in self.machine_rj_dict[(r, j)]) for m in self.machine_tuple}
        time_mrj_dict = {m: {(r, j): self.time_rjm_dict[(r, j)][m] for (r, j) in kind_task_m_dict[m]} for m in self.machine_tuple}
        time_rj_dict = {(r, j): sum([time_mrj_dict[m][(r, j)] for m in self.machine_rj_dict[(r, j)]]) / len(self.machine_rj_dict[(r, j)]) for (r, j) in kind_task_tuple}
        return kind_task_m_dict, kind_task_tuple, time_mrj_dict, time_rj_dict
",""
"Variable:utilities/Utility_Class.py:time_rj_dict","time_rj_dict","utilities/Utility_Class.py",437,437,"        kind_task_m_dict = {m: tuple((r, j) for (r, j) in kind_task_tuple if m in self.machine_rj_dict[(r, j)]) for m in self.machine_tuple}
        time_mrj_dict = {m: {(r, j): self.time_rjm_dict[(r, j)][m] for (r, j) in kind_task_m_dict[m]} for m in self.machine_tuple}
        time_rj_dict = {(r, j): sum([time_mrj_dict[m][(r, j)] for m in self.machine_rj_dict[(r, j)]]) / len(self.machine_rj_dict[(r, j)]) for (r, j) in kind_task_tuple}
        return kind_task_m_dict, kind_task_tuple, time_mrj_dict, time_rj_dict

",""
"Variable:utilities/Utility_Class.py:nums","nums","utilities/Utility_Class.py",442,442,"    def str_int_tuple(self, s):
        """"""字符串中提取数字并转为int类型元组""""""
        nums = [int(i) for i in re.findall(r'\d+', s)]
        return tuple(nums)

",""
"Variable:utilities/Utility_Class.py:data_file","data_file","utilities/Utility_Class.py",452,452,"    def read(self, csv_name):
        """"""读取文件数据""""""
        data_file = os.path.join(self.path, self.file_name, csv_name)
        with open(data_file, 'r') as f:
            reader = csv.reader(f)
",""
"Variable:utilities/Utility_Class.py:rows","rows","utilities/Utility_Class.py",455,455,"        with open(data_file, 'r') as f:
            reader = csv.reader(f)
            rows = []
            for row in reader:
                rows.append(row)
",""
"Variable:utilities/Utility_Class.py:kind_count","kind_count","utilities/Utility_Class.py",459,459,"                rows.append(row)
        if csv_name == 'based_data.csv':
            kind_count = self.str_int(rows[1][0])
            machine_count = self.str_int(rows[1][1])
            order_count = self.str_int(rows[1][2])
",""
"Variable:utilities/Utility_Class.py:machine_count","machine_count","utilities/Utility_Class.py",460,460,"        if csv_name == 'based_data.csv':
            kind_count = self.str_int(rows[1][0])
            machine_count = self.str_int(rows[1][1])
            order_count = self.str_int(rows[1][2])
            DDT = self.str_int(rows[1][3])
",""
"Variable:utilities/Utility_Class.py:order_count","order_count","utilities/Utility_Class.py",461,461,"            kind_count = self.str_int(rows[1][0])
            machine_count = self.str_int(rows[1][1])
            order_count = self.str_int(rows[1][2])
            DDT = self.str_int(rows[1][3])
            return kind_count, machine_count, order_count, DDT
",""
"Variable:utilities/Utility_Class.py:DDT","DDT","utilities/Utility_Class.py",462,462,"            machine_count = self.str_int(rows[1][1])
            order_count = self.str_int(rows[1][2])
            DDT = self.str_int(rows[1][3])
            return kind_count, machine_count, order_count, DDT
        elif csv_name == 'process_data.csv':
",""
"Variable:utilities/Utility_Class.py:task_r_dict","task_r_dict","utilities/Utility_Class.py",465,465,"            return kind_count, machine_count, order_count, DDT
        elif csv_name == 'process_data.csv':
            task_r_dict = {kind: [] for kind in self.kind_tuple}
            machine_rj_dict = {}
            time_rjm_dict = {}
",""
"Variable:utilities/Utility_Class.py:machine_rj_dict","machine_rj_dict","utilities/Utility_Class.py",466,466,"        elif csv_name == 'process_data.csv':
            task_r_dict = {kind: [] for kind in self.kind_tuple}
            machine_rj_dict = {}
            time_rjm_dict = {}
            for row in rows[1:]:
",""
"Variable:utilities/Utility_Class.py:time_rjm_dict","time_rjm_dict","utilities/Utility_Class.py",467,467,"            task_r_dict = {kind: [] for kind in self.kind_tuple}
            machine_rj_dict = {}
            time_rjm_dict = {}
            for row in rows[1:]:
                kind = self.str_int(row[0])
",""
"Variable:utilities/Utility_Class.py:task","task","utilities/Utility_Class.py",470,470,"            for row in rows[1:]:
                kind = self.str_int(row[0])
                task = self.str_int(row[1])
                machine_str = self.str_int_tuple(row[2])
                time_str = self.str_int_tuple(row[3])
",""
"Variable:utilities/Utility_Class.py:machine_str","machine_str","utilities/Utility_Class.py",471,471,"                kind = self.str_int(row[0])
                task = self.str_int(row[1])
                machine_str = self.str_int_tuple(row[2])
                time_str = self.str_int_tuple(row[3])
                task_r_dict[kind].append(task)
",""
"Variable:utilities/Utility_Class.py:time_str","time_str","utilities/Utility_Class.py",472,472,"                task = self.str_int(row[1])
                machine_str = self.str_int_tuple(row[2])
                time_str = self.str_int_tuple(row[3])
                task_r_dict[kind].append(task)
                machine_rj_dict[(kind, task)] = machine_str
",""
"Variable:utilities/Utility_Class.py:time_machine","time_machine","utilities/Utility_Class.py",481,481,"            for kind in self.kind_tuple:
                for task in task_r_dict[kind]:
                    time_machine = {}
                    for machine, time in zip(machine_rj_dict[(kind, task)], time_rjm_dict[(kind, task)]):
                        time_machine[machine] = time
",""
"Variable:utilities/Utility_Class.py:count_sr_dict","count_sr_dict","utilities/Utility_Class.py",487,487,"            return task_r_dict, machine_rj_dict, time_rjm_dict
        else:
            count_sr_dict = {}
            time_arrive_s_dict = {}
            time_delivery_s_dict = {}
",""
"Variable:utilities/Utility_Class.py:time_arrive_s_dict","time_arrive_s_dict","utilities/Utility_Class.py",488,488,"        else:
            count_sr_dict = {}
            time_arrive_s_dict = {}
            time_delivery_s_dict = {}
            for row in rows[1:]:
",""
"Variable:utilities/Utility_Class.py:time_delivery_s_dict","time_delivery_s_dict","utilities/Utility_Class.py",489,489,"            count_sr_dict = {}
            time_arrive_s_dict = {}
            time_delivery_s_dict = {}
            for row in rows[1:]:
                order = self.str_int(row[0])
",""
"Variable:utilities/Utility_Class.py:order","order","utilities/Utility_Class.py",491,491,"            time_delivery_s_dict = {}
            for row in rows[1:]:
                order = self.str_int(row[0])
                time_arrive = self.str_int(row[1])
                time_delivery = self.str_int(row[2])
",""
"Variable:utilities/Utility_Class.py:time_arrive","time_arrive","utilities/Utility_Class.py",492,492,"            for row in rows[1:]:
                order = self.str_int(row[0])
                time_arrive = self.str_int(row[1])
                time_delivery = self.str_int(row[2])
                kind_count = self.str_int_tuple(row[3])
",""
"Variable:utilities/Utility_Class.py:time_delivery","time_delivery","utilities/Utility_Class.py",493,493,"                order = self.str_int(row[0])
                time_arrive = self.str_int(row[1])
                time_delivery = self.str_int(row[2])
                kind_count = self.str_int_tuple(row[3])
                count_sr_dict[order] = kind_count
",""
"Variable:utilities/Utility_Class.py:data_process","data_process","utilities/Utility_Class.py",508,508,"    # result_data = AddData(path_file_name)
    # result_data.add_data(data_training)
    data_process = DataProcess()
    population = np.array([[283, 6315], [276, 6621], [267, 6373], [282, 6295], [301, 6638], [276, 6621], [304, 6850]])
    print(data_process.filter_pareto_front(population))
",""
"Variable:utilities/Utility_Functions.py:mean_reward","mean_reward","utilities/Utility_Functions.py",20,20,"def standardized_rewards(rewards):
    """"""标准化回报，均值为0，标准差为1""""""
    mean_reward = np.mean(rewards)
    std_reward = np.std(rewards)
    return (rewards - mean_reward) / (std_reward + 1e-8)  # 1e-8 added for stability
",""
"Variable:utilities/Utility_Functions.py:std_reward","std_reward","utilities/Utility_Functions.py",21,21,"    """"""标准化回报，均值为0，标准差为1""""""
    mean_reward = np.mean(rewards)
    std_reward = np.std(rewards)
    return (rewards - mean_reward) / (std_reward + 1e-8)  # 1e-8 added for stability

",""
"Variable:utilities/Utility_Functions.py:max_value","max_value","utilities/Utility_Functions.py",27,27,"def normalized_rewards(rewards):
    """"""归一化回报值""""""
    max_value = np.max(rewards)
    min_value = np.min(rewards)
    rewards -= min_value
",""
"Variable:utilities/Utility_Functions.py:min_value","min_value","utilities/Utility_Functions.py",28,28,"    """"""归一化回报值""""""
    max_value = np.max(rewards)
    min_value = np.min(rewards)
    rewards -= min_value
    rewards = rewards.astype(float)
",""
"Variable:utilities/Utility_Functions.py:rewards","rewards","utilities/Utility_Functions.py",30,30,"    min_value = np.min(rewards)
    rewards -= min_value
    rewards = rewards.astype(float)
    rewards /= (max_value - min_value + 1e-5)
    return rewards
",""
"Variable:utilities/Utility_Functions.py:action_distribution","action_distribution","utilities/Utility_Functions.py",39,39,"    if action_types == ""DISCRETE"":
        assert actor_output.size()[1] == action_size, ""Actor output the wrong size""
        action_distribution = Categorical(actor_output)  # this creates a distribution to sample from
    else:
        assert actor_output.size()[1] == action_size * 2, ""Actor output the wrong size""
",""
"Variable:utilities/Utility_Functions.py:means","means","utilities/Utility_Functions.py",42,42,"    else:
        assert actor_output.size()[1] == action_size * 2, ""Actor output the wrong size""
        means = actor_output[:, :action_size].squeeze(0)
        stds = actor_output[:,  action_size:].squeeze(0)
        if len(means.shape) == 2:
",""
"Variable:utilities/Utility_Functions.py:stds","stds","utilities/Utility_Functions.py",43,43,"        assert actor_output.size()[1] == action_size * 2, ""Actor output the wrong size""
        means = actor_output[:, :action_size].squeeze(0)
        stds = actor_output[:,  action_size:].squeeze(0)
        if len(means.shape) == 2:
            means = means.squeeze(-1)
",""
"Variable:utilities/Utility_Functions.py:state","state","utilities/Utility_Functions.py",62,62,"        for group in self.param_groups:
            for p in group['params']:
                state = self.state[p]
                state['step'] = torch.zeros(1)
                state['exp_avg'] = p.data.new().resize_as_(p.data).zero_()
",""
"Variable:utilities/Utility_Functions.py:loss","loss","utilities/Utility_Functions.py",80,80,"            closure (callable, optional): A closure that reevaluates the model and returns the loss.
        """"""
        loss = None
        if closure is not None:
            loss = closure()
",""
"Variable:utilities/Utility_Functions.py:grad","grad","utilities/Utility_Functions.py",87,87,"                if p.grad is None:
                    continue
                grad = p.grad
                amsgrad = group['amsgrad']
                state = self.state[p]
",""
"Variable:utilities/Utility_Functions.py:amsgrad","amsgrad","utilities/Utility_Functions.py",88,88,"                    continue
                grad = p.grad
                amsgrad = group['amsgrad']
                state = self.state[p]
                exp_avg, exp_avg_sq = state['exp_avg'], state['exp_avg_sq']
",""
"Variable:utilities/Utility_Functions.py:max_exp_avg_sq","max_exp_avg_sq","utilities/Utility_Functions.py",92,92,"                exp_avg, exp_avg_sq = state['exp_avg'], state['exp_avg_sq']
                if amsgrad:
                    max_exp_avg_sq = state['max_exp_avg_sq']
                beta1, beta2 = group['betas']
                state['step'] += 1
",""
"Variable:utilities/Utility_Functions.py:denom","denom","utilities/Utility_Functions.py",104,104,"                    torch.max(max_exp_avg_sq, exp_avg_sq, out=max_exp_avg_sq)
                    # Use the max. for normalizing running avg. of gradient
                    denom = max_exp_avg_sq.sqrt().add_(group['eps'])
                else:
                    denom = exp_avg_sq.sqrt().add_(group['eps'])
",""
"Variable:utilities/Utility_Functions.py:bias_correction1","bias_correction1","utilities/Utility_Functions.py",107,107,"                else:
                    denom = exp_avg_sq.sqrt().add_(group['eps'])
                bias_correction1 = 1 - beta1 ** state['step'].item()
                bias_correction2 = 1 - beta2 ** state['step'].item()
                step_size = group['lr'] * math.sqrt(bias_correction2) / bias_correction1
",""
"Variable:utilities/Utility_Functions.py:bias_correction2","bias_correction2","utilities/Utility_Functions.py",108,108,"                    denom = exp_avg_sq.sqrt().add_(group['eps'])
                bias_correction1 = 1 - beta1 ** state['step'].item()
                bias_correction2 = 1 - beta2 ** state['step'].item()
                step_size = group['lr'] * math.sqrt(bias_correction2) / bias_correction1
                p.data.addcdiv_(exp_avg, denom, value=-step_size)
",""
"Variable:utilities/Utility_Functions.py:step_size","step_size","utilities/Utility_Functions.py",109,109,"                bias_correction1 = 1 - beta1 ** state['step'].item()
                bias_correction2 = 1 - beta2 ** state['step'].item()
                step_size = group['lr'] * math.sqrt(bias_correction2) / bias_correction1
                p.data.addcdiv_(exp_avg, denom, value=-step_size)
        return loss
",""
"Variable:utilities/Utility_Functions.py:flattened_action_id_to_actions","flattened_action_id_to_actions","utilities/Utility_Functions.py",116,116,"def flatten_action_id_to_actions(action_id_to_actions, global_action_id_to_primitive_action, num_primitive_actions):
    """"""将action_id_to_actions字典中的值转换回它们所表示的基本动作""""""
    flattened_action_id_to_actions = {}
    for key in action_id_to_actions.keys():
        actions = action_id_to_actions[key]
",""
"Variable:utilities/Utility_Functions.py:actions","actions","utilities/Utility_Functions.py",118,118,"    flattened_action_id_to_actions = {}
    for key in action_id_to_actions.keys():
        actions = action_id_to_actions[key]
        raw_actions = backtrack_action_to_primitive_actions(actions, global_action_id_to_primitive_action, num_primitive_actions)
        flattened_action_id_to_actions[key] = raw_actions
",""
"Variable:utilities/Utility_Functions.py:raw_actions","raw_actions","utilities/Utility_Functions.py",119,119,"    for key in action_id_to_actions.keys():
        actions = action_id_to_actions[key]
        raw_actions = backtrack_action_to_primitive_actions(actions, global_action_id_to_primitive_action, num_primitive_actions)
        flattened_action_id_to_actions[key] = raw_actions
    return flattened_action_id_to_actions
",""
"Variable:utilities/Utility_Functions.py:primitive_actions","primitive_actions","utilities/Utility_Functions.py",127,127,"    """"""Converts an action tuple back to the primitive actions it represents in a recursive way.""""""
    print(""Recursing to backtrack on "", action_tuple)
    primitive_actions = range(num_primitive_actions)
    if all(action in primitive_actions for action in action_tuple): return action_tuple #base case
    new_action_tuple = []
",""
"Variable:utilities/Utility_Functions.py:new_action_tuple","new_action_tuple","utilities/Utility_Functions.py",129,129,"    primitive_actions = range(num_primitive_actions)
    if all(action in primitive_actions for action in action_tuple): return action_tuple #base case
    new_action_tuple = []
    for action in action_tuple:
        if action in primitive_actions: new_action_tuple.append(action)
",""
"Variable:utilities/Utility_Functions.py:converted_action","converted_action","utilities/Utility_Functions.py",133,133,"        if action in primitive_actions: new_action_tuple.append(action)
        else:
            converted_action = global_action_id_to_primitive_action[action]
            print(new_action_tuple)
            new_action_tuple.extend(converted_action)
",""
"Variable:utilities/data_structures/Config.py:parameters","parameters","utilities/data_structures/Config.py",19,136,"    def hyper_parameter(self):
        """"""算法超参数""""""
        parameters = {
            ""PPO"": {
                ""policy_update_round"": 10,
                ""num_episodes_to_run"": 2000,
                ""tau"": 0.005,
                ""learning_rate"": 0.003,
                ""discount_rate"": 1.0,
                ""buffer_size"": 10000,
                ""episodes_per_learning_round"": 10,
                ""learning_iterations_per_round"": 10,
                ""learning_iterations_per_round_actor"": 10,
                ""learning_iterations_per_round_critic"": 10,
                ""clip_epsilon"": 0.2,
                ""mu"": 0,
                ""theta"": 0.15,
                ""sigma"": 0.2,
                ""epsilon_decay_rate_denominator"": 10,
                ""clip_rewards"": False,
                ""normalized_rewards"": True,
                ""standardized_rewards"": True,
                ""gradient_clipping_norm"": 10.0
            },
            ""A3C"": {
                ""learning_rate"": 0.0005,
                ""discount_rate"": 0.99,
                ""num_episodes_to_run"": 1200,
                ""gradient_clipping_norm"": 1.0,
                ""clip_rewards"": True,
                ""normalise_rewards"": True,
                ""epsilon_decay_rate_denominator"": 1.0,
                ""exploration_worker_difference"": 2.0
            },
            ""DA3C"": {
                ""learning_rate"": 0.003,
                ""discount_rate"": 0.99,
                ""num_episodes_to_run"": 1200,
                ""gradient_clipping_norm"": 1.0,
                ""clip_rewards"": True,
                ""normalise_rewards"": True,
                ""epsilon_decay_rate_denominator"": 1.0,
                ""exploration_worker_difference"": 2.0
            },
            ""MP_PPO"": {
                ""actor_number"": 5,
                ""policy_update_round"": 10,
                ""num_episodes_to_run"": 1000,
                ""tau"": 0.005,
                ""learning_rate"": 0.0003,
                ""discount_rate"": 0.99,
                ""buffer_size"": 10000,
                ""batch_size"": 256,
                ""episodes_per_learning_round"": 10,
                ""learning_iterations_per_round"": 10,
                ""learning_iterations_per_round_actor"": 10,
                ""learning_iterations_per_round_critic"": 10,
                ""clip_epsilon"": 0.2,
                ""mu"": 0,
                ""theta"": 0.15,
                ""sigma"": 0.2,
                ""epsilon_decay_rate_denominator"": 10,
                ""clip_rewards"": False,
                ""normalized_rewards"": True,
                ""standardized_rewards"": True,
                ""gradient_clipping_norm"": 1.0
            },
            ""HMP_SAC"": {
                ""num_episodes_to_run"": 2000,
                ""learning_rate"": 0.0003,
                ""discount_rate"": 0.99,
                ""buffer_size"": 10000,
                ""batch_size"": 256,
                ""gradient_clipping_norm"": 1.0,
                ""min_steps_before_learning"": 10000,
                ""tau"": 0.005,
                ""learning_updates_per_learning_session"": 10,
                ""update_every_n_steps"": 1000,
                ""add_extra_noise"": False,
                ""do_evaluation_iterations"": False,
                ""entropy_term_weight"": 0,
                ""normalized_rewards"": True,
                ""standardized_rewards"": True,
                ""automatically_tune_entropy_hyper_parameter"": True
            },
            ""DDQN"": {
                ""num_episodes_to_run"": 1000,
                ""gradient_clipping_norm"": 5.0,
                ""tau"": 0.005,
                ""buffer_size"": 100000,
                ""batch_size"": 1280,
                ""learning_iterations"": 1,
                ""update_every_n_steps"": 10,
                ""epsilon_decay_rate_denominator"": 10,
                ""learning_rate"": 0.000001,
                ""discount_rate"": 1
            },
            ""MPTD3"": {
                ""learning_rate"": 0.0003,
                ""discount_rate"": 0.99,
                ""gradient_clipping_norm"": 5.0,
                ""tau"": 0.005,
                ""actor_number"": 5,
                ""action_size"": 1,
                ""state_size"": 24,
                ""num_episodes_to_run"": 2000,
                ""buffer_size"": 10000,
                ""batch_size"": 256,
                ""buffer_size_critic"": 50000,
                ""batch_size_critic"": 1280,
                ""mu"": 0,
                ""theta"": 0.15,
                ""sigma"": 0.2,
                ""action_noise_std"": 0.2,
                ""action_noise_clipping_range"": 0.5,
                ""update_every_n_steps"": 5,
                ""learning_updates_per_learning_session"": 5,
                ""delay_update"": 20
            }
        }

        return parameters
",""
"Variable:utilities/data_structures/Replay_Buffer.py:experiences","experiences","utilities/data_structures/Replay_Buffer.py",23,24,"        if type(dones) == list:
            assert type(dones[0]) != list, ""A done shouldn't be a list""
            experiences = [self.experience(state, action, reward, next_state, done)
                           for state, action, reward, next_state, done in zip(states, actions, rewards, next_states, dones)]
            self.memory.extend(experiences)
        else:
",""
"Variable:utilities/data_structures/Replay_Buffer.py:experience","experience","utilities/data_structures/Replay_Buffer.py",27,27,"            self.memory.extend(experiences)
        else:
            experience = self.experience(states, actions, rewards, next_states, dones)
            self.memory.append(experience)

",""
"Variable:utilities/data_structures/Replay_Buffer.py:states","states","utilities/data_structures/Replay_Buffer.py",41,41,"    def separate_out_data_types(self, experiences):
        """"""将采样经验转换为PyTorch神经网络的正确格式""""""
        states = torch.from_numpy(np.vstack([e.state for e in experiences if e is not None])).float().to(self.device)
        actions = torch.from_numpy(np.vstack([e.action for e in experiences if e is not None])).float().to(self.device)
        rewards = torch.from_numpy(np.vstack([e.reward for e in experiences if e is not None])).float().to(self.device)
",""
"Variable:utilities/data_structures/Replay_Buffer.py:actions","actions","utilities/data_structures/Replay_Buffer.py",42,42,"        """"""将采样经验转换为PyTorch神经网络的正确格式""""""
        states = torch.from_numpy(np.vstack([e.state for e in experiences if e is not None])).float().to(self.device)
        actions = torch.from_numpy(np.vstack([e.action for e in experiences if e is not None])).float().to(self.device)
        rewards = torch.from_numpy(np.vstack([e.reward for e in experiences if e is not None])).float().to(self.device)
        next_states = torch.from_numpy(np.vstack([e.next_state for e in experiences if e is not None])).float().to(self.device)
",""
"Variable:utilities/data_structures/Replay_Buffer.py:rewards","rewards","utilities/data_structures/Replay_Buffer.py",43,43,"        states = torch.from_numpy(np.vstack([e.state for e in experiences if e is not None])).float().to(self.device)
        actions = torch.from_numpy(np.vstack([e.action for e in experiences if e is not None])).float().to(self.device)
        rewards = torch.from_numpy(np.vstack([e.reward for e in experiences if e is not None])).float().to(self.device)
        next_states = torch.from_numpy(np.vstack([e.next_state for e in experiences if e is not None])).float().to(self.device)
        dones = torch.from_numpy(np.vstack([int(e.done) for e in experiences if e is not None])).float().to(self.device)
",""
"Variable:utilities/data_structures/Replay_Buffer.py:next_states","next_states","utilities/data_structures/Replay_Buffer.py",44,44,"        actions = torch.from_numpy(np.vstack([e.action for e in experiences if e is not None])).float().to(self.device)
        rewards = torch.from_numpy(np.vstack([e.reward for e in experiences if e is not None])).float().to(self.device)
        next_states = torch.from_numpy(np.vstack([e.next_state for e in experiences if e is not None])).float().to(self.device)
        dones = torch.from_numpy(np.vstack([int(e.done) for e in experiences if e is not None])).float().to(self.device)
        
",""
"Variable:utilities/data_structures/Replay_Buffer.py:dones","dones","utilities/data_structures/Replay_Buffer.py",45,45,"        rewards = torch.from_numpy(np.vstack([e.reward for e in experiences if e is not None])).float().to(self.device)
        next_states = torch.from_numpy(np.vstack([e.next_state for e in experiences if e is not None])).float().to(self.device)
        dones = torch.from_numpy(np.vstack([int(e.done) for e in experiences if e is not None])).float().to(self.device)
        
        return states, actions, rewards, next_states, dones
",""
"Variable:utilities/data_structures/Replay_Buffer.py:batch_size","batch_size","utilities/data_structures/Replay_Buffer.py",52,52,"        """"""随机采样batch_size条经验""""""
        if num_experiences is not None:
            batch_size = num_experiences
        else:
            batch_size = self.batch_size
",""
